Wed May 06 16:09:37 +0000 2015,A promise kept the #76ers from drafting Paul Pierce in '98 in order to take....Larry Hughes? http://t.co/CsI1hJ8vVz via @247Sports #NBA
Wed May 06 16:08:18 +0000 2015,#76ers #Philadelphia76ers #Sixers New Philadelphia 76ers Rumors. Wednesday, May 6 2015 http://t.co/qGVklPKHfG
Wed May 06 16:01:41 +0000 2015,#Sixers #76ers SG-SF Jason Richardson open to re-signing in UFA, envisions a role similar to the one he had this season.
Wed May 06 15:53:11 +0000 2015,#Sixers #76ers rookie C-PF Nerlens Noel said he would like to see the team improve its outside shooting through the draft.
Wed May 06 15:49:31 +0000 2015,#NBA #76ers- Vintage Reebok NBA XXL Philadelphia 76ers Allen Iverson Sewn Jersey Pro Cu... http://t.co/Cg0GFCWaw7 http://t.co/k33Sm3HFUt
Wed May 06 15:49:31 +0000 2015,#NBA #76ers- VINTAGE PHILADELPHIA 76ERS MITCHELL &amp; NESS SWEATSHIRT 48 XL:  $19.99End Da... http://t.co/KIVXidRl9Y http://t.co/k33Sm3HFUt
Wed May 06 15:49:31 +0000 2015,#NBA #76ers- NEW WT NBA PHILADELPHIA SIXERS 76ERS GRAY COTTON BLEND T-SHIRT BOYS 3T:  $... http://t.co/xWEBTW9Waz http://t.co/k33Sm3HFUt
Wed May 06 15:43:42 +0000 2015,#Sixers #76ers head coach Brett Brown said rookie SF-PF Jerami Grant and rookie SF-PG-SG JaKarr Sampson are keepers.
Wed May 06 15:40:49 +0000 2015,Report: #Sixers #76ers owner Josh Harris is under no pressure to win the short term since they have a steady flow of revenue.
Wed May 06 15:40:05 +0000 2015,#Sixers #76ers owner said he hasn't had any talks about an extension for coach Brown. Wouldn't rule one out, said he's exceeded expectaions.
Wed May 06 15:37:11 +0000 2015,#76ers #Philadelphia76ers #Sixers 76ers Passed On Paul Pierce In 1998 Due To Larry Hughes' Promise http://t.co/ihI4jTNfYY
Wed May 06 14:26:49 +0000 2015,#NBA #76ers- Philadelphia 76ers New Era Captian America Fitted 7 3/8 NBA Hat  NEW:  $17... http://t.co/BozaZLPBqN http://t.co/k33Sm3q52V
Wed May 06 14:26:49 +0000 2015,#NBA #76ers- REEBOK NBA PHILADELPHIA SIXERS 76ERS #3 ALLEN IVERSON JERSEY SIZE YOUTH m ... http://t.co/P1ydmbqt0E http://t.co/k33Sm3HFUt
Wed May 06 14:26:49 +0000 2015,#NBA #76ers- Philadelphia 76ers Majestic Warm Up Jacket 2XL NBA Hardwood Classic Button... http://t.co/fzHI7vBSKt http://t.co/k33Sm3HFUt
Wed May 06 14:08:09 +0000 2015,#76ers #Philadelphia76ers #Sixers Sixers Tinder: Luc Mbah a Moute Makes Sense To Keep Around http://t.co/wEYdXv0M3z
Wed May 06 13:36:28 +0000 2015,Report: The only tension between #Sixers #76ers head coach Brett Brown and the front office is minimal.
Wed May 06 13:35:49 +0000 2015,Report: #Sixers #76ers head coach Brett Brown wasn't fully supportive of deadline trade that sent PG Michael Carter-Williams to #Bucks.
Wed May 06 11:40:06 +0000 2015,#NBA #76ers- Rare NIKE Men's ALLEN IVERSON PHILADELPHIA 76ers REWIND SWINGMAN JERSEY sz... http://t.co/CjBlpUjhQi http://t.co/k33Sm3HFUt
Wed May 06 09:19:22 +0000 2015,#NBA #76ers- Rare Vintage Champion PHILADELPHIA 76ers Sixers shooting Jersey Shirt Men ... http://t.co/1I8VvXgwKC http://t.co/k33Sm3HFUt
Wed May 06 09:19:22 +0000 2015,#NBA #76ers- VTG Throwback Nike Rewind PHILADELPHIA 76ers Sixers shooting Jersey Shirt ... http://t.co/8hJImGMDe1 http://t.co/k33Sm3HFUt
Wed May 06 08:08:03 +0000 2015,#76ers #Philadelphia76ers Conley comes back, leads Grizzlies past Warriors 97-90 http://t.co/5U4R7IS20z
Wed May 06 07:07:55 +0000 2015,#NBA #76ers- Allen Iverson Sewn Stitched Nike jersey Philadelphia sixers Adult Large NB... http://t.co/NSCA76Ka7t http://t.co/k33Sm3q52V
Wed May 06 07:07:55 +0000 2015,#NBA #76ers- Philadelphia 76ers NBA BASKETBALL FLAG BANNER 3' x 5' MADE USA:  $16.95End... http://t.co/PhEH2ly2yW http://t.co/k33Sm3q52V
Wed May 06 05:26:16 +0000 2015,#Warriors scored 90 or under 3 times this season- this game against #Grizzlies, 89 in win vs #76ers &amp; 86 in Christmas loss to #Clippers.
Wed May 06 03:56:04 +0000 2015,#NBA #76ers- Jerry STACKHOUSE Philadelphia  SIXERS 76ers CHAMPION Jersey #42 - 40 - Sha... http://t.co/j2kq9igqe7 http://t.co/k33Sm3q52V
Wed May 06 03:56:04 +0000 2015,#NBA #76ers- Allen Iverson Philadelphia 76ers Adidas HWC jersey:  $90.00End Date: Thurs... http://t.co/TyULp52TEq http://t.co/k33Sm3q52V
Wed May 06 03:38:17 +0000 2015,Philadelphia 76ers Free Agents: Who To Keep, Who To Let Walk - Hoops Habit http://t.co/9zEoRtS85W #Philadelphia #NBA #76ers #sixers
Wed May 06 03:08:22 +0000 2015,#76ers #Philadelphia76ers With Wall out, Hawks beat Wizards 106-90 to even series 1-1 http://t.co/ptMy9Qk2eT
Wed May 06 02:55:26 +0000 2015,#76ers 【RETWEET】 #Followback #Follow #TFB #TFBJP #F4F #FF #Me #Love #TF #Like #MGWV @FollowbackImage http://t.co/b3ym7T8HrU
Wed May 06 02:19:38 +0000 2015,#76ers! http://t.co/jq0lypL4ZT #NBA #follow #basketball #Philadelphea76ers
Wed May 06 01:37:06 +0000 2015,#76ers #Philadelphia76ers #Sixers New Philadelphia 76ers Rumors. Tuesday, May 5 2015 http://t.co/qGVklPKHfG
Wed May 06 00:45:37 +0000 2015,#NBA #76ers- ALLEN IVERSON Bethel Bruins HS Warmup Jersey 76ers Large vintage sewn Reeb... http://t.co/K8iQ2600RF http://t.co/k33Sm3q52V
Wed May 06 00:45:36 +0000 2015,#NBA #76ers- PHILADELPHIA 76ERS THIN ADIDAS HOODIE SIZE MENS LARGE NEW WITH TAGS:  $55.... http://t.co/8aUurNwc7Q http://t.co/k33Sm3q52V
Wed May 06 00:45:35 +0000 2015,#NBA #76ers- Allen Iverson Philadelphia 76ers 10th Anniversary jersey Size S, M, L, XL,... http://t.co/Ip2ZXaKF10 http://t.co/k33Sm3q52V
Wed May 06 00:45:35 +0000 2015,#NBA #76ers- Vintage Philadelphia 76'ers NBA Basketball Warm Up Jersey &amp; Pants-Adult XL... http://t.co/psGJecq2EZ http://t.co/k33Sm3q52V
Wed May 06 00:45:34 +0000 2015,#NBA #76ers- PHILADELPHIA 76ers SIXERS 1966 66 NIKE Red Warm Up Shooting Shirt - Size 2... http://t.co/ymP9UMh694 http://t.co/k33Sm3q52V
Tue May 05 23:26:13 +0000 2015,You know...just another day at the office ;) chocolate thunder. #nba #76ers #diplo @ Brooklyn Nets… https://t.co/zyt51iyzVf
Tue May 05 22:52:24 +0000 2015,YEEEEEEEEEE!!! #76ers! RT @Xcel27: @kenyaizm  https://t.co/pF4csg7LzR
Tue May 05 21:47:15 +0000 2015,Philadelphia 76rs Rumors Targetin A Point #guard Is the Next Logical Step  http://t.co/4HsAlq75mQ #76ers #NBA #Russell
Tue May 05 21:26:04 +0000 2015,Delaware Sports #delaware #flyers #including #philadelphia #phillies #76ers #region #eagles #sports #latest http://t.co/oJzqn9Q8sI
Tue May 05 20:55:19 +0000 2015,#76ers Tweets: 👏 http://t.co/9gkBYYPk6m #NBA http://t.co/nLngwiHmmu
Tue May 05 20:50:25 +0000 2015,http://t.co/v5WwIcFBM9 /found an old article even tho my name isnt there ... they redid website n boom :-D  #writerslife #basketball #76ers
Tue May 05 20:27:25 +0000 2015,#NBA #76ers- Vintage Rare Phila. 76er's Authentic Keith Van Horn #4 Sewn Jersey Reebok ... http://t.co/W4W3OzvObv http://t.co/k33Sm3q52V
Tue May 05 20:27:24 +0000 2015,#NBA #76ers- Allen Iverson Philadelphia 76ers XXL Adidas Throwback Hardwood Classics  J... http://t.co/2BMBDvHC0r http://t.co/k33Sm3q52V
Tue May 05 20:27:24 +0000 2015,#NBA #76ers- NEW NBA PHILADELPHIA 76ERS SIXERS BLUE LS SHIRT JR WOMANS M COTTON BLEND: ... http://t.co/ahNKB90VTa http://t.co/k33Sm3q52V
Tue May 05 20:27:23 +0000 2015,#NBA #76ers- NBA PHILADELPHIA SIXERS 76ERS STITCHED  WHITE JERSEY SHIRT BOYS S 8 REEBOK... http://t.co/3VqwgEF7Lg http://t.co/k33Sm3q52V
Tue May 05 20:27:22 +0000 2015,#NBA #76ers- 80s Vintage PHILADELPHIA 76 ER'S Starter NBA Satin Retro Jacket L:  $239.0... http://t.co/hzChYDDf9G http://t.co/k33Sm3q52V
Tue May 05 19:45:59 +0000 2015,RT @76ersViews: #76ers #Philadelphia76ers #Sixers Sixers Tinder: The Price To Retain Ish Smith Might Be Too Steep http://t.co/mseJTeVpJo
Tue May 05 19:37:12 +0000 2015,#76ers #Philadelphia76ers #Sixers Sixers Tinder: The Price To Retain Ish Smith Might Be Too Steep http://t.co/mseJTeVpJo
Tue May 05 18:52:34 +0000 2015,#d1lockermedia #NBA #USA #TheGreatest #Champions #Legends #Philadelphia #76ers #AllenIverson #TheAnswer #Iverson #S… http://t.co/dBP3FYeKrI
Tue May 05 18:49:42 +0000 2015,#FreddyKrueger #DrJ #juliuserving #NBAlegend #NBA #basketball #Philadelphia #76ers #NBAplayoffs #toy… https://t.co/ijoFye5oN8
Tue May 05 18:07:46 +0000 2015,RT @D1Locker: #d1lockermedia AI #flugamevintage #ballislife #goat #alleniverson #iverson #theanswer #reebok #philly #76ers #va #b… http://t…
Tue May 05 17:55:01 +0000 2015,#NBA 1981-82 #059 #Philadelphia #76ers Team Leaders - Topps Basketball - #Erving, #Jones, #Cheeks  http://t.co/cqFMMrF9rL via @eBay
Tue May 05 17:02:56 +0000 2015,Philadelphia 76ers Rumors: Targeting A Point Guard Is the Next Logical Step - RantSports http://t.co/4jscqKZM7i #Philadelphia #NBA #76ers…
Tue May 05 16:50:20 +0000 2015,#NBA #76ers- Philadelphia 76ers #3 Allen Iverson NBA Soul Swingman Jersey Blue Size: S:... http://t.co/8YnvFiLVzh http://t.co/k33Sm3q52V
Tue May 05 16:11:12 +0000 2015,#76ers Tweets: Whether you called him #RC3, RoCo, Big Shot Bob, or of course, Lord… http://t.co/AbBFPJjnRZ #NBA http://t.co/nLngwiYXe2
Tue May 05 15:34:39 +0000 2015,At http://t.co/W6jKxVre98 -- #chicagobulls #dabulls #hisairness #jbbsale//@225k//# Iverson /#philadelphia #76ers/… http://t.co/X3nxIlzhBF
Tue May 05 15:34:22 +0000 2015,#jbbsale//225k//# Iverson /#philadelphia #76ers//Home/white/Size S L//S = 56 x 77 cm/L = 61 x 82… https://t.co/8Nxi0ATRyH
Tue May 05 15:28:34 +0000 2015,#NBA #76ers- Philadelphia 76ers Basketball Shorts YOUTH MEDIUM Adidas Black Sewn Sixers... http://t.co/VMCZltIou2 http://t.co/k33Sm3q52V
Tue May 05 15:28:34 +0000 2015,#NBA #76ers- NBA Men's Philadelphia 76ers Flash Short by adidas (Blue, X-Large):  $19.9... http://t.co/kawTjkNGf8 http://t.co/k33Sm3q52V
Tue May 05 15:28:33 +0000 2015,#NBA #76ers- Philadelphia 76ers Primary Logo T-Shirt by adidas - Large:  $14.95End Date... http://t.co/6sowv05dvX http://t.co/k33Sm3q52V
Tue May 05 14:05:33 +0000 2015,@karrsampson14 and me at the last #76ers game of the year #330 http://t.co/qal1vsHiNj
Tue May 05 13:27:15 +0000 2015,At http://t.co/W6jKxVre98 -- #chicagobulls #dabulls #hisairness #jbbsale//@225k//# Iverson /#philadelphia #76ers … http://t.co/TGlKgMJXnc
Tue May 05 13:24:20 +0000 2015,#jbbsale//225k//# Iverson /#philadelphia #76ers //away/black S//S = 56 x 77 cm//Line… https://t.co/jYagDLHEst
Tue May 05 12:59:10 +0000 2015,RT @NBA_Mixes: Still My Favorite Moment Of #AllenIverson Stepping Over Tyrone Lue SMH #Lakers #76ers #Philadelphia76ers #L... https://t.co/…
Tue May 05 12:49:27 +0000 2015,Still My Favorite Moment Of #AllenIverson Stepping Over Tyrone Lue SMH #Lakers #76ers #Philadelphia76ers #L... https://t.co/ayhFqoYzOZ
Tue May 05 12:46:43 +0000 2015,#NBA #76ers- PHILADELPHIA 76ERS MICHAEL CARTER WILLIAMS ADIDAS JERSEY T SHIRT MENS 2XL ... http://t.co/OyEBUV7QEz http://t.co/k33Sm3HFUt
Tue May 05 12:46:43 +0000 2015,#NBA #76ers- PHILADELPHIA 76ERS NBA ADIDAS T SHIRT SIZE MENS XL NWT:  $20.00End Date: T... http://t.co/wYkleBqbrv http://t.co/k33Sm3HFUt
Tue May 05 12:46:43 +0000 2015,#NBA #76ers- PHILADELPHIA 76ERS NBA ADIDAS T SHIRT SIZE MENS LARGE NWT:  $20.00End Date... http://t.co/AhVg1Rz7bY http://t.co/k33Sm3HFUt
Tue May 05 12:46:42 +0000 2015,#NBA #76ers- PHILADELPHIA 76ERS ADIDAS T SHIRT SIZE MENS XL NWT:  $20.00End Date: Thurs... http://t.co/6N3TME0Vgh http://t.co/k33Sm3HFUt
Tue May 05 12:46:42 +0000 2015,#NBA #76ers- PHILADELPHIA 76ERS ADIDAS T SHIRT SIZE MENS LARGE NWT:  $20.00End Date: Th... http://t.co/Ec52pl1lo2 http://t.co/k33Sm3HFUt
Tue May 05 11:14:14 +0000 2015,#NBA #76ers- Vintage Philadelphia 76Ers Jerry Stackhouse Champion Jersey Size 44 Nba Iv... http://t.co/3nWsMPLTHi http://t.co/k33Sm3HFUt
Tue May 05 10:57:36 +0000 2015,#d1lockermedia AI #flugamevintage #ballislife #goat #alleniverson #iverson #theanswer #reebok #philly #76ers #va #b… http://t.co/hHncLW0paP
Tue May 05 07:55:46 +0000 2015,#NBA #76ers- Philadelphia 76ers #3 Allen Iverson NBA Soul Swingman Jersey  Blue  Size: ... http://t.co/6hH7ZlXDyr http://t.co/k33Sm3HFUt
Tue May 05 07:08:16 +0000 2015,#76ers #Philadelphia76ers Griffin's triple-double lifts Clippers over Rockets 117-101 http://t.co/OrICdD10JZ
Tue May 05 05:45:22 +0000 2015,#NBA #76ers- ALLEN IVERSON Champion jersey Size 48 Vintage Philadelphia Sixers 76ers:  ... http://t.co/dVHQeIoxdn http://t.co/k33Sm3HFUt
Tue May 05 05:45:22 +0000 2015,#NBA #76ers- NBA Allen Iverson Swingman Philadelphia Sixers Blue Jersey #3 76ers L Phil... http://t.co/Gkxhl1Vjrr http://t.co/k33Sm3HFUt
Tue May 05 05:45:22 +0000 2015,#NBA #76ers- NBA Allen Iverson Swingman Philadelphia Sixers  Rookie White Jersey #3 76e... http://t.co/sEWRG6P0TG http://t.co/k33Sm3HFUt
Tue May 05 04:41:50 +0000 2015,#NBA #76ers- Philadelphia 76ers NBA 4 Her Jacket, G III Sports By Carl Banks, New Size ... http://t.co/wPJr2rce1y http://t.co/k33Sm3HFUt
Tue May 05 04:41:49 +0000 2015,#NBA #76ers- Allen Iverson Philadelphia 76ers Sixers #3 Phila Black Red Men's XL:  $19.... http://t.co/u2Q6LNnRGm http://t.co/k33Sm3HFUt
Tue May 05 04:41:49 +0000 2015,#NBA #76ers- PHILADELPHIA 76ERS Julius Erving Dr. J Blue  #6 SWINGMAN Jersey M:  $62.81... http://t.co/6n4jYEjBOF http://t.co/k33Sm3HFUt
Tue May 05 04:41:49 +0000 2015,#NBA #76ers- Philadelphia 76ers Sixers Nike Swingman REWIND shorts SEWN 1977 XXL RARE: ... http://t.co/VJZPkY4mDD http://t.co/k33Sm3HFUt
Tue May 05 03:37:06 +0000 2015,#76ers #Philadelphia76ers Rose, Gasol pace Bulls to 99-92 win over Cavs in Game 1 http://t.co/pznCYk43K9
Tue May 05 03:20:12 +0000 2015,#NBA #76ers- NBA Philadelphia 76ers Basketball 'Property of Sixers' Graphic Print T Shi... http://t.co/KFQFISmoAg http://t.co/k33Sm3q52V
Tue May 05 03:20:11 +0000 2015,#NBA #76ers- ALLEN IVERSON  reebok youth large  philadelphia 76er's sixers jersey LOOK:... http://t.co/VmSLNA9G2y http://t.co/k33Sm3q52V
Tue May 05 03:20:11 +0000 2015,#NBA #76ers- Vintage 1990s Allen Iverson Philadelphia 76ers Jersey szToddler - 4T:  $19... http://t.co/8KxPfPrqXD http://t.co/k33Sm3q52V
Tue May 05 03:20:11 +0000 2015,#NBA #76ers- Nike Philadelphia 76ers NBA Basketball Swag Fall Jacket Sz Youth XL(16/18 ... http://t.co/2tPJ7f9mHh http://t.co/k33Sm3q52V
Tue May 05 03:20:10 +0000 2015,#NBA #76ers- NBA Allen Iverson #3 76ers Basketball Jersey All-Star Game 2004 Vintage Ne... http://t.co/2XD20AcvQ8 http://t.co/k33Sm3q52V
Tue May 05 02:19:09 +0000 2015,#76ers! http://t.co/jq0lypL4ZT #NBA #follow #basketball #Philadelphea76ers
Tue May 05 02:16:38 +0000 2015,#NBA #76ers- Ball Cap Philadelphia 76ers Reebok Adult Velcro Strap:  $12.99End Date: We... http://t.co/0jfSxaeYRx http://t.co/k33Sm3q52V
Tue May 05 02:16:37 +0000 2015,#NBA #76ers- Vtg NBA PHILADELPHIA SIXERS #3 ALLEN IVERSON Nike STITCHED Basketball JERS... http://t.co/odYpOGPs5S http://t.co/k33Sm3q52V
Tue May 05 02:16:37 +0000 2015,#NBA #76ers- Philadelphia 76ers Sixers NBA Touch by Alyssa Milano T Shirt size Medium N... http://t.co/okIwLDTQxD http://t.co/k33Sm3q52V
Tue May 05 02:16:37 +0000 2015,#NBA #76ers- Vintage Nike Philadelphia 76ers Sixers Shooting Jersey Warm Up Iverson Era... http://t.co/NPnvKuLwFt http://t.co/k33Sm3q52V
Tue May 05 02:16:36 +0000 2015,#NBA #76ers- Allen Iverson Authentic SEWN Reebok Philadelphia 76ers Sixers Jersey sz 2X... http://t.co/ncofYKa0yW http://t.co/k33Sm3q52V
Tue May 05 01:36:41 +0000 2015,RT @young___o: @Geez_Gotti @thereallashon #76ers
Tue May 05 01:29:39 +0000 2015,@Geez_Gotti @thereallashon #76ers
Tue May 05 01:12:31 +0000 2015,#NBA #76ers- Vintage Nike Philadelphia 76ers Sixers Allen Iverson Sewn Jersey XXL +2 Le... http://t.co/oOe5LetozD http://t.co/k33Sm3HFUt
Tue May 05 01:12:30 +0000 2015,#NBA #76ers- HWC RARE PHILADELPHIA 76ers SEWN NBA BASKETBALL YOUTH SHOOTER Shirt JERSEY... http://t.co/5uSmneraf3 http://t.co/k33Sm3HFUt
Tue May 05 01:12:30 +0000 2015,#NBA #76ers- Vintage Philadelphia 76ers  Schick Razor Shaving Tote Bag NBA Basketball: ... http://t.co/JsJ4dMAbWe http://t.co/k33Sm3HFUt
Tue May 05 01:12:30 +0000 2015,#NBA #76ers- Vintage Philadelphia 76ers Warm-up jacket Hardwood Classics Majestic 2XL: ... http://t.co/mwWs1T0LKG http://t.co/k33Sm3HFUt
