Wed May 06 16:22:15 +0000 2015,Just listening @bobdylan Oklahoma City 03/05 stunning sound.Ain't t'internet great! #bobdylan #Bobcats
Wed May 06 14:59:19 +0000 2015,@kevazona89 Top of #bobcats leaderboard! Need to clean up your inbox? Unroll.Me can help: http://t.co/QS03eeF40m
Wed May 06 14:55:13 +0000 2015,Blessed to say that I have recieved my 12th offer from Texas State #Bobcats #AGTG http://t.co/ku1mZ8TAJ7 http://t.co/qUwPGTZ9Zf
Wed May 06 14:35:15 +0000 2015,Ran into one of my fav Gammas at the game on Monday! #Txst always showing up! #Bobcats #Greeks… https://t.co/DrU4q71EdZ
Wed May 06 14:14:56 +0000 2015,Rock those finals #Bobcats! #TXST http://t.co/Vr6zB0T8E4
Wed May 06 14:07:47 +0000 2015,Not ready for our team to separate for the summer.... 😩 #family #bobcats
Wed May 06 13:35:29 +0000 2015,RT @DartaLee: Blessed to say that I have recieved my 12th offer from Texas State #Bobcats #AGTG http://t.co/CQlEb13mGj
Wed May 06 13:31:54 +0000 2015,@DartaLee Top of #bobcats leaderboard! Need to clean up your inbox? Unroll.Me can help: http://t.co/QS03eeF40m
Wed May 06 13:31:03 +0000 2015,RT @DartaLee: Blessed to say that I have recieved my 12th offer from Texas State #Bobcats #AGTG http://t.co/CQlEb13mGj
Wed May 06 12:44:59 +0000 2015,RT @DartaLee: Blessed to say that I have recieved my 12th offer from Texas State #Bobcats #AGTG http://t.co/CQlEb13mGj
Wed May 06 11:51:41 +0000 2015,Good luck on finals Bobcats! #TXST #TXST18 #TXST17 #TXST16 #TXST15 #studyhard #Bobcats
Wed May 06 11:45:51 +0000 2015,RT @DartaLee: Blessed to say that I have recieved my 12th offer from Texas State #Bobcats #AGTG http://t.co/CQlEb13mGj
Wed May 06 11:42:13 +0000 2015,RT @chselksfootball: Congratulations to @zayzaybaybay45 and @rayboii23 on their most recent football offer from Ohio University. #MOC #EPND…
Wed May 06 09:54:44 +0000 2015,RT @coachrjroberts: Congratulations to @zayzaybaybay45 and @rayboii23 on their most recent football offer from Ohio University. #MOC #EPND …
Wed May 06 07:54:36 +0000 2015,█▀█╗╔▀╔╗▀█▀█╔╗╦╗╔╗╔╗╔╦╗╔╗ █░█╠╣║║║░█▀█║║╠╣║░╠╣░║░╚╗ █▄█╝╚╩╚╝▄█▄█╚╝╩╝╚╝╝╚░╩░╚╝#Ohio #Bobcats #CollegeFootball http://t.co/uXMD9GDy6z
Wed May 06 06:47:52 +0000 2015,http://t.co/EEkB0NdMH9: NBA 2k14 Assosiation Mode Charlotte Bobcats Ep 9 http://t.co/VRSQzVQL1v #assosiation #bobcats #charlotte #mode
Wed May 06 05:36:58 +0000 2015,Just rubbed the stallions testicle's for good luck on my finals #txst #Bobcats #finals #txst18 🐾
Wed May 06 05:21:37 +0000 2015,RT @DartaLee: Blessed to say that I have recieved my 12th offer from Texas State #Bobcats #AGTG http://t.co/CQlEb13mGj
Wed May 06 04:37:07 +0000 2015,RT @JESS__do__it: Made this in my computer class today, never forget. #Bobcats http://t.co/p97fVF9AvL
Wed May 06 03:48:06 +0000 2015,Super excited to see another #startup founded by @txst #Bobcats! #TXST #entrepreneurship  https://t.co/Yyi2YVqXfQ
Wed May 06 03:24:55 +0000 2015,RT @JESS__do__it: Made this in my computer class today, never forget. #Bobcats http://t.co/p97fVF9AvL
Wed May 06 03:11:21 +0000 2015,RT @JESS__do__it: Made this in my computer class today, never forget. #Bobcats http://t.co/p97fVF9AvL
Wed May 06 03:09:22 +0000 2015,http://t.co/EEkB0NdMH9: OJ Mayo Forces OT With a... http://t.co/bunWOnZiVe #bobcats #bucks #charlotte #december #forces #mayo #triple
Wed May 06 03:08:47 +0000 2015,RT @JESS__do__it: Made this in my computer class today, never forget. #Bobcats http://t.co/p97fVF9AvL
Wed May 06 03:00:12 +0000 2015,RT @JESS__do__it: Made this in my computer class today, never forget. #Bobcats http://t.co/p97fVF9AvL
Wed May 06 02:58:02 +0000 2015,RT @JESS__do__it: Made this in my computer class today, never forget. #Bobcats http://t.co/p97fVF9AvL
Wed May 06 02:56:05 +0000 2015,Made this in my computer class today, never forget. #Bobcats http://t.co/FoQu9Lohnl http://t.co/dDdXR7aQCM
Wed May 06 02:53:18 +0000 2015,RT @JESS__do__it: Made this in my computer class today, never forget. #Bobcats http://t.co/p97fVF9AvL
Wed May 06 02:52:15 +0000 2015,RT @JESS__do__it: Made this in my computer class today, never forget. #Bobcats http://t.co/p97fVF9AvL
Wed May 06 02:50:58 +0000 2015,RT @JESS__do__it: Made this in my computer class today, never forget. #Bobcats http://t.co/p97fVF9AvL
Wed May 06 02:24:34 +0000 2015,RT @JESS__do__it: Made this in my computer class today, never forget. #Bobcats http://t.co/p97fVF9AvL
Wed May 06 02:22:38 +0000 2015,RT @JESS__do__it: Made this in my computer class today, never forget. #Bobcats http://t.co/p97fVF9AvL
Wed May 06 02:19:02 +0000 2015,RT @JESS__do__it: Made this in my computer class today, never forget. #Bobcats http://t.co/p97fVF9AvL
Wed May 06 02:10:08 +0000 2015,RT @JESS__do__it: Made this in my computer class today, never forget. #Bobcats http://t.co/p97fVF9AvL
Wed May 06 02:08:49 +0000 2015,RT @JESS__do__it: Made this in my computer class today, never forget. #Bobcats http://t.co/p97fVF9AvL
Wed May 06 02:08:03 +0000 2015,RT @jaytoonch: I just received an offer from TexasState!!!! #BOBCATS✊👏
Wed May 06 01:58:20 +0000 2015,RT @coachrjroberts: Congratulations to @zayzaybaybay45 and @rayboii23 on their most recent football offer from Ohio University. #MOC #EPND …
Wed May 06 01:58:18 +0000 2015,RT @chselksfootball: Congratulations to @zayzaybaybay45 and @rayboii23 on their most recent football offer from Ohio University. #MOC #EPND…
Wed May 06 01:56:09 +0000 2015,RT @JESS__do__it: Made this in my computer class today, never forget. #Bobcats http://t.co/p97fVF9AvL
Wed May 06 01:55:28 +0000 2015,RT @JESS__do__it: Made this in my computer class today, never forget. #Bobcats http://t.co/p97fVF9AvL
Wed May 06 01:54:10 +0000 2015,RT @JESS__do__it: Made this in my computer class today, never forget. #Bobcats http://t.co/p97fVF9AvL
Wed May 06 01:51:51 +0000 2015,RT @JESS__do__it: Made this in my computer class today, never forget. #Bobcats http://t.co/p97fVF9AvL
Wed May 06 01:51:49 +0000 2015,RT @JESS__do__it: Made this in my computer class today, never forget. #Bobcats http://t.co/p97fVF9AvL
Wed May 06 01:51:12 +0000 2015,RT @JESS__do__it: Made this in my computer class today, never forget. #Bobcats http://t.co/p97fVF9AvL
Wed May 06 01:49:49 +0000 2015,RT @JESS__do__it: Made this in my computer class today, never forget. #Bobcats http://t.co/p97fVF9AvL
Wed May 06 01:48:37 +0000 2015,RT @JESS__do__it: Made this in my computer class today, never forget. #Bobcats http://t.co/p97fVF9AvL
Wed May 06 01:46:00 +0000 2015,RT @JESS__do__it: Made this in my computer class today, never forget. #Bobcats http://t.co/p97fVF9AvL
Wed May 06 01:42:47 +0000 2015,Made this in my computer class today, never forget. #Bobcats http://t.co/p97fVF9AvL
Wed May 06 01:40:03 +0000 2015,RT @king_fendizzze: Just Received My Second Offer From The University of Ohio Bobcats #OU #Bobcats #blessed http://t.co/yXTewCBlgL
Wed May 06 01:34:00 +0000 2015,RT @jaytoonch: I just received an offer from TexasState!!!! #BOBCATS✊👏
Wed May 06 01:31:35 +0000 2015,I just received an offer from TexasState!!!! #BOBCATS✊👏
Wed May 06 01:17:08 +0000 2015,@RiskyLiberal so sorry for #fledglingrobin loss. In my neighborhood #bobcats eat the feral cats.
Wed May 06 01:08:55 +0000 2015,RT @coachrjroberts: Congratulations to @zayzaybaybay45 and @rayboii23 on their most recent football offer from Ohio University. #MOC #EPND …
Wed May 06 01:04:16 +0000 2015,Last day at MSU #Montanastateuniversity #bozeman #bobcats @ Montana State University https://t.co/gyKAjhBWee
Wed May 06 00:39:10 +0000 2015,RT @chselksfootball: Congratulations to @zayzaybaybay45 and @rayboii23 on their most recent football offer from Ohio University. #MOC #EPND…
Wed May 06 00:39:09 +0000 2015,RT @coachrjroberts: Congratulations to @zayzaybaybay45 and @rayboii23 on their most recent football offer from Ohio University. #MOC #EPND …
Wed May 06 00:33:57 +0000 2015,Don't forget to thank a Teacher this week #teachersappreciationweek #maryburen #bobcats https://t.co/PQUXy0bJTc
Wed May 06 00:27:20 +0000 2015,Congratulations to @zayzaybaybay45 and @rayboii23 on their most recent football offer from Ohio University. #MOC #EPND #Bobcats
Wed May 06 00:27:03 +0000 2015,Congratulations to @zayzaybaybay45 and @rayboii23 on their most recent football offer from Ohio University. #MOC #EPND #Bobcats
Wed May 06 00:18:51 +0000 2015,RT @SeanRolFasTrack: #MEC CHAMPS PT.2 first time in MEC history a team has swept both titles in both XC and Track #BOBCATS https://t.co/7Gh…
Wed May 06 00:15:15 +0000 2015,Actually obsessed with Milly #bobcats #woo
Tue May 05 23:46:26 +0000 2015,RT @DartaLee: Blessed to say that I have recieved my 12th offer from Texas State #Bobcats #AGTG http://t.co/CQlEb13mGj
Tue May 05 23:43:11 +0000 2015,RT @TyBigShots: Lees  McRae Univ basketball Head men's Basketball coach @coachSHardin  Great Guy, Leader , and Coach /#BOBCATS /#BIGSHOTSNA…
Tue May 05 23:41:28 +0000 2015,s/o to @TXStateMBB #bobcats ✊
Tue May 05 23:36:57 +0000 2015,RT @DartaLee: Blessed to say that I have recieved my 12th offer from Texas State #Bobcats #AGTG http://t.co/CQlEb13mGj
Tue May 05 23:36:29 +0000 2015,Lees  McRae Univ basketball Head men's Basketball coach @coachSHardin  Great Guy, Leader , and Coach /#BOBCATS /#BIGSHOTSNATION
Tue May 05 23:29:42 +0000 2015,RT @DartaLee: Blessed to say that I have recieved my 12th offer from Texas State #Bobcats #AGTG http://t.co/CQlEb13mGj
Tue May 05 23:26:06 +0000 2015,RT @DartaLee: Blessed to say that I have recieved my 12th offer from Texas State #Bobcats #AGTG http://t.co/CQlEb13mGj
Tue May 05 23:17:45 +0000 2015,RT @DartaLee: Blessed to say that I have recieved my 12th offer from Texas State #Bobcats #AGTG http://t.co/CQlEb13mGj
Tue May 05 23:17:01 +0000 2015,RT @BobcatsHashOff: Nice, @SeanRolFasTrack! You're top of #bobcats! Tired of your inbox being full of junk? Try Unroll.Me http://t.co/QS03e…
Tue May 05 23:11:36 +0000 2015,RT @DartaLee: Blessed to say that I have recieved my 12th offer from Texas State #Bobcats #AGTG http://t.co/CQlEb13mGj
Tue May 05 23:02:18 +0000 2015,RT @king_fendizzze: Just Received My Second Offer From The University of Ohio Bobcats #OU #Bobcats #blessed http://t.co/yXTewCBlgL
Tue May 05 23:00:23 +0000 2015,Blessed to say that I have recieved my 12th offer from Texas State #Bobcats #AGTG http://t.co/CQlEb13mGj
Tue May 05 22:46:58 +0000 2015,RT @catosterman: Opening night of Conf Tourney. ❤️ working with my bestie @yankeekk12 #13yrsstrong #besties #bobcats… https://t.co/oiGTwzP0…
Tue May 05 22:46:00 +0000 2015,Nice, @SeanRolFasTrack! You're top of #bobcats! Tired of your inbox being full of junk? Try Unroll.Me http://t.co/QS03eent8O
Tue May 05 22:35:26 +0000 2015,Opening night of Conf Tourney. ❤️ working with my bestie @yankeekk12 #13yrsstrong #besties #bobcats… https://t.co/oiGTwzP0ff
Tue May 05 22:33:57 +0000 2015,RT @SeanRolFasTrack: #MEC CHAMPS PT.2 first time in MEC history a team has swept both titles in both XC and Track #BOBCATS https://t.co/7Gh…
Tue May 05 22:21:51 +0000 2015,RT @RodneyRohde: @TxStateBaseball About to head to the ATX to watch my #txst #Bobcats take on the Horns at @UTAustin Disch Falk Field! #Eat…
Tue May 05 21:58:45 +0000 2015,RT @NeverDone_6: Blessed to receive an offer from Ohio University #Bobcats #MAC http://t.co/JTjd3EkJeh
Tue May 05 21:36:19 +0000 2015,RT @SeanRolFasTrack: #MEC CHAMPS PT.2 first time in MEC history a team has swept both titles in both XC and Track #BOBCATS https://t.co/7Gh…
Tue May 05 21:35:48 +0000 2015,RT @SeanRolFasTrack: #MEC CHAMPS PT.2 first time in MEC history a team has swept both titles in both XC and Track #BOBCATS https://t.co/7Gh…
Tue May 05 21:35:40 +0000 2015,RT @SeanRolFasTrack: #MEC CHAMPS PT.2 first time in MEC history a team has swept both titles in both XC and Track #BOBCATS https://t.co/7Gh…
Tue May 05 21:35:08 +0000 2015,RT @SeanRolFasTrack: #MEC CHAMPS PT.2 first time in MEC history a team has swept both titles in both XC and Track #BOBCATS https://t.co/7Gh…
Tue May 05 21:30:19 +0000 2015,RT @SeanRolFasTrack: #MEC CHAMPS PT.2 first time in MEC history a team has swept both titles in both XC and Track #BOBCATS https://t.co/7Gh…
Tue May 05 21:30:11 +0000 2015,RT @SeanRolFasTrack: #MEC CHAMPS PT.2 first time in MEC history a team has swept both titles in both XC and Track #BOBCATS https://t.co/7Gh…
Tue May 05 21:29:13 +0000 2015,RT @SeanRolFasTrack: #MEC CHAMPS PT.2 first time in MEC history a team has swept both titles in both XC and Track #BOBCATS https://t.co/7Gh…
Tue May 05 21:28:30 +0000 2015,RT @lindswilliamss: Tell us we can't. We showed you we could! MEC CHAMPS! #Bobcats 🐾🐾🐾
Tue May 05 21:28:19 +0000 2015,RT @SeanRolFasTrack: #MEC CHAMPS PT.2 first time in MEC history a team has swept both titles in both XC and Track #BOBCATS https://t.co/7Gh…
Tue May 05 21:27:48 +0000 2015,http://t.co/EEkB0NdMH9: NBA 2K14: My Career - Schmidt #posterizes the... http://t.co/jT6ivM3AdZ #bobcats #career #charlotte #schmidt
Tue May 05 21:27:40 +0000 2015,RT @SeanRolFasTrack: #MEC CHAMPS PT.2 first time in MEC history a team has swept both titles in both XC and Track #BOBCATS https://t.co/7Gh…
Tue May 05 21:26:33 +0000 2015,RT @SeanRolFasTrack: #MEC CHAMPS PT.2 first time in MEC history a team has swept both titles in both XC and Track #BOBCATS https://t.co/7Gh…
Tue May 05 21:26:01 +0000 2015,RT @SeanRolFasTrack: #MEC CHAMPS PT.2 first time in MEC history a team has swept both titles in both XC and Track #BOBCATS https://t.co/7Gh…
Tue May 05 21:25:09 +0000 2015,#MEC CHAMPS PT.2 first time in MEC history a team has swept both titles in both XC and Track #BOBCATS https://t.co/7GhhEHp7g3
Tue May 05 21:17:35 +0000 2015,RT @MarcGivlerBG: 2018 Portsmouth (OH) Sciotoville East OL Blaine Scott offered by #OhioU #Bobcats
Tue May 05 21:16:02 +0000 2015,RT @RodneyRohde: @TxStateBaseball About to head to the ATX to watch my #txst #Bobcats take on the Horns at @UTAustin Disch Falk Field! #Eat…
Tue May 05 21:11:06 +0000 2015,RT @lindswilliamss: Tell us we can't. We showed you we could! MEC CHAMPS! #Bobcats 🐾🐾🐾
Tue May 05 21:02:14 +0000 2015,#Bobcats Aiden Smith lands first power-five offer - Fort Wayne (IN) Carroll quarterback Aidan Smith has lan... http://t.co/b78nBgt3oj
Tue May 05 20:55:08 +0000 2015,@TxStateBaseball About to head to the ATX to watch my #txst #Bobcats take on the Horns at @UTAustin Disch Falk Field! #EatEmUpCats
Tue May 05 20:41:16 +0000 2015,RT @lindswilliamss: Tell us we can't. We showed you we could! MEC CHAMPS! #Bobcats 🐾🐾🐾
Tue May 05 20:41:02 +0000 2015,RT @lindswilliamss: Tell us we can't. We showed you we could! MEC CHAMPS! #Bobcats 🐾🐾🐾
