Wed May 06 16:28:09 +0000 2015,Lib Dem manifesto: challenger will fight 'tooth and nail' to restore Wycombe Hospital's services http://t.co/gs4J1oXSWl #Bucks
Wed May 06 16:28:09 +0000 2015,Conservative manifesto: candidate will establish an NHS Urgent Care Unit at Wycombe Hospital if re-elected http://t.co/n4ajtq9Lgh #Bucks
Wed May 06 16:28:08 +0000 2015,#bucks Lib Dem manifesto: challenger will fight 'tooth and nail' to restore Wycombe Hospital's services: In ad... http://t.co/hqmZ1aShf0
Wed May 06 16:25:24 +0000 2015,RT @3rdRailThursday: Join @1123ent @DJ_JSquared &amp; friends THIS and EVERY @3rdRailThursday at @SteamPub in #Southampton, PA! #BucksCounty #B…
Wed May 06 16:24:48 +0000 2015,Freshly grilled and marinated chicken breast ready to be finished in the oven #thebuckhotel #buckscounty #bucks... http://t.co/bczwsmEh4e
Wed May 06 16:24:35 +0000 2015,Join @1123ent @DJ_JSquared &amp; friends THIS and EVERY @3rdRailThursday at @SteamPub in #Southampton, PA! #BucksCounty #Bucks #entertainment
Wed May 06 16:22:15 +0000 2015,RT @MKEBucksFans: My previous tweets were related to this article, Milwaukee is just getting started! #Bucks http://t.co/OmkdiXBcTh http://…
Wed May 06 16:20:13 +0000 2015,Draft Notes :Mudiay, Towns, Mickey http://t.co/dBNN15sOuD #Bucks #NBA
Wed May 06 16:13:56 +0000 2015,RT @TRHerbert: All schools in #Bucks! Remember the poster competition deadline for @ArmedForcesDay is May 15. @Buckscc_Events
Wed May 06 16:13:02 +0000 2015,RT @DonWalkerJS: The proposed #Bucks arena is supposed to be 50-50 public-private. But it gets more complicated than that. See why: http://…
Wed May 06 16:12:23 +0000 2015,RT @MarlowTC: We've entered The Best Kept Village 2015... It's your town #Bucks #Marlow http://t.co/NQzKXsSfaM
Wed May 06 16:10:21 +0000 2015,RT @Jeannette__B: From pavlova disaster to parfait masterpiece, mix up add whipped cream &amp; freeze 2hrs+ #lfhw #FoodWaste #Bucks #Bucks http…
Wed May 06 16:08:36 +0000 2015,http://t.co/EEkB0NdMH9: The Greek Freak | Detroit... http://t.co/MmK634SBUj #bucks #december #detroit #freak #greek #milwaukee #pistons
Wed May 06 16:08:33 +0000 2015,8 PM EDT @wsdila #losangeles #California   #totaltutor  interviews #NBA #Legend Alton Lister #Bucks #Sonics #ASU
Wed May 06 16:07:34 +0000 2015,#ESPN #Bucks Report: Future will now get harder for Bucks http://t.co/FSE9KtZj21 http://t.co/ZWOO3IosaO
Wed May 06 16:07:31 +0000 2015,8 PM EDT @wsdiuk #London #England   #totaltutor  interviews #NBA #Legend Alton Lister #Bucks #Sonics #ASU
Wed May 06 16:06:47 +0000 2015,8 PM EDT @WSDIRadio #Chicago  #totaltutor  interviews #NBA #Legend Alton Lister #Bucks #Sonics #ASU
Wed May 06 16:06:03 +0000 2015,6 PM EDT @wromradio #Detroit #Michigan   #totaltutor  interviews #NBA #Legend Alton Lister #Bucks #Sonics #ASU
Wed May 06 16:05:03 +0000 2015,1 PM EDT @cyberstationusa #Boston   #totaltutor  interviews #NBA #Legend Alton Lister #Bucks #Sonics #ASU
Wed May 06 16:04:29 +0000 2015,1 PM EDT @BBSRadio   #totaltutor  interviews #NBA #Legend Alton Lister #Bucks #Sonics #ASU
Wed May 06 16:00:44 +0000 2015,Several NBA executives say they expect #Bucks SF-SG Khris Middleton to wind up signing a deal with $8 million annual salaries this summer.
Wed May 06 16:00:15 +0000 2015,Driver Dead, 3 Construction Workers Injured  http://t.co/Ri6mLihFnq/  #bucks #hospital #investigation #pennsylvania
Wed May 06 15:57:51 +0000 2015,RT @buckssportspage: #Bucks are targeting WCS, but watching for a D'Angello Russel slide We will contuinue to report trade news as info com…
Wed May 06 15:57:49 +0000 2015,RT @buckssportspage: We are not the only source reporting the #Bucks and #Kings trade. Possible trade: Henson&amp;17th pick for Kings 6th pick …
Wed May 06 15:50:29 +0000 2015,RT @BIGPackWhore_: Listen to Dap You Up Freestyle by $ince94 #np on #SoundCloud/http://t.co/Mffg70l9d7 #FUCKWITME #FLOODIN #BIGPACKBITCH #G…
Wed May 06 15:45:16 +0000 2015,Take it country with this family home in Little Chalfont http://t.co/8xC82mmwH7 #Bucks #newhomes http://t.co/hlsutN6Sa5
Wed May 06 15:44:53 +0000 2015,RT @totaltutor: Noon EDT @AMFM247 #Tampa #Florida  #totaltutor  interviews #NBA #Legend Alton Lister #Bucks #Sonics #ASU
Wed May 06 15:44:11 +0000 2015,http://t.co/EEkB0NdMH9: Orlando Magic vs Milwaukee Bucks... http://t.co/7Ekjxma3lF #bucks #february #highlights #magic #milwaukee #orlando
Wed May 06 15:41:11 +0000 2015,This may be a bucket of cold water for fans, but a necessary read:/Murphy’s Law: MMAC Plays Hardball on #Bucks Arena http://t.co/v87xKhbHFr
Wed May 06 15:39:57 +0000 2015,#NBA #Bucks - Good Stuff NBA 100% Cotton Sports Towel Milwaukee Bucks New 2005:  $4.99E... http://t.co/CZDAMWUMAw http://t.co/k33Sm3HFUt
Wed May 06 15:39:56 +0000 2015,#NBA #Bucks - Milwaukee Bucks Shirt Large Vintage Style Throwback Tee basketball retro:... http://t.co/B6lutPwY29 http://t.co/k33Sm3HFUt
Wed May 06 15:37:44 +0000 2015,General Election: Ukip calls for a Wycombe Town Council, opposes HS2 and promise caps on immigration http://t.co/A8ZFcKLewp #Bucks
Wed May 06 15:37:44 +0000 2015,#bucks General Election: Ukip calls for a Wycombe Town Council, opposes HS2 and promise caps on immigration: T... http://t.co/cxwIwpKtVz
Wed May 06 15:35:17 +0000 2015,Pennsylvania Turnpike crash kills driver, injures 3 workers  http://t.co/cWnFEt77v0/  #bucks #investigation #temple
Wed May 06 15:35:15 +0000 2015,Report: #Bucks SF-SG Khris Middleton won't be going anywhere in RFA.
Wed May 06 15:35:02 +0000 2015,#Bucks SF-SG Khris Middleton said he would love to return to the Bucks but insists he'll keep his options open in RFA.
Wed May 06 15:34:32 +0000 2015,Report: Several GMs and other executives said #Bucks SF-SG Khris Middleton in line for salaries around $10 million this summer in RFA.
Wed May 06 15:34:01 +0000 2015,RT @JeaniusMK: Lovely meeting to end the day - looking forward to working with Graham @BridgeCarSales #MiltonKeynes #business #Bucks http:/…
Wed May 06 15:33:15 +0000 2015,Buckinghamshire: A community hero nominated for Pride of Bucks http://t.co/Q4yHWedsxP #bucks
Wed May 06 15:30:58 +0000 2015,Lovely meeting to end the day - looking forward to working with Graham @BridgeCarSales #MiltonKeynes #business #Bucks http://t.co/tYeaNUMv3O
Wed May 06 15:28:36 +0000 2015,#Bucks Tweets: The Bucks Pro Shop at the @BMOHBC is closed for the season. Stay tuned for more announcements… #NBA http://t.co/K0C0hznlTW
Wed May 06 15:26:04 +0000 2015,We&amp;#039;re Dropping Big Bucks on Mom This Mother&amp;#039;s Day #year #mom #average #spend #expected #big #bucks http://t.co/HrbJE28JhV
Wed May 06 15:17:02 +0000 2015,.@RealJasonKidd (@Bucks) is nominated for Coach of the Year #Bucks #WSA
Wed May 06 15:14:10 +0000 2015,Driver Dead, 3 Construction Workers Injured In Crash On Pa  http://t.co/reDrbxzqgz/  #bucks #investigation #vehicle
Wed May 06 15:11:25 +0000 2015,Here's @chadfordinsider's "Grade A" mock draft. #Bucks fans, you'll like who Chad has you taking at No. 17. http://t.co/yrnvK9NNF3
Wed May 06 15:03:12 +0000 2015,#Bucks Tweets: Making History » http://t.co/c9MkcSv6jP http://t.co/3dmhWsReZp #NBA http://t.co/K0C0hznlTW
Wed May 06 14:59:29 +0000 2015,#MilwaukeeBucks Will arena be 50-50 public-private deal? Details will tell: The Milwaukee Bucks are pla... http://t.co/HLQ1iCnHs9 #Bucks
Wed May 06 14:55:12 +0000 2015,$210 to see the Stones in Milwaukee. If I wanted to see old guys falling over each other who weren't on their game I just go see the #Bucks
Wed May 06 14:53:03 +0000 2015,RT @buckssportspage: #Bucks are targeting WCS, but watching for a D'Angello Russel slide We will contuinue to report trade news as info com…
Wed May 06 14:48:31 +0000 2015,RT @DonWalkerJS: The proposed #Bucks arena is supposed to be 50-50 public-private. But it gets more complicated than that. See why: http://…
Wed May 06 14:47:36 +0000 2015,RT @DonWalkerJS: The proposed #Bucks arena is supposed to be 50-50 public-private. But it gets more complicated than that. See why: http://…
Wed May 06 14:47:16 +0000 2015,RT @DonWalkerJS: The proposed #Bucks arena is supposed to be 50-50 public-private. But it gets more complicated than that. See why: http://…
Wed May 06 14:46:02 +0000 2015,RT @PuzzleCentre: We r looking for a #fundraiser to support our #Bucks #autism #charity. We need yr ideas &amp; creativity. 4 more info see htt…
Wed May 06 14:45:39 +0000 2015,UPDATE: One woman injured after car overturns on M40 http://t.co/McUe1ABziH #Bucks
Wed May 06 14:45:38 +0000 2015,#bucks UPDATE: One woman injured after car overturns on M40: Three lanes were closed on the M40 southbound aft... http://t.co/sKBvP44m3k
Wed May 06 14:45:26 +0000 2015,The proposed #Bucks arena is supposed to be 50-50 public-private. But it gets more complicated than that. See why: http://t.co/yIKtxUuyCY
Wed May 06 14:43:09 +0000 2015,#Bucks Tweets: It was great to visit my old neighborhood and friends last night in Sepolia/Athens with… #NBA http://t.co/K0C0hznlTW
Wed May 06 14:40:28 +0000 2015,RT @planespeaking2: @te_Utona @chantalmerci12 @DEVINAREEVE @IanCoreyOffic @fionajking @CuddleFairy @IngeJamrichova @Kathytaylerqvc #Bucks h…
Wed May 06 14:35:08 +0000 2015,searching for models for makeup looks in the #highwycombe area @FemaleBloggerRT /#makeup #mua #Bucks #buckinghamshire #models #beauty #uk
Wed May 06 14:34:26 +0000 2015,@te_Utona @chantalmerci12 @DEVINAREEVE @IanCoreyOffic @fionajking @CuddleFairy @IngeJamrichova @Kathytaylerqvc #Bucks http://t.co/K3ckpUvTSd
Wed May 06 14:33:23 +0000 2015,RT @MarlowTC: We've entered The Best Kept Village 2015... It's your town #Bucks #Marlow http://t.co/NQzKXsSfaM
Wed May 06 14:32:52 +0000 2015,RT @MarlowTC: We've entered The Best Kept Village 2015... It's your town #Bucks #Marlow http://t.co/NQzKXsSfaM
Wed May 06 14:27:06 +0000 2015,We've entered The Best Kept Village 2015... It's your town #Bucks #Marlow http://t.co/ixNlGr86IH http://t.co/Ckb7LX5KNi
Wed May 06 14:26:14 +0000 2015,RT @buckssportspage: We are not the only source reporting the #Bucks and #Kings trade. Possible trade: Henson&amp;17th pick for Kings 6th pick …
Wed May 06 14:18:35 +0000 2015,#NBA #Bucks - MILWAUKEE BUCKS NBA Mitchell &amp; Ness Authentic Vintage Basketball Warm-Up ... http://t.co/1Qp03JIrsP http://t.co/k33Sm3HFUt
Wed May 06 14:18:34 +0000 2015,#NBA #Bucks - Throwback Milwaukee Bucks Ray Allen Jersey Boys Size Medium 10-12 GUC:  $... http://t.co/MfQCuRKbQ8 http://t.co/k33Sm3HFUt
Wed May 06 14:07:06 +0000 2015,Sly Fox Bock Fest Goat Race crowns newest champio  http://t.co/c3cJirIuOm/  #bucks #joeleskin #pennymaibock #slyfox
Wed May 06 13:56:09 +0000 2015,'Scourge' sent to prison for robbing Limerick Kohls   http://t.co/pav9UnBi8D/  #bucks #limerick #montgomery
Wed May 06 13:54:53 +0000 2015,RT @buckssportspage: We are not the only source reporting the #Bucks and #Kings trade. Possible trade: Henson&amp;17th pick for Kings 6th pick …
Wed May 06 13:54:48 +0000 2015,RT @MarlowTC: We've entered The Best Kept Village 2015... It's your town #Bucks #Marlow http://t.co/NQzKXsSfaM
Wed May 06 13:47:36 +0000 2015,Buckinghamshire: Countdown is on for the Hyde Heath Fayre http://t.co/JNWqFMGbQq #bucks
Wed May 06 13:47:36 +0000 2015,Buckinghamshire: Elections 2015: Bucks constituencies among the 'least working class' in England http://t.co/zsOYimguSM #bucks
Wed May 06 13:45:50 +0000 2015,RT @DonWalkerJS: Acc. to @BleacherReport, NBA in talks with global betting companies to allow regulated gambling. Hello, naming rights. #Bu…
Wed May 06 13:43:45 +0000 2015,RT @MarlowTC: We've entered The Best Kept Village 2015... It's your town #Bucks #Marlow http://t.co/NQzKXsSfaM
Wed May 06 13:38:13 +0000 2015,RT @MarlowTC: We've entered The Best Kept Village 2015... It's your town #Bucks #Marlow http://t.co/NQzKXsSfaM
Wed May 06 13:35:49 +0000 2015,Report: #Sixers #76ers head coach Brett Brown wasn't fully supportive of deadline trade that sent PG Michael Carter-Williams to #Bucks.
Wed May 06 13:31:16 +0000 2015,@PeacockGuild Top of #bucks today! Tired of unwanted subscription emails? Try Unroll.Me: http://t.co/Abp3MwUHhQ
Wed May 06 13:27:42 +0000 2015,RT @stinkncute: Sweet #southern #dixie #diva #Bucks /https://t.co/4Dd3ahjjQ8/#craftshout #socialmedia #CountryGirl #shoppershour #RT http:/…
Wed May 06 13:27:07 +0000 2015,RT @stinkncute: Sweet #southern #dixie #diva #Bucks /https://t.co/4Dd3ahjjQ8/#craftshout #socialmedia #CountryGirl #shoppershour #RT http:/…
Wed May 06 13:25:01 +0000 2015,Property Let of the Week: #Beaconsfield #Bucks http://t.co/8El3HWJoOU http://t.co/bZlQCHFxFR
Wed May 06 13:20:24 +0000 2015,Our tagline says "our door is always open” &amp; everyone IS. With ur support imagine the difference we could make http://t.co/Jl6rDJPGZX #Bucks
Wed May 06 13:15:18 +0000 2015,BLUE TIT v by ... - http://t.co/6Bnb9TdiYt #Animal #Birds #BlueTit #Bucks #FromHide #Nature #WildlifeGarden http://t.co/UkgK8mDWUW
Wed May 06 13:12:35 +0000 2015,RT @buckssportspage: We are not the only source reporting the #Bucks and #Kings trade. Possible trade: Henson&amp;17th pick for Kings 6th pick …
Wed May 06 13:09:59 +0000 2015,RT @DailyBUCKS: Huge setback for ocean rowing crew forced to turn back to land http://t.co/qjpb5iwVaU #Bucks
Wed May 06 13:09:45 +0000 2015,RT @DailyBUCKS: Man jailed for stabbing incident during family row http://t.co/9SStNkLooQ #Bucks
Wed May 06 13:09:16 +0000 2015,@Bucks fans plan this summer to attend 1 of our 11 camp sessions! Ages 7-16! Visit http://t.co/X4aXFbZoIs to register! #Bucks #FearTheDeer
Wed May 06 13:07:48 +0000 2015,RT @PeacockGuild: Awesome edition of '#Bucks County Makers' is out!  Our fave art links from @LeannePurkis &amp; @OnlyinBucks included! - http:…
Wed May 06 13:06:26 +0000 2015,RT @PeacockGuild: Awesome edition of '#Bucks County Makers' is out!  Our fave art links from @LeannePurkis &amp; @OnlyinBucks included! - http:…
Wed May 06 13:05:08 +0000 2015,Awesome edition of '#Bucks County Makers' is out!  Our fave art links from @LeannePurkis &amp; @OnlyinBucks included! - http://t.co/DoF8ehdOJJ
Wed May 06 12:59:59 +0000 2015,RT @stinkncute: Sweet #southern #dixie #diva #Bucks /https://t.co/4Dd3ahjjQ8/#craftshout #socialmedia #CountryGirl #shoppershour #RT http:/…
Wed May 06 12:59:54 +0000 2015,Man jailed for stabbing incident during family row http://t.co/9SStNkLooQ #Bucks
Wed May 06 12:59:53 +0000 2015,Huge setback for ocean rowing crew forced to turn back to land http://t.co/qjpb5iwVaU #Bucks
Wed May 06 12:59:52 +0000 2015,#bucks Man jailed for stabbing incident during family row: A man who left someone with permanent scarring to h... http://t.co/oAVEd6KXrm
Wed May 06 12:55:14 +0000 2015,Draft Notes :Mudiay, Towns, Mickey http://t.co/dBNN15Kpmb #Bucks #NBA
Wed May 06 12:54:08 +0000 2015,RT @TheTheatreShed: Have you voted yet #Bucks? Help The Theatre Shed keep changing the lives of children in our community http://t.co/asUE2…
Wed May 06 12:53:32 +0000 2015,Simple pleasures #yoga #yogaclasses #princesrisborough #Bucks #Thursday #whatson #astanga #Vinyasa back from peru http://t.co/LHi2U5ckFu
Wed May 06 12:49:25 +0000 2015,Biking season returns, and officials stress courtes  http://t.co/dn4SqDjxFK  #bucks #montgomery #schuylkill #stress
Wed May 06 12:47:36 +0000 2015,RT @MarlowTC: We've entered The Best Kept Village 2015... It's your town #Bucks #Marlow http://t.co/NQzKXsSfaM
Wed May 06 12:47:12 +0000 2015,RT @MarlowTC: We've entered The Best Kept Village 2015... It's your town #Bucks #Marlow http://t.co/NQzKXsSfaM
Wed May 06 12:43:45 +0000 2015,We've entered The Best Kept Village 2015... It's your town #Bucks #Marlow http://t.co/NQzKXsSfaM
