Wed May 06 16:29:42 +0000 2015,Using #Bulls example, per Synergy LeBron has 13 more isos in playoffs than Jimmy Butler and Derrick Rose combined. In 2 fewer games.
Wed May 06 16:28:11 +0000 2015,L #Basketball #Bulls 2008-09 Topps T-51 Murad #DerrickRose Rookie #Buzz #Collectible http://t.co/71Dq9B4g6a
Wed May 06 16:28:06 +0000 2015,L #NBA #Basketball 90-91 Michael Jordan Life size cardboard cut out NBA Chicago #Bulls Rare #onsale #Discount http://t.co/EbcYcN0FYe
Wed May 06 16:27:51 +0000 2015,RT @RJinVegas: #Bulls favored (-120) over #Cavs (+100) to win series
Wed May 06 16:27:35 +0000 2015,RT @MAWhitlow: ICYMI from the early morning: What @drose will the @chicagobulls get in Game 2? http://t.co/t6zMOSRXb5 #Bulls @HoopsHabit @S…
Wed May 06 16:27:05 +0000 2015,RT @SpinDavies: Reports out about Chicago higher-ups potentially parting ways with Tom Thibodeau. That would be a HUGE mistake for the #Bul…
Wed May 06 16:26:59 +0000 2015,Ce soir #cavs vs #Bulls /#clippers vs #Rockets
Wed May 06 16:26:50 +0000 2015,RT @BrittMcHenry: Pau Gasol said if #Cavs make adjustments to Rose, just opens up shooters outside. Said emphasis is on setting the pace li…
Wed May 06 16:26:47 +0000 2015,BET YOUR LIFE SAVINGS ON CAVS RT @RJinVegas: #Bulls favored (-120) over #Cavs (+100) to win series
Wed May 06 16:26:40 +0000 2015,#Thibs &amp; Co. need to keep steppin on the gas tonight. No exhaling. Cavs on the ropes. //Great opportunity to steal 2 tonight. #Bulls
Wed May 06 16:25:11 +0000 2015,Derrick Rose Proving He Is Still Very Much Involved in Chicago Bulls' Future http://t.co/4HqMgcS9Y9 #Bulls #NBA
Wed May 06 16:24:13 +0000 2015,#bulls: Now or Never for These Bulls to Win Title~Cavaliers Under Enormous Pressure to Win Game 2~Rose: Butler... http://t.co/Q4LPijGDcm
Wed May 06 16:23:42 +0000 2015,#Bulls #Collectible Michael Jordan Lot Of 20 Different Cards http://t.co/Dn6zrWdQdE #MichaelJordan
Wed May 06 16:23:32 +0000 2015,RT @Will_Perdue32: It's time for the #Bulls to get greedy. Don't settle for just one win. Rip their heart out and go back to Chicago up 2-0…
Wed May 06 16:23:07 +0000 2015,L #DerrickRose #Bulls 2008-09 Topps T-51 Murad Derrick Rose Rookie #NBA #Collectibles http://t.co/srS5nnjgND
Wed May 06 16:22:58 +0000 2015,RT @six5media: The facts held here. Rooting for the #Bulls to run the tables.  https://t.co/m7jaY4k64T
Wed May 06 16:22:40 +0000 2015,The facts held here. Rooting for the #Bulls to run the tables.  https://t.co/m7jaY4k64T
Wed May 06 16:22:35 +0000 2015,RT @McGrawDHBulls: There's one major NBA award that hasn't been announced: Most Improved Players. I suspect Jimmy Butler gets it tomorrow. …
Wed May 06 16:22:33 +0000 2015,#NBAPlayoffs para hoy: #Bulls @ #Cavaliers (1-0) y #Clippers @ #Rockets (1-0)
Wed May 06 16:21:35 +0000 2015,RT @MAWhitlow: ICYMI from the early morning: What @drose will the @chicagobulls get in Game 2? http://t.co/t6zMOSRXb5 #Bulls @HoopsHabit @S…
Wed May 06 16:21:25 +0000 2015,!!!... Get a W today #Bulls  https://t.co/dGlGNbx8wF
Wed May 06 16:21:19 +0000 2015,#Cavs vs the #Bulls, Nah! Cleveland's vs. #Chicago's music scenes is the more interesting battle! http://t.co/vu34qlp27C
Wed May 06 16:21:04 +0000 2015,Man all the media and analysts and James himself have me thinking they're going to come out strong and take game 2 tonight we'll see #Bulls
Wed May 06 16:20:53 +0000 2015,RT @McGrawDHBulls: There's one major NBA award that hasn't been announced: Most Improved Players. I suspect Jimmy Butler gets it tomorrow. …
Wed May 06 16:20:26 +0000 2015,ICYMI from the early morning: What @drose will the @chicagobulls get in Game 2? http://t.co/t6zMOSRXb5 #Bulls @HoopsHabit @SportsBlogRT
Wed May 06 16:20:00 +0000 2015,RT @lasvegasbetting: #NBAPlayoffs Game 2 Betting Odds &amp; Free ATS Sports Picks on Chicago #Bulls vs Cleveland #Cavs on TNT - http://t.co/fpy…
Wed May 06 16:19:51 +0000 2015,RT @BrittMcHenry: Pau Gasol said if #Cavs make adjustments to Rose, just opens up shooters outside. Said emphasis is on setting the pace li…
Wed May 06 16:18:23 +0000 2015,RT @Suntimes: Jimmy Butler doesn't want to be known as a superstar. http://t.co/4pvH5OtusX #Bulls http://t.co/Qzdo6ZDvx7 via @STN_Sports
Wed May 06 16:18:20 +0000 2015,RT @Suntimes: Jimmy Butler doesn't want to be known as a superstar. http://t.co/4pvH5OtusX #Bulls http://t.co/Qzdo6ZDvx7 via @STN_Sports
Wed May 06 16:18:12 +0000 2015,RT @CSNChicago: #Bulls GM Gar Forman on Thibodeau rumors: It’s all just noise -- http://t.co/Qd8N8NHEw9 #BullsTalk http://t.co/kQqbFSkFYH
Wed May 06 16:18:02 +0000 2015,Chicago Bulls vs Cleveland Cavaliers Pick - http://t.co/8s7vT2Rncy #sportsbetting #Cavaliers #Bulls  @JbunitedStates
Wed May 06 16:17:39 +0000 2015,#Sporting #Goods Chicago #Bulls Flag 3' X 5' http://t.co/srjsG5kwzs #Deals #Bargains
Wed May 06 16:17:39 +0000 2015,#NBA #Basketball CHICAGO #Bulls NBA DOUBLE SIDED BLACK CAR FLAG BY RICO FREE SHIPPING **SALE** http://t.co/XbSBBL2fkU #onsale #Discount
Wed May 06 16:17:36 +0000 2015,L #Sporting #Goods Vintage #NBA Chicago #Bulls Throwback Hockey Starter Jersey sz LARGE NWOT #Deals #Bargains http://t.co/0kzr6yhnRV
Wed May 06 16:17:36 +0000 2015,TIX http://t.co/QPfcVZgqXO Chicago #Bulls Cleveland #Cavaliers 3 #Ticket 5/8/15 #Bulls Home Game 1… http://t.co/0BNamwrc5y #Tickets #Deals
Wed May 06 16:17:35 +0000 2015,@treykerby @Bulls_Jay stop it all this talk will draw in the #Bulls #minutespolice closely followed by #Thibscoachingsucks
Wed May 06 16:16:31 +0000 2015,RT @McGrawDHBulls: At shootaround this AM, Derrick Rose gave credit to Bucks defense for making #Bulls work so hard in Round 1. Offense is …
Wed May 06 16:15:55 +0000 2015,RT @McGrawDHBulls: There's one major NBA award that hasn't been announced: Most Improved Players. I suspect Jimmy Butler gets it tomorrow. …
Wed May 06 16:15:09 +0000 2015,Jimmy Butler doesn't want to be known as a superstar. http://t.co/4pvH5OtusX #Bulls http://t.co/Qzdo6ZDvx7 via @STN_Sports
Wed May 06 16:15:08 +0000 2015,TIX http://t.co/WNmQiCuOIw 2 TIX Round 2 Chicago #Bulls vs CLE Cavaliers HG1 5/8 United Center… http://t.co/3CKVDJ3Ak2 #Tickets #Ticket
Wed May 06 16:15:07 +0000 2015,RT @Will_Perdue32: It's time for the #Bulls to get greedy. Don't settle for just one win. Rip their heart out and go back to Chicago up 2-0…
Wed May 06 16:15:00 +0000 2015,Jimmy Butler really wants you to know that he is not a super star — http://t.co/wtCWMGT615 #NBAPlayoffs #Bulls #Cavs
Wed May 06 16:14:40 +0000 2015,RT @TheBullsShow: Spent last 36 hours mentally preparing myself for a G2 letdown, so I'll probably catch some feelings if the #Bulls troll …
Wed May 06 16:14:01 +0000 2015,#NBAPlayoffs Game 2 Betting Odds &amp; Free ATS Sports Picks on Chicago #Bulls vs Cleveland #Cavs on TNT - http://t.co/fpyMb5k5G0
Wed May 06 16:13:54 +0000 2015,RT @Will_Perdue32: It's time for the #Bulls to get greedy. Don't settle for just one win. Rip their heart out and go back to Chicago up 2-0…
Wed May 06 16:13:53 +0000 2015,RT evilvincephoto: BullsBard &lt;&gt; Let's Go #Chicago #Bulls &lt;&gt; ChicagoBulls DRose PauGasol JoakimNoah JimmyButler Taj… http://t.co/Lt2hK8O3w2
Wed May 06 16:13:39 +0000 2015,RT @RJinVegas: #Bulls favored (-120) over #Cavs (+100) to win series
Wed May 06 16:13:32 +0000 2015,RT @McGrawDHBulls: At shootaround this AM, Derrick Rose gave credit to Bucks defense for making #Bulls work so hard in Round 1. Offense is …
Wed May 06 16:13:22 +0000 2015,Starting Thompson is obvious for #Cavs. Kills #Bulls on the glass.
Wed May 06 16:13:15 +0000 2015,RT @RJinVegas: #Bulls favored (-120) over #Cavs (+100) to win series
Wed May 06 16:12:48 +0000 2015,RT @evilvincephoto: @BullsBard &lt;&gt; Let's Go #Chicago #Bulls &lt;&gt; @ChicagoBulls @DRose @PauGasol @JoakimNoah @JimmyButler @TajGibson22/@TonySne…
Wed May 06 16:12:21 +0000 2015,@BullsBard &lt;&gt; Let's Go #Chicago #Bulls &lt;&gt; @ChicagoBulls @DRose @PauGasol @JoakimNoah @JimmyButler @TajGibson22/@TonySnell20 @BennyTheBull
Wed May 06 16:11:43 +0000 2015,L L #Basketball #Bulls 2008-09 Fleer Hot Prospects #DerrickRose 2 Color Patch RC Auto 102/199 #Buzz #Collectible http://t.co/kLnDzqNbvS
Wed May 06 16:11:25 +0000 2015,If #Bulls upset the #Cavs this series they need to credit the #Celtics as their 6th man.//#collusion/#NBAPlayoffs
Wed May 06 16:11:09 +0000 2015,You won't believe how cheap tickets are for #Cavs &amp; #Bulls tonight http://t.co/JPaN29WujL  #TheLand #NBAPlayoffs http://t.co/oWZhIy6euK
Wed May 06 16:10:11 +0000 2015,Huge game tonight! #Cavs look to even up against the #Bulls. 0-2 could be trouble. Great seats for the series here! http://t.co/FVF1AH6FDz
Wed May 06 16:09:57 +0000 2015,RT @RJinVegas: #Bulls favored (-120) over #Cavs (+100) to win series
Wed May 06 16:09:39 +0000 2015,derrick rose #lt #bulls
Wed May 06 16:09:09 +0000 2015,Who you wit!?! #nowwatch 😊#bulls #cavs #playoffs https://t.co/7okKz3jsoq
Wed May 06 16:08:41 +0000 2015,#NBAPlayoffs /#Bulls +5.5, Under 194.5/#Clippers +7, Over 214/#Vegas
Wed May 06 16:08:14 +0000 2015,#chicagobulls #bulls #chicago Butler uncomfortable with 'superstar' label http://t.co/yg042vxs0S
Wed May 06 16:08:05 +0000 2015,TIX http://t.co/WNmQiCuOIw L L L 4 Round 2 Chicago #Bulls vs CLE Cavaliers Home Game 1 5/8 United… http://t.co/jyvDWGyPZr #Tickets #Ticket
Wed May 06 16:07:59 +0000 2015,RT @KAOIR_Cosmetics: #kaoirdoll @b_theshow wearing her #KAOIR #SHOWOFF #Redlipstick... ready for the #Bulls game &gt; http://t.co/6N8tw0NAeR h…
Wed May 06 16:07:57 +0000 2015,RT @Wallen_Ajedo: If the #Bulls go 2-0 against the Cavs they are in good shape to sweep but i will stick with my #Bulls in 7
Wed May 06 16:07:40 +0000 2015,#Bulls #Collectible 1989 Hoops Michael Jordan and Scottie Pippen http://t.co/xiWYxoBPMc #MichaelJordan
Wed May 06 16:07:14 +0000 2015,How the Cavs Can Advance Without Love- http://t.co/Bw1V6wys0i  #NBA #Cavs #Bulls http://t.co/op6x98FUJl
Wed May 06 16:07:10 +0000 2015,L L #DerrickRose #Bulls Derrick Rose 2013-14 Immaculate Insignias All-Star Logo Patch #5/5 Rare 1/1 #NBA… http://t.co/WSvwEBDO3F
Wed May 06 16:07:06 +0000 2015,L L #NBA #Basketball MENS MITCHELL AND NESS ADIDAS CHICAGO #Bulls TANK TOP SIZE XXL ROSE MICHAEL #onsale #Discount http://t.co/DlYGwl7FRg
Wed May 06 16:07:02 +0000 2015,#bulls gotta take care of business tonight
Wed May 06 16:06:35 +0000 2015,@drose @JoakimNoah @JimmyButler @TonySnell20 today is my birthday and the only thing I want is a win tonight lol. #BULLSvsCAVS #Bulls
Wed May 06 16:05:34 +0000 2015,RT @RJinVegas: #Bulls favored (-120) over #Cavs (+100) to win series
Wed May 06 16:05:16 +0000 2015,LeBron :Kyrie, Myself Need To Change Mindset With Love Out - http://t.co/17HQ8Swz1C #NBA #BULLS
Wed May 06 16:05:11 +0000 2015,3 Keys for Chicago Bulls to Beat Cleveland Cavaliers in Second Round http://t.co/LrdBN0bRly #Bulls #NBA
Wed May 06 16:05:10 +0000 2015,#OnlineBetting: #Cavaliers Look For Revenge in Game 2 vs #Bulls → http://t.co/jEBgoVKwNq/#CLEvsCHI #NBAPlayoffs #Cavs http://t.co/5Lk9aOJAuN
Wed May 06 16:05:09 +0000 2015,😳😳😳 RT @RJinVegas: #Bulls favored (-120) over #Cavs (+100) to win series
Wed May 06 16:05:07 +0000 2015,Chicago #Bulls #vs. #Cleveland #Cavaliers: #Live #Score #and #Analysis #for #Game #1… http://t.co/599gmGwqkY |P2 http://t.co/lAkjqA1K79
Wed May 06 16:05:06 +0000 2015,#GetFit #Fitspo How to Overcome Junk Food Cravings With Weight Loss Hypnosis http://t.co/zEG1QRHMuw #DerrickRose #Bulls
Wed May 06 16:05:05 +0000 2015,#FatLoss #Fitness Health Tip: Why Proteins Are Essential http://t.co/qvItXFRv6j #Bulls #FitBit
Wed May 06 16:05:05 +0000 2015,TIX http://t.co/QPfcVZgqXO A A 4 Round 2 Chicago #Bulls vs CLE #Cavaliers Home Game 1 5/8 United… http://t.co/Vn5f5ThOhD #Tickets #Deals
Wed May 06 16:05:00 +0000 2015,RT @McGrawDHBulls: At shootaround this AM, Derrick Rose gave credit to Bucks defense for making #Bulls work so hard in Round 1. Offense is …
Wed May 06 16:03:23 +0000 2015,RT @RJinVegas: #Bulls favored (-120) over #Cavs (+100) to win series
Wed May 06 16:03:11 +0000 2015,The #Bulls (+6) are 7-2 ATS in their last 9 games overall. http://t.co/UvtwYTJ2Rk Can they cover against the #Cavs in Game 2 tonight?
Wed May 06 16:02:58 +0000 2015,RT @RJinVegas: #Bulls favored (-120) over #Cavs (+100) to win series
Wed May 06 16:02:42 +0000 2015,RT @JerryAzumah: I need the #Bulls to take a 2 Game lead over the Cavs Tonight!!!
Wed May 06 16:02:35 +0000 2015,Whaddup Pip? The #Bulls can take a 2-0 series lead in a best-of-7 series tonight for the 1st time… https://t.co/btbyasM1OA
Wed May 06 16:02:33 +0000 2015,Just BC I don't tweet hardcore about the #Bulls #49ers doesn't mean I'm not a die hard fan. #ImJusSayin
Wed May 06 16:02:08 +0000 2015,#Sporting #Goods NWT MENS #NBA CHICAGO #Bulls MICHAEL JORDAN #23 JERSEY SZ 2XL SEWN BLACK STRIPED http://t.co/I1LZf73lJt #Deals #Bargains
Wed May 06 16:02:08 +0000 2015,I'll have to go back to a tweet earlier in year where I picked #Grizz and #Bulls in the championship. Because that's what it's gonna be.
Wed May 06 16:02:08 +0000 2015,#NBA #Basketball Vintage Youth Scottie Pippen Chicago #Bulls NBA Licensed Champion Red Jersey http://t.co/tjClulGUjJ #onsale #Discount
Wed May 06 16:01:58 +0000 2015,#Bulls vs #Cavaliers tonight @ 6! Get here for a $5 burger and $1 off drafts! #chicagospecials #ChicagoBulls
Wed May 06 16:01:44 +0000 2015,RT @RJinVegas: #Bulls favored (-120) over #Cavs (+100) to win series
Wed May 06 16:01:27 +0000 2015,RT @McGrawDHBulls: There's one major NBA award that hasn't been announced: Most Improved Players. I suspect Jimmy Butler gets it tomorrow. …
Wed May 06 16:01:12 +0000 2015,L #DerrickRose #Bulls Adidas Swingman NBA Jersey Bulls Derrick Rose Red sz XL #NBA #Collectibles http://t.co/tVOZc1oshN
Wed May 06 16:01:11 +0000 2015,#Sporting #Goods #DerrickRose ADIDAS AS SMU ROSE 773 PROMO MENS SIZE 12.5 #Basketball GREEN #Bulls http://t.co/zwpb0Eo7pz #Forsale #Onsale
Wed May 06 16:01:11 +0000 2015,#Basketball #Bulls #DerrickRose ADIDAS AS SMU ROSE 773 PROMO MENS SIZE 12.5 BASKETBALL GREEN… http://t.co/obkw22JBr7 #Buzz #Collectible
Wed May 06 16:01:10 +0000 2015,#DerrickRose #Bulls DERRICK ROSE ADIDAS AS SMU ROSE 773 PROMO MENS SIZE 12.5 BASKETBALL GREEN… http://t.co/3RFIyDfIOG #NBA #Collectibles
Wed May 06 16:01:09 +0000 2015,L #NBA #Basketball Chicago #Bulls Starter Jacket XXL #onsale #Discount http://t.co/Ekevt02fuk
Wed May 06 16:01:05 +0000 2015,TIX http://t.co/QPfcVZgqXO 2 TIX Round 2 Chicago #Bulls vs CLE #Cavaliers HG1 5/8 United Center… http://t.co/RPmLNOzTX2 #Tickets #Deals
Wed May 06 16:01:02 +0000 2015,RT @RJinVegas: #Bulls favored (-120) over #Cavs (+100) to win series
Wed May 06 16:00:50 +0000 2015,RT @RJinVegas: #Bulls favored (-120) over #Cavs (+100) to win series
