Wed May 06 16:29:32 +0000 2015,#Cavs and #Rockets. #NBAPlayoffs
Wed May 06 16:27:57 +0000 2015,RT @twithersAP: LeBron says "I believe I’ll be much sharper tonight." #Cavs
Wed May 06 16:27:52 +0000 2015,Shouldn't the #Cavs be starting another SG to replace Miller? Joe Harris? ;) /#swoon #UVA  https://t.co/sVNKqwAYJ1
Wed May 06 16:27:51 +0000 2015,RT @RJinVegas: #Bulls favored (-120) over #Cavs (+100) to win series
Wed May 06 16:27:10 +0000 2015,@larrydeal24 @SuthrnLivin24 they play at 7. #TheyHaveToWin #Cavs
Wed May 06 16:26:59 +0000 2015,Ce soir #cavs vs #Bulls /#clippers vs #Rockets
Wed May 06 16:26:55 +0000 2015,RT @JukeboxCLE: Music trivia tonight 8pm. Of course we'll also have #cavs on the TV. @lastcallneohio @lastcallusa #thisiscle http://t.co/Us…
Wed May 06 16:26:50 +0000 2015,RT @BrittMcHenry: Pau Gasol said if #Cavs make adjustments to Rose, just opens up shooters outside. Said emphasis is on setting the pace li…
Wed May 06 16:26:47 +0000 2015,BET YOUR LIFE SAVINGS ON CAVS RT @RJinVegas: #Bulls favored (-120) over #Cavs (+100) to win series
Wed May 06 16:26:22 +0000 2015,Music trivia tonight 8pm. Of course we'll also have #cavs on the TV. @lastcallneohio @lastcallusa #thisiscle http://t.co/UsDlr8t46w
Wed May 06 16:26:20 +0000 2015,The #Cavs are going to move on from game one in a big way tonight: http://t.co/lJ2pHpcHio via @EvrybdyHatesCLE
Wed May 06 16:25:47 +0000 2015,35 de lebron, 100 @ 92 #cavs. #sinmiedoalguayo @LaGarataMega @deplaymaker
Wed May 06 16:25:23 +0000 2015,RT @ChrisBHaynes: #Cavs to start F Tristan Thompson in Game 2 against Bulls, according to league sources http://t.co/lf51Ccgdhr
Wed May 06 16:24:55 +0000 2015,Today all Day. #CAVS//https://t.co/f2aznPZNcY
Wed May 06 16:24:38 +0000 2015,THE MEDIA GOING TO MESS UP @KingJames MARRIAGE ! CRAZY #NBA #CAVS
Wed May 06 16:23:57 +0000 2015,RT @JasonLloydABJ: Last player on court this morning for #Cavs? J.R. Smith. http://t.co/U1LPH4DoAQ
Wed May 06 16:22:46 +0000 2015,RT @twithersAP: LeBron says "I believe I’ll be much sharper tonight." #Cavs
Wed May 06 16:21:55 +0000 2015,RT @twithersAP: LeBron says "I believe I’ll be much sharper tonight." #Cavs
Wed May 06 16:21:19 +0000 2015,#Cavs vs the #Bulls, Nah! Cleveland's vs. #Chicago's music scenes is the more interesting battle! http://t.co/vu34qlp27C
Wed May 06 16:20:55 +0000 2015,RT @twithersAP: LeBron says "I believe I’ll be much sharper tonight." #Cavs
Wed May 06 16:20:54 +0000 2015,Top 5 NBA Plays: May 5th...WATCH NOW: http://t.co/p656RdGCmK #ESPN #NBA #SPORTSCENTER #CAVS #WARRIORS #HAWKS #WIZARDS http://t.co/sgCqoxj5Ds
Wed May 06 16:20:49 +0000 2015,RT @twithersAP: LeBron says "I believe I’ll be much sharper tonight." #Cavs
Wed May 06 16:20:42 +0000 2015,RT @twithersAP: LeBron says "I believe I’ll be much sharper tonight." #Cavs
Wed May 06 16:20:29 +0000 2015,Top 5 NBA Plays: May 5th...WATCH NOW: http://t.co/p656RdGCmK #ESPN #NBA #SPORTSCENTER #CAVS #WARRIORS #HAWKS #WIZARDS
Wed May 06 16:20:00 +0000 2015,RT @lasvegasbetting: #NBAPlayoffs Game 2 Betting Odds &amp; Free ATS Sports Picks on Chicago #Bulls vs Cleveland #Cavs on TNT - http://t.co/fpy…
Wed May 06 16:19:53 +0000 2015,I'm not sure I'm mentally capable of handling a #Cavs loss tonight in a mature responsible way.
Wed May 06 16:19:51 +0000 2015,RT @BrittMcHenry: Pau Gasol said if #Cavs make adjustments to Rose, just opens up shooters outside. Said emphasis is on setting the pace li…
Wed May 06 16:19:50 +0000 2015,RT @JasonLloydABJ: Last player on court this morning for #Cavs? J.R. Smith. http://t.co/U1LPH4DoAQ
Wed May 06 16:19:36 +0000 2015,LeBron says "I believe I’ll be much sharper tonight." #Cavs
Wed May 06 16:17:32 +0000 2015,Tonight's the night! Let's go Cleveland! #nativecleveland #cleveland #cle #thisiscle #216 #cavs… https://t.co/A4NC5yZAwL
Wed May 06 16:16:04 +0000 2015,RT @Cavs_Mania: Kyrie Irving Vs. Derrick Rose//RT for Kyrie/FAV for Rose//#CavsMania //#NBA 🏀 #Cavs http://t.co/Mmdz91L6rA
Wed May 06 16:16:02 +0000 2015,RT @ESPNCleveland: McMenamin: I think the #Cavs are clearly shaken by not having JR and Kevin. I don't think the layoff was as big a factor…
Wed May 06 16:15:50 +0000 2015,RT @ESPNCleveland: McMenamin: I like Tristan Thompson starting. That is David Blatt saying, this is our best 5 guys to go out there and pla…
Wed May 06 16:15:16 +0000 2015,RT @ESPNCleveland: McMenamin: I don't think there is a number Lebron needs to score. He just needs to execute in some moments he didn't in …
Wed May 06 16:15:00 +0000 2015,Jimmy Butler really wants you to know that he is not a super star — http://t.co/wtCWMGT615 #NBAPlayoffs #Bulls #Cavs
Wed May 06 16:14:55 +0000 2015,RT @NBAMemes: LeBron James when he realized he's facing the BULLS.//#Cavs http://t.co/CEaj240jya
Wed May 06 16:14:01 +0000 2015,#NBAPlayoffs Game 2 Betting Odds &amp; Free ATS Sports Picks on Chicago #Bulls vs Cleveland #Cavs on TNT - http://t.co/fpyMb5k5G0
Wed May 06 16:13:44 +0000 2015,RT ESPNCleveland "McMenamin: I think the #Cavs are clearly shaken by not having JR and Kevin. I don't think the layoff was as big a factor …
Wed May 06 16:13:44 +0000 2015,RT ESPNCleveland "Dave McMenamin (mcten), ESPN #Cavs reporter, joins The Really Big Show on ESPN 850 WKNR, http://t.co/Jj4RXGG1WF"
Wed May 06 16:13:39 +0000 2015,RT @RJinVegas: #Bulls favored (-120) over #Cavs (+100) to win series
Wed May 06 16:13:31 +0000 2015,RT @ESPNCleveland: McMenamin: I think the #Cavs are clearly shaken by not having JR and Kevin. I don't think the layoff was as big a factor…
Wed May 06 16:13:22 +0000 2015,Starting Thompson is obvious for #Cavs. Kills #Bulls on the glass.
Wed May 06 16:13:15 +0000 2015,RT @RJinVegas: #Bulls favored (-120) over #Cavs (+100) to win series
Wed May 06 16:13:14 +0000 2015,My new Twitter avatar through the NBA playoffs. GO CAVALIERS! #Cavs #Cavaliers https://t.co/p4gW8qTOAB
Wed May 06 16:12:48 +0000 2015,#Cavs #cavaliers #ClevelandCavaliers LeBron James considering a change of mindset without Kevin Love http://t.co/dOlkCJVYuk
Wed May 06 16:12:08 +0000 2015,RT @illstr8r: &lt;--- I'm #ALLIN for my #Cavaliers! Let's do this! #ALLinCLE #Cavs
Wed May 06 16:11:45 +0000 2015,.KyrieIrving talks about pushing the tempo tonight. //#CavsTV [VIDEO]: http://t.co/IpfgkUymuY #CavsBulls http://t.co/wIqR4dpuJL #Cavs
Wed May 06 16:11:25 +0000 2015,If #Bulls upset the #Cavs this series they need to credit the #Celtics as their 6th man.//#collusion/#NBAPlayoffs
Wed May 06 16:11:09 +0000 2015,You won't believe how cheap tickets are for #Cavs &amp; #Bulls tonight http://t.co/JPaN29WujL  #TheLand #NBAPlayoffs http://t.co/oWZhIy6euK
Wed May 06 16:10:59 +0000 2015,RT @CLECLOTHINGCO: 🎶 #CAVS Basketball TONIGHT'S THE NIIIGHT! 🎶 Let's Grab Game 2! The @e4thst store opens at 11am! RETWEET! http://t.co/s8c…
Wed May 06 16:10:13 +0000 2015,&lt;--- I'm #ALLIN for my #Cavaliers! Let's do this! #ALLinCLE #Cavs
Wed May 06 16:10:11 +0000 2015,The talented @GVartwork crew! Thanks for stopping today. #cavs #art #tshirts http://t.co/jnTVUM4l07
Wed May 06 16:10:11 +0000 2015,#Cavs Tweets: .@KyrieIrving talks about pushing the tempo… http://t.co/RMUXROJLII #NBA http://t.co/QRlj2ZhKKJ http://t.co/0ImvhQZbcW
Wed May 06 16:10:11 +0000 2015,Huge game tonight! #Cavs look to even up against the #Bulls. 0-2 could be trouble. Great seats for the series here! http://t.co/FVF1AH6FDz
Wed May 06 16:09:57 +0000 2015,RT @RJinVegas: #Bulls favored (-120) over #Cavs (+100) to win series
Wed May 06 16:09:18 +0000 2015,RT @ESPNCleveland: McMenamin: I think the #Cavs are clearly shaken by not having JR and Kevin. I don't think the layoff was as big a factor…
Wed May 06 16:09:09 +0000 2015,Who you wit!?! #nowwatch 😊#bulls #cavs #playoffs https://t.co/7okKz3jsoq
Wed May 06 16:08:56 +0000 2015,RT @ESPNCleveland: McMenamin: I don't think there is a number Lebron needs to score. He just needs to execute in some moments he didn't in …
Wed May 06 16:08:54 +0000 2015,RT @CLECLOTHINGCO: 🎶 #CAVS Basketball TONIGHT'S THE NIIIGHT! 🎶 Let's Grab Game 2! The @e4thst store opens at 11am! RETWEET! http://t.co/s8c…
Wed May 06 16:08:53 +0000 2015,RT @ESPNCleveland: McMenamin: I don't think there is a number Lebron needs to score. He just needs to execute in some moments he didn't in …
Wed May 06 16:08:23 +0000 2015,McMenamin: I don't think there is a number Lebron needs to score. He just needs to execute in some moments he didn't in game 1. #Cavs
Wed May 06 16:08:17 +0000 2015,#ClevelandCavaliers #cleveland #cavs New Cleveland Cavaliers Rumors. Wednesday, May 6 2015 http://t.co/ckZFAnetpT
Wed May 06 16:08:16 +0000 2015,#Cavs #cavaliers #cleveland Cavaliers' Tristan Thompson To Be Given Opportunity To Shine In Game 2 http://t.co/JSXXAGyZbO
Wed May 06 16:08:16 +0000 2015,#Cavs #cavaliers #ClevelandCavaliers LeBron James' missed opportunity http://t.co/NMcqPWt6Xu
Wed May 06 16:07:41 +0000 2015,RT @JasonLloydABJ: Last player on court this morning for #Cavs? J.R. Smith. http://t.co/U1LPH4DoAQ
Wed May 06 16:07:15 +0000 2015,RT @Cavs_Mania: Kyrie Irving Vs. Derrick Rose//RT for Kyrie/FAV for Rose//#CavsMania //#NBA 🏀 #Cavs http://t.co/Mmdz91L6rA
Wed May 06 16:07:14 +0000 2015,How the Cavs Can Advance Without Love- http://t.co/Bw1V6wys0i  #NBA #Cavs #Bulls http://t.co/op6x98FUJl
Wed May 06 16:07:07 +0000 2015,#ESPN #Cavs The Point Four-ward: One and (Not) Done http://t.co/4qIgwTSydV http://t.co/fs56EKOqpR
Wed May 06 16:06:51 +0000 2015,RT @ESPNCleveland: McMenamin: I like Tristan Thompson starting. That is David Blatt saying, this is our best 5 guys to go out there and pla…
Wed May 06 16:06:21 +0000 2015,RT @JasonLloydABJ: Last player on court this morning for #Cavs? J.R. Smith. http://t.co/U1LPH4DoAQ
Wed May 06 16:05:55 +0000 2015,RT @exiledclevelndr: Agree w/ @wfnykirk re: #Cavs defense. Force Rose to make jumpers, run Gasol off 15-17 footer &amp; stay on shooters. http:…
Wed May 06 16:05:45 +0000 2015,RT @ESPNCleveland: McMenamin: I like Tristan Thompson starting. That is David Blatt saying, this is our best 5 guys to go out there and pla…
Wed May 06 16:05:42 +0000 2015,RT @JasonLloydABJ: Last player on court this morning for #Cavs? J.R. Smith. http://t.co/U1LPH4DoAQ
Wed May 06 16:05:34 +0000 2015,RT @RJinVegas: #Bulls favored (-120) over #Cavs (+100) to win series
Wed May 06 16:05:34 +0000 2015,McMenamin: I like Tristan Thompson starting. That is David Blatt saying, this is our best 5 guys to go out there and play your best 5 #Cavs
Wed May 06 16:05:24 +0000 2015,RT @BHuston_STATS: One more rec: @WFNYKirk does a great job analyzing the Bulls' pick-and-pop success &amp; what adjustments #Cavs can make. ht…
Wed May 06 16:05:12 +0000 2015,RT @ESPNCleveland: McMenamin: I think the #Cavs are clearly shaken by not having JR and Kevin. I don't think the layoff was as big a factor…
Wed May 06 16:05:10 +0000 2015,#OnlineBetting: #Cavaliers Look For Revenge in Game 2 vs #Bulls → http://t.co/jEBgoVKwNq/#CLEvsCHI #NBAPlayoffs #Cavs http://t.co/5Lk9aOJAuN
Wed May 06 16:05:09 +0000 2015,😳😳😳 RT @RJinVegas: #Bulls favored (-120) over #Cavs (+100) to win series
Wed May 06 16:04:18 +0000 2015,McMenamin: I think the #Cavs are clearly shaken by not having JR and Kevin. I don't think the layoff was as big a factor as that.
Wed May 06 16:03:57 +0000 2015,Bulls vs Cavs Game 2 at 7 tonight #CAVSvBULLS #Cavs #Hometown #AkronOhio
Wed May 06 16:03:49 +0000 2015,RT @ESPNCleveland: Dave McMenamin (@mcten), ESPN #Cavs reporter, joins The Really Big Show on ESPN 850 WKNR, http://t.co/l1VfrW2yk5
Wed May 06 16:03:28 +0000 2015,Dave McMenamin (@mcten), ESPN #Cavs reporter, joins The Really Big Show on ESPN 850 WKNR, http://t.co/l1VfrW2yk5
Wed May 06 16:03:23 +0000 2015,RT @RJinVegas: #Bulls favored (-120) over #Cavs (+100) to win series
Wed May 06 16:03:11 +0000 2015,The #Bulls (+6) are 7-2 ATS in their last 9 games overall. http://t.co/UvtwYTJ2Rk Can they cover against the #Cavs in Game 2 tonight?
Wed May 06 16:02:58 +0000 2015,RT @RJinVegas: #Bulls favored (-120) over #Cavs (+100) to win series
Wed May 06 16:02:57 +0000 2015,Game Day! Let's Go #Cavs We Need This Game!
Wed May 06 16:02:30 +0000 2015,Foto: kevinlovebr: #kevinlove #kevinlovebrasil #clevelandcavaliers #cavs #cleveland #cavaliers #nba... http://t.co/yAfwE28x4T
Wed May 06 16:02:26 +0000 2015,#kingJames by #popartist #KfirMoyal #acrylic on #canvas covered #Swarovski #crystals #miami #Heat #NBA #Cavs... http://t.co/JhpNEy6GBP
Wed May 06 16:01:47 +0000 2015,RT @ChrisBHaynes: #Cavs to start F Tristan Thompson in Game 2 against Bulls, according to league sources http://t.co/lf51Ccgdhr
Wed May 06 16:01:44 +0000 2015,RT @RJinVegas: #Bulls favored (-120) over #Cavs (+100) to win series
Wed May 06 16:01:36 +0000 2015,Agree w/ @wfnykirk re: #Cavs defense. Force Rose to make jumpers, run Gasol off 15-17 footer &amp; stay on shooters. http://t.co/2sdpxSbcac
Wed May 06 16:01:31 +0000 2015,RT @ESPNCleveland: Golden Boyz @PlevinGallucci poll: After suffering through the gm one loss, do u still think the #Cavs win the series? RT…
Wed May 06 16:01:02 +0000 2015,RT @RJinVegas: #Bulls favored (-120) over #Cavs (+100) to win series
Wed May 06 16:00:50 +0000 2015,RT @RJinVegas: #Bulls favored (-120) over #Cavs (+100) to win series
Wed May 06 16:00:45 +0000 2015,RT @ESPNCleveland: Windhorst:  Everything Kevin Love has said and done indicates he'll be back with the #Cavs next year.  But nationally th…
Wed May 06 16:00:13 +0000 2015,#Cavs turn to Thompson, #Bulls prepared http://t.co/ERAyKmIDSi #NBA
Wed May 06 15:59:14 +0000 2015,RT @RJinVegas: #Bulls favored (-120) over #Cavs (+100) to win series
Wed May 06 15:59:13 +0000 2015,RT @RJinVegas: #Bulls favored (-120) over #Cavs (+100) to win series
Wed May 06 15:58:58 +0000 2015,RT @kc1nyk: #Cavs #Cavaliers SG-SF J.R. Smith said he thinks if he had remained with the #Knicks he would pick up his $6.4 million player o…
