Wed May 06 16:29:05 +0000 2015,L #NBA #Celtics #Arena Vtg Mens NBA BOSTON CELTICS #34 PAUL PIERCE Nike SEWN ON Basketball Jersey… #BasketBall… http://t.co/fbcb7B2LQV
Wed May 06 16:28:48 +0000 2015,The #Celtics have a void at small forward. @SherrodbCSN looks at potential draft candidates to fill the position – http://t.co/xJOhlUDdnX
Wed May 06 16:28:37 +0000 2015,On this day in 1997, Rick Pitino was hired as head coach of the #Celtics! @FrankDangelo23 http://t.co/59lOON5JbR
Wed May 06 16:20:37 +0000 2015,#Celtics #Tshirt Boston Celtics NBA basketball mens t-shirt medium UNK preshrunk cotton polyester http://t.co/gLsq39ggxI #NBA #Boston
Wed May 06 16:20:10 +0000 2015,Draft Notes :Mudiay, Towns, Mickey http://t.co/SYIPgMcev1 #Celtics #NBA
Wed May 06 16:19:11 +0000 2015,L #Celtics #Hat BOSTON CELTICS NBA HAT / CAP BLACK VELCRO BACK ONE SIZE NEW #Boston #BestSeller http://t.co/6nJfnBwgsE
Wed May 06 16:16:20 +0000 2015,#Celtics #Jersey Vintage Boston Celtics Kevin Garnett Adidas Swingman Sewn Jersey Youth M Medium http://t.co/cdyojPthta #Basketball #NBA
Wed May 06 16:16:20 +0000 2015,#NBA #Boston #Celtics adidas Men's Slim Metro Cut Trefoil Heather Grey T-Shirt http://t.co/fpr5QJyyR4 #BasketBall #Forsale
Wed May 06 16:16:19 +0000 2015,#NBA #Celtics #Arena Boston Celtics Warm-Up Jacket Billups http://t.co/WMuubf4ztr #BasketBall #Deals
Wed May 06 16:16:18 +0000 2015,#Celtics #Hat Adidas Boston Celtics Black Baseball Hat Youth Size Small ~ EUC http://t.co/a4Lj2E2BBU #Boston #BestSeller
Wed May 06 16:14:28 +0000 2015,#Boston #Celtics 2oz. Enhanced 3D Shot Glass http://t.co/9ewPgzwWmh http://t.co/813CjYvty2
Wed May 06 16:11:25 +0000 2015,If #Bulls upset the #Cavs this series they need to credit the #Celtics as their 6th man.//#collusion/#NBAPlayoffs
Wed May 06 16:11:07 +0000 2015,RT @kc1nyk: Report: #Knicks expected to be one of #Pistons star C-PF Greg Monroe's top choices in UFA. #Celtics.
Wed May 06 16:08:06 +0000 2015,L #Celtics #Jersey Adidas Swingman NBA Jersey BOSTON Celtics Garnett Green sz XL #Basketball #NBA http://t.co/hfMNDPExXV
Wed May 06 16:07:08 +0000 2015,#Healthy #Program Rapid Weight Loss Diet http://t.co/RkA8QA7awf #Celtics #GetFit
Wed May 06 16:07:03 +0000 2015,Cavaliers Finish Sweep of Celtics but Lose Kevin Love to Injury - http://t.co/VJownNwpcL #Celtics
Wed May 06 16:04:35 +0000 2015,#Celtics #Tshirt ADIDAS NBA BOSTON CELTICS RAJON RONDO GREEN JERSEY T-SHIRT SIZE ADULT MED http://t.co/A5RmwN8xmU #NBA #Boston
Wed May 06 16:02:54 +0000 2015,Report: #Knicks expected to be one of #Pistons star C-PF Greg Monroe's top choices in UFA. #Celtics.
Wed May 06 16:02:15 +0000 2015,L #Celtics #Hat BOSTON CELTICS 2014 NBA ADIDAS OFFICIAL DRAFT DAY SNAPBACK HAT CAP #Boston #BestSeller http://t.co/Zog9PCaHxv
Wed May 06 16:01:39 +0000 2015,Gangster J Mini Print - KGesus #GangsterJMiniPrints #KGesus #KG #Jesus #Celtics #Garnett #NBA #Art #ForSale via @eBay http://t.co/oPd5krGyr6
Wed May 06 16:01:11 +0000 2015,#NBA NWT Vintage #Boston #Celtics Men's NBA T-Shirt Black Size L-XL http://t.co/Il2xqntpJt #BasketBall #Forsale
Wed May 06 16:01:10 +0000 2015,#NBA #Celtics #Arena Boston Celtics adidas Men's Slim Metro Cut Trefoil Heather Grey T-Shirt http://t.co/Rl86q5bM8u #BasketBall #Deals
Wed May 06 16:01:09 +0000 2015,#Celtics #Jersey Mens Zipway NBA Boston Celtics White Muscle Jersey Official Apparel Size 3X http://t.co/T3qjzioAz4 #Basketball #NBA
Wed May 06 16:01:08 +0000 2015,#Celtics #Hat BOSTON CELTICS NBA WHITE ADIDAS FITTED HAT CAP NWT FLEXFIT "S/M" CURVE BRIM http://t.co/ndKi6flCRg #Boston #BestSeller
Wed May 06 16:00:57 +0000 2015,#NBA #CELTICS - Great Larry Bird Boston Celtics Art Lithograph, Rare:  $24.99End Date: ... http://t.co/suHUv6VvAl http://t.co/k33Sm3HFUt
Wed May 06 16:00:57 +0000 2015,#NBA #CELTICS - ADIDAS NBA BOSTON CELTICS RAJON RONDO GREEN JERSEY T-SHIRT SIZE ADULT M... http://t.co/7AS3pTFyCL http://t.co/k33Sm3HFUt
Wed May 06 16:00:10 +0000 2015,Central Notes :Thompson, Griffin, Gibson http://t.co/X2WfmkUBLH #Celtics #NBA
Wed May 06 15:58:09 +0000 2015,RT @RedsArmy_John: Chicago &amp; NY give me a much deeper appreciation for the #Celtics organization, plus: HOW MUCH does Popovich make??? /htt…
Wed May 06 15:58:07 +0000 2015,Are the expectations for #Boston #Celtics raised now with 2014-15 success? http://t.co/dxY3K9Pq5A http://t.co/FZ9g0YMVgX
Wed May 06 15:56:37 +0000 2015,L #Celtics #Jersey Adidas NBA Jersey BOSTON Celtics Kevin Garnett Green sz S #Basketball #NBA http://t.co/uIO9JxQEpy
Wed May 06 15:52:17 +0000 2015,#Healthy #Program Foods That Burn Fat and Lose Weight http://t.co/VFx3GyGhzY #Celtics #GetFit
Wed May 06 15:51:54 +0000 2015,RT @CLNS_JaredWeiss: Philosopher Brad Stevens #Celtics http://t.co/MhtCPKNo3R
Wed May 06 15:49:07 +0000 2015,#Celtics #Tshirt Boston Celtics 47 Brand Vintage Scrum Mens Green T-Shirt http://t.co/cgaSLDIYa3 #NBA #Boston
Wed May 06 15:46:35 +0000 2015,L #Celtics #Hat NWT Mitchell and Ness Boston Celtics Earthquake Snap back hat #Boston #BestSeller http://t.co/2AoAxSnVjB
Wed May 06 15:44:51 +0000 2015,#Celtics GM Danny Ainge said this year's #NBADraft is mediocre and he's unsure if he'll keep his draft picks or trade them.
Wed May 06 15:44:08 +0000 2015,#NBA BNWT NBA authentic adidas game shorts #Boston #Celtics home white 6XL +4 Length http://t.co/ElYIVc1j3d #BasketBall #Forsale
Wed May 06 15:44:07 +0000 2015,#NBA #Celtics #Arena Vtg Mens NBA BOSTON CELTICS #34 PAUL PIERCE Nike SEWN ON Basketball Jersey… http://t.co/ER63D4Sy1L #BasketBall #Deals
Wed May 06 15:44:06 +0000 2015,#Celtics #Jersey Authentic Larry Bird Boston Celtics Jersey Green 46 Champion Autographed http://t.co/2jd8gdZEHy #Basketball #NBA
Wed May 06 15:44:05 +0000 2015,#Celtics #Hat BOSTON CELTICS NBA HAT / CAP BLACK VELCRO BACK ONE SIZE NEW http://t.co/MXCPLlEOsw #Boston #BestSeller
Wed May 06 15:40:42 +0000 2015,L #Celtics #Jersey BOSTON CELTICS LARRY BIRD AUTHENTIC THROWBACK JERSEY XXL #Basketball #NBA http://t.co/10OgLOHgy7
Wed May 06 15:40:04 +0000 2015,2014/15 D-League Usage Report :Grizzlies http://t.co/13VZVo12zz #Celtics #NBA
Wed May 06 15:38:52 +0000 2015,RT @ScottTravisSN: See my daily posts in their entirety on #RedSox #Patriots #Bruins #Celtics #NASCAR #PawSox &amp; more on my home page  /http…
Wed May 06 15:36:10 +0000 2015,#celtics Confused Fan Angry At Celtics' Isaiah Thomas For Owning New York Liberty http://t.co/w7QHGziqYh
Wed May 06 15:35:42 +0000 2015,#Healthy #Program 10 Effective Tips To Lose Weight http://t.co/QD7chwgDVT #Celtics #GetFit
Wed May 06 15:32:36 +0000 2015,#Celtics #Tshirt Men's Adidas Short sleeve Shirt Boston Celtics Green 48 size http://t.co/zLS4UEOpT8 #NBA #Boston
Wed May 06 15:31:12 +0000 2015,L #Celtics #Hat Boston Celtics Mitchell &amp;amp; Ness snapback #Boston #BestSeller http://t.co/Ptjl950H1B
Wed May 06 15:30:44 +0000 2015,Report: #Celtics have been in contact with UFA C-PF Vitor Faverani (knee surgeries) to check on the status of his knee.
Wed May 06 15:28:19 +0000 2015,#Celtics #Jersey Adidas Swingman NBA Jersey BOSTON Celtics Garnett Green sz XL http://t.co/BORkvzYckB #Basketball #NBA
Wed May 06 15:28:18 +0000 2015,#NBA ADIDAS http://t.co/wjOHclGcQM Green Short Sleeve #Boston #Celtics Jersey Top NWT Childs M http://t.co/LdY5IsK3ln #BasketBall #Forsale
Wed May 06 15:28:17 +0000 2015,#NBA #Celtics #Arena Addidas Childs Small Ray Allen Boston Celtics # 20 Jersey http://t.co/XRrwNzX8uO #BasketBall #Deals
Wed May 06 15:28:17 +0000 2015,#Celtics #Hat BOSTON CELTICS 2014 NBA ADIDAS OFFICIAL DRAFT DAY SNAPBACK HAT CAP http://t.co/bi5aaIfYaQ #Boston #BestSeller
Wed May 06 15:22:37 +0000 2015,RT @RedsArmy_John: Chicago &amp; NY give me a much deeper appreciation for the #Celtics organization, plus: HOW MUCH does Popovich make??? /htt…
Wed May 06 15:20:08 +0000 2015,L #NBA NBA Authentic Kevin Garnett #Boston #Celtics Jersey 40 Adidas Home White 2008 BNWT #BasketBall #Forsale http://t.co/4lo3zfgjb8
Wed May 06 15:20:03 +0000 2015,Western Notes :Pelicans, Curry, Batum http://t.co/U5EIDUtMGC #Celtics #NBA
Wed May 06 15:19:49 +0000 2015,#Healthy #Program How To Burn Fat Fast In 11 Steps http://t.co/LHivwlapRc #Celtics #GetFit
Wed May 06 15:19:43 +0000 2015,http://t.co/EEkB0NdMH9: NBA Chicago Bulls Vs Boston Celtics... http://t.co/NYFbQY7qjv #boston #bulls #celtics #chicago #highlights #recap
Wed May 06 15:19:35 +0000 2015,The Celtics have Brooklyn's next 3 draft picks...#Celtics #CelticsTalk #Nets https://t.co/WD8HLqbtxA
Wed May 06 15:17:05 +0000 2015,#Celtics #Tshirt Men's Black NBA Exclusive Boston Celtics "Got Rings?" T-Shirt Sz. L http://t.co/a7DZp6Ws6c #NBA #Boston
Wed May 06 15:15:07 +0000 2015,L #Celtics #Jersey Addidas Childs Small Ray Allen Boston Celtics # 20 Jersey #Basketball #NBA http://t.co/NvqyPtSILa
Wed May 06 15:13:50 +0000 2015,Chicago &amp; NY give me a much deeper appreciation for the #Celtics organization, plus: HOW MUCH does Popovich make??? /http://t.co/onKfxI9fMW
Wed May 06 15:13:08 +0000 2015,#Celtics #Jersey Adidas NBA Jersey BOSTON Celtics Kevin Garnett Green sz S http://t.co/11tPZnc3py #Basketball #NBA
Wed May 06 15:13:08 +0000 2015,#NBA NWT MENS LARRY BIRD #33 #Boston #Celtics NBA THROWBACK JERSEY 2XL SEWN http://t.co/MZVB1T58LW #BasketBall #Forsale
Wed May 06 15:13:08 +0000 2015,#NBA #Celtics #Arena Kevin Garnett Boston Celtics Authentic Alternate NBA Adidas Jersey ,size 52 http://t.co/zZllIqredq #BasketBall #Deals
Wed May 06 15:12:06 +0000 2015,#Celtics #Hat NWT Mitchell and Ness Boston Celtics Earthquake Snap back hat http://t.co/JynniyCmk6 #Boston #BestSeller
Wed May 06 15:09:10 +0000 2015,L L L #NBA Authentic Larry Bird #Boston #Celtics Jersey Green 46 Champion Autographed #BasketBall #Forsale http://t.co/dZF2LQF5i9
Wed May 06 15:04:09 +0000 2015,L #NBA #Celtics #Arena Boston Celtics Larry Bird Green Name and Number T-Shirt #BasketBall #Deals http://t.co/RDcS9TzZOU
Wed May 06 15:04:09 +0000 2015,#Healthy #Program Aloe Vera Juice and Its Weight Loss Benefits http://t.co/AX3THZAWZ9 #Celtics #GetFit
Wed May 06 15:01:37 +0000 2015,#Celtics #Tshirt VINTAGE pre teen BOYS LARRY BIRD T SHIRT WORN VERY LITTLE BOSTON CELTICS # 33 http://t.co/Kkss28y9ly #NBA #Boston
Wed May 06 14:59:42 +0000 2015,@CelticsSpanish Top of #celtics today! Organize your emails: quickly and easily! Try Unroll.Me http://t.co/iztn5iBXEi
Wed May 06 14:59:06 +0000 2015,Are the expectations for #Boston #Celtics raised now with 2014-15 success? http://t.co/YtcXsoO4Wj http://t.co/hfj9HDa2zH
Wed May 06 14:56:37 +0000 2015,#Celtics #Jersey BOSTON CELTICS LARRY BIRD AUTHENTIC THROWBACK JERSEY XXL http://t.co/e4p1WdAjQ7 #Basketball #NBA
Wed May 06 14:56:10 +0000 2015,#NBA NWT MENS LARRY BIRD #33 #Boston #Celtics NBA THROWBACK JERSEY 2XL SEWN http://t.co/av3sLhj9Jn #BasketBall #Forsale
Wed May 06 14:56:09 +0000 2015,#NBA #Celtics #Arena Larry Bird Boston Celtics ADIDAS Logo Player Jersey T Shirt (White) - Men's http://t.co/dwCczmjU8R #BasketBall #Deals
Wed May 06 14:56:08 +0000 2015,#Celtics #Hat Boston Celtics Mitchell &amp; Ness snapback http://t.co/3WezdyIfSA #Boston #BestSeller
Wed May 06 14:56:01 +0000 2015,Report: #NBAKings #Kings executive Vlade Divac in awe of sueprstar C-PF DeMarcus Cousins. #Celtics.
Wed May 06 14:55:14 +0000 2015,That&amp;#039;s What He Said - Cavaliers at Celtics http://t.co/SsDyKI1RT8 #Celtics #NBA
Wed May 06 14:55:12 +0000 2015,L #NBA RARE Paul Pierce NBA Champion Jersey #34 #Boston #Celtics Truth Size 44 Throwback #BasketBall #Forsale http://t.co/6n1ISNTnLx
Wed May 06 14:51:06 +0000 2015,Jay King expects #Boston #Celtics will have an "improved roster" heading into 2015-16 http://t.co/nTyV9UJLUL
Wed May 06 14:49:29 +0000 2015,L #NBA #Celtics #Arena NWT MENS LARRY BIRD #33 BOSTON CELTICS NBA THROWBACK JERSEY 2XL SEWN #BasketBall #Deals http://t.co/tMfY7cxFu4
Wed May 06 14:47:56 +0000 2015,#Pistons star C-PF Greg Monroe said neither he or his agent have a deal in place with #Knicks. #Celtics.
Wed May 06 14:47:26 +0000 2015,#Celtics owner said they will rely on their reputation and the current framework in place to build a contender as selling points in FA.
Wed May 06 14:47:19 +0000 2015,RT @617Bball: RT if you love the #Celtics!
Wed May 06 14:45:09 +0000 2015,#Celtics #Tshirt NEW Vintage Boston Celtics Green Stuff NBA 80s Mens Extra Large T Shirt http://t.co/Aoq2ho9EVI #NBA #Boston
Wed May 06 14:43:35 +0000 2015,L #Celtics #Hat Boston Celtics Snapback Hat Cap Youth NBA Adjustable Leprechaun Black Green Kid #Boston #BestSeller http://t.co/rsLrB6Z71t
Wed May 06 14:42:48 +0000 2015,RT @DespachoCeltics: Nuevo rumor en Massachusetts: los Boston #Celtics estarían valorando hacerse con Ty Lawson http://t.co/FeEOdbc6tj http…
Wed May 06 14:40:08 +0000 2015,#NBA NBA Authentic Kevin Garnett #Boston #Celtics Jersey 40 Adidas Home White 2008 BNWT http://t.co/pQmxbdoy81 #BasketBall #Forsale
Wed May 06 14:40:08 +0000 2015,#NBA #Celtics #Arena Vintage Boston Celtics Basketball Full Leather Cap Hat Jeff Hamilton… http://t.co/FPJdGnwBoD #BasketBall #Deals
Wed May 06 14:40:07 +0000 2015,#Celtics #Hat Boston Celtics Two-tone One Size Fits All Structured Adjustable Hat http://t.co/yoaeLINgh2 #Boston #BestSeller
Wed May 06 14:40:07 +0000 2015,#Celtics #Jersey Addidas Childs Small Ray Allen Boston Celtics # 20 Jersey http://t.co/So77HULfGS #Basketball #NBA
Wed May 06 14:39:06 +0000 2015,#NBA #CELTICS - LARRY BIRD 8x10 ACTION PHOTO Vintage NBA Color Picture #33 BOSTON CELTI... http://t.co/tczMmHS5fT http://t.co/k33Sm3HFUt
Wed May 06 14:39:06 +0000 2015,#NBA #CELTICS - SHAQ! SHAQUILLE O'NEAL 8x10 (Awesome NBA Action Photo) BOSTON CELTICS b... http://t.co/NV8KVqrOiy http://t.co/k33Sm3HFUt
Wed May 06 14:38:38 +0000 2015,L #NBA NBA #Boston #Celtics Basketball Paul Pierce '34' Green T Shirt 2XL #BasketBall #Forsale http://t.co/PXbYbaj20C
Wed May 06 14:38:06 +0000 2015,@HoopsRumors @SeanDeveney please do NOT let the #celtics go after him!
Wed May 06 14:37:14 +0000 2015,Listen :Adam Silver discusses Hack-a-Shaq, tanking on PTI - http://t.co/hPb3Qw7jkp #Celtics
Wed May 06 14:36:15 +0000 2015,#bostonceltics #boston #celtics Who the Boston Celtics Should Target in the 2015 NBA Draft http://t.co/qUVbHssaeH
Wed May 06 14:35:13 +0000 2015,Despite Sweep, C&amp;#039;s See Progress in Surprising Season http://t.co/adWUh2jYoA #Celtics #NBA
Wed May 06 14:34:10 +0000 2015,#Healthy #Program How To Burn Fat Fast In 11 Steps http://t.co/4VW027PrG9 #Celtics #GetFit
Wed May 06 14:33:52 +0000 2015,RT @AdamMKaufman: PODCAST: Miss the latest "#Celtics @ 7" on @985TheSportsHub with @AdamHimmelsbach? We forecast the @celtics future... htt…
Wed May 06 14:33:10 +0000 2015,L #Celtics #Jersey ADIDAS NBA AUTHENTIC BOSTON CELTICS SHOOTING SHIRT JERSEY SIZE 3XLT #Basketball #NBA http://t.co/UQuFosK8kC
Wed May 06 14:31:12 +0000 2015,One league executive had said #Pistons star C-PF Greg Monroe to #Knicks in UFA is about as close to a done deal as you can get. #Celtics.
