Wed May 06 16:29:36 +0000 2015,RT @Daniela9512: En el día de su cumpleaños recordamos el lanzamiento que clasificó a los #Clippers. Larga vida a Chris Paul. https://t.co/…
Wed May 06 16:29:07 +0000 2015,En el día de su cumpleaños recordamos el lanzamiento que clasificó a los #Clippers. Larga vida a Chris Paul. https://t.co/6szUDJCWA2
Wed May 06 16:29:05 +0000 2015,L L #Sports #Goods Los Angeles #Clippers CHRIS PAUL #3 Red #Jersey BOY Size Medium #eBay #Auction http://t.co/kXdjvJxWlf
Wed May 06 16:28:48 +0000 2015,And here's the info for tonight's Game 2 of the #Clippers @ #Rockets #NBAPlayoffs #ConferenceSemifinals on #TNT! http://t.co/cHs7fpOZe9
Wed May 06 16:28:29 +0000 2015,Chris Paul out but other Clippers go all in to rout Rockets i  http://t.co/cNfdCIlPHx/  #angeles #clippers #rockets
Wed May 06 16:28:20 +0000 2015,Doc Rivers enters shoot-around. #rockets #clippers #abc13 https://t.co/RJq5Oejl0N
Wed May 06 16:26:59 +0000 2015,Ce soir #cavs vs #Bulls /#clippers vs #Rockets
Wed May 06 16:26:21 +0000 2015,How bout a W today for @CP3's birthday?! Go #Clippers! #HBDCP3 👊
Wed May 06 16:26:08 +0000 2015,My 1 nail broke 😢 have to cut them all now #Nails #Natural #Mine #Broke #Clippers #StartOver #Damn… https://t.co/8eBemXoszs
Wed May 06 16:25:37 +0000 2015,We're back in Houston setting up for tonight's Game 2 of the #Clippers @ #Rockets #NBAPlayoffs #ConferenceSemifinals on #TNT.
Wed May 06 16:25:32 +0000 2015,TIX http://t.co/99Sdr28C3O 1-4 TIX Los Angeles #Clippers 5/10 STAPLES Center Sect-330 http://t.co/vYNUR8Px4o #Tickets #Ticket
Wed May 06 16:25:03 +0000 2015,RT @saeptavote: #NBAPlayoffs -- #Clippers or #Rockets? Vote --&gt; http://t.co/WJbYYrkLbE
Wed May 06 16:24:44 +0000 2015,Game Day. #Houston #Ihopeclipperswin #Clippers #CLIPPERSvsROCKETS http://t.co/5sBijQt9ih
Wed May 06 16:24:19 +0000 2015,Obvious but @blakegriffin32 taking on a leadership role is really the #1 reason #Clippers are so much more solid than last summer
Wed May 06 16:23:08 +0000 2015,#Wednesday #BBQribs for #lunch &amp; #dinner! #HappyHour 3-6pm! #Dodgers v #Brewers-5:10pm &amp; #Clippers v #Rockets-6:30pm! http://t.co/nGR8biL3L6
Wed May 06 16:23:05 +0000 2015,TIX http://t.co/uiKMIJY9v3 A 2 - LA #Clippers vs Houston Rockets 05/08/15 (LA) Section 106 http://t.co/YMtBWxGRFH #Ticket #BasketBall
Wed May 06 16:22:33 +0000 2015,#NBAPlayoffs para hoy: #Bulls @ #Cavaliers (1-0) y #Clippers @ #Rockets (1-0)
Wed May 06 16:21:43 +0000 2015,Happy bday to the point God!! Praying that hamstring heals quick, we need u to win it all!! @CP3 #clippers
Wed May 06 16:21:21 +0000 2015,T-shirts on every seat at Toyota Center ahead of Game 2 #Clippers #Rockets http://t.co/evEQvHwob7
Wed May 06 16:20:41 +0000 2015,#Collectible #Buzz Los Angeles #Clippers beanie http://t.co/HD6no2Dc49 #Forsale #onsale
Wed May 06 16:20:40 +0000 2015,#Sports #Goods Los Angeles #Clippers beanie http://t.co/VkbG3xE6dj #eBay #Auction
Wed May 06 16:20:39 +0000 2015,#NBA #Clippers Los Angeles Clippers beanie http://t.co/O2edvIn6YC #BasketBall #Bargain
Wed May 06 16:20:10 +0000 2015,#NBAPlayoffs -- #Clippers or #Rockets? Vote --&gt; http://t.co/WJbYYrkLbE
Wed May 06 16:20:02 +0000 2015,اليوم ميلاد كريس بول الـ30 ❤️//#Clippers/#Cp3// http://t.co/53btXxfZF6
Wed May 06 16:19:45 +0000 2015,RT @AsmAutumnBurke: Big shout out to @blakegriffin32 for leading the #Clippers to the game 1 win - can we see another triple double 2nite? …
Wed May 06 16:19:24 +0000 2015,Big shout out to @blakegriffin32 for leading the #Clippers to the game 1 win - can we see another triple double 2nite? #ClippersNation #AD62
Wed May 06 16:19:19 +0000 2015,#Solution #FatLoss Fitness Secret Weapon: Kale http://t.co/lrUVrb3tb6 #Clippers #Diet
Wed May 06 16:19:19 +0000 2015,L B #Sports #Goods NEW CHRIS PAUL 3 DRAWSTRING BACKPACK BLUE LOS ANGELES #Clippers #NBA #Basketball #eBay #Auction http://t.co/guwduRdL32
Wed May 06 16:18:00 +0000 2015,The #Clippers steal game 1 from the #Rockets but game 2 may prove to be more important— http://t.co/R63GTsAiJV/#LA #NBA
Wed May 06 16:17:51 +0000 2015,RT @GuyHutSports: Charlotte McKinney Looks Hot During Q&amp;A Where She Talks #Heat, #Clippers, #Seahawks (Photo) http://t.co/zNofcpAx8p http:/…
Wed May 06 16:17:44 +0000 2015,RT @GuyHutSports: Charlotte McKinney Looks Hot During Q&amp;A Where She Talks #Heat, #Clippers, #Seahawks (Photo) http://t.co/zNofcpAx8p http:/…
Wed May 06 16:17:43 +0000 2015,RT @GuyHutSports: Charlotte McKinney Looks Hot During Q&amp;A Where She Talks #Heat, #Clippers, #Seahawks (Photo) http://t.co/zNofcpAx8p http:/…
Wed May 06 16:17:43 +0000 2015,RT @GuyHutSports: Charlotte McKinney Looks Hot During Q&amp;A Where She Talks #Heat, #Clippers, #Seahawks (Photo) http://t.co/zNofcpAx8p http:/…
Wed May 06 16:17:34 +0000 2015,RT @GuyHutSports: Charlotte McKinney Looks Hot During Q&amp;A Where She Talks #Heat, #Clippers, #Seahawks (Photo) http://t.co/zNofcpAx8p http:/…
Wed May 06 16:17:34 +0000 2015,RT @GuyHutSports: Charlotte McKinney Looks Hot During Q&amp;A Where She Talks #Heat, #Clippers, #Seahawks (Photo) http://t.co/zNofcpAx8p http:/…
Wed May 06 16:17:31 +0000 2015,RT @GuyHutSports: Charlotte McKinney Looks Hot During Q&amp;A Where She Talks #Heat, #Clippers, #Seahawks (Photo) http://t.co/zNofcpAx8p http:/…
Wed May 06 16:17:30 +0000 2015,RT @GuyHutSports: Charlotte McKinney Looks Hot During Q&amp;A Where She Talks #Heat, #Clippers, #Seahawks (Photo) http://t.co/zNofcpAx8p http:/…
Wed May 06 16:17:29 +0000 2015,RT @GuyHutSports: Charlotte McKinney Looks Hot During Q&amp;A Where She Talks #Heat, #Clippers, #Seahawks (Photo) http://t.co/zNofcpAx8p http:/…
Wed May 06 16:17:27 +0000 2015,RT @GuyHutSports: Charlotte McKinney Looks Hot During Q&amp;A Where She Talks #Heat, #Clippers, #Seahawks (Photo) http://t.co/zNofcpAx8p http:/…
Wed May 06 16:17:25 +0000 2015,@grantgust thinking the #clippers should sit CP3 out tonight's game again because we have home court advance...say hi to Jett
Wed May 06 16:17:21 +0000 2015,RT @GuyHutSports: Charlotte McKinney Looks Hot During Q&amp;A Where She Talks #Heat, #Clippers, #Seahawks (Photo) http://t.co/zNofcpAx8p http:/…
Wed May 06 16:17:21 +0000 2015,RT @GuyHutSports: Charlotte McKinney Looks Hot During Q&amp;A Where She Talks #Heat, #Clippers, #Seahawks (Photo) http://t.co/zNofcpAx8p http:/…
Wed May 06 16:17:18 +0000 2015,RT @GuyHutSports: Charlotte McKinney Looks Hot During Q&amp;A Where She Talks #Heat, #Clippers, #Seahawks (Photo) http://t.co/zNofcpAx8p http:/…
Wed May 06 16:17:15 +0000 2015,RT @GuyHutSports: Charlotte McKinney Looks Hot During Q&amp;A Where She Talks #Heat, #Clippers, #Seahawks (Photo) http://t.co/zNofcpAx8p http:/…
Wed May 06 16:17:10 +0000 2015,RT @GuyHutSports: Charlotte McKinney Looks Hot During Q&amp;A Where She Talks #Heat, #Clippers, #Seahawks (Photo) http://t.co/zNofcpAx8p http:/…
Wed May 06 16:16:01 +0000 2015,#NBA Player News: #Clippers Paul questionable for Game 2 vs. the #Rockets Read more here: http://t.co/XpxgsoZexT #CLIPPERSvsROCKETS
Wed May 06 16:15:57 +0000 2015,Game two. Let's go. #clippers #ClipperNation #beattherockets #bestfive #doc https://t.co/J1cIf3ykoW
Wed May 06 16:15:27 +0000 2015,@grantgust Is this the year? #Clippers  https://t.co/ehbAfCfma4
Wed May 06 16:13:14 +0000 2015,RT @NBAMemes: Tim Duncan &amp; Chris Paul since Day 1. //#Spurs #Clippers http://t.co/wrrLKPj9c4
Wed May 06 16:12:43 +0000 2015,Los Angeles Clippers vs Houston Rockets Pick - http://t.co/G5eZzGFSuU #sportsbetting #Rockets #Clippers  @JbunitedStates
Wed May 06 16:11:39 +0000 2015,RT @CoachMarvRake: "Why BGriffin is the #Clippers" real MVP (via @bballbreakdown ) http://t.co/zIOPF0zJC1/@FTUKPod my 2012-13 #FaithInBlake…
Wed May 06 16:10:56 +0000 2015,Watch the #CLIPPERS and #ROCKETS battle through Game 2 of the #NBAPlayoffs! TODAY at… https://t.co/m2dCtoxAXC
Wed May 06 16:10:36 +0000 2015,Charlotte McKinney Looks Hot During Q&amp;A Where She Talks #Heat, #Clippers, #Seahawks (Photo) http://t.co/zNofcpAx8p http://t.co/Ku8K8bvaGK
Wed May 06 16:10:19 +0000 2015,Reporters waiting for Clippers at morning shootaround ahead of Game 2 at Toyota Center #Clippers #Rockets http://t.co/guyUsy3MSA
Wed May 06 16:09:38 +0000 2015,@LesterEstelle @CtLeonard good thoughts - my money is on the #Clippers They beat a "flat" #Spurs team with heart. The want it bad!
Wed May 06 16:09:16 +0000 2015,Happy 30th bday @cp3 ! #ChrisPaul #CP3 #Clippers https://t.co/e6CUIcGLoZ
Wed May 06 16:08:41 +0000 2015,#NBAPlayoffs /#Bulls +5.5, Under 194.5/#Clippers +7, Over 214/#Vegas
Wed May 06 16:08:15 +0000 2015,#laclippers #clippers #lac Thunder GM refutes report he didn't consult Kevin Durant, Russell Westbrook before .. http://t.co/TLftsAtpXg
Wed May 06 16:08:11 +0000 2015,TIX http://t.co/99Sdr28C3O L L 1-10 Round 3 Los Angeles #Clippers v TBD HG1 5/19 Staples Center… http://t.co/qYlTuImKmd #Tickets #Ticket
Wed May 06 16:08:11 +0000 2015,L L #Collectible #Buzz Vintage Los Angeles LA #Clippers #Basketball Bobblehead Nodder Bobble Doll #NBA #Forsale… http://t.co/72JtAddF7S
Wed May 06 16:06:31 +0000 2015,#clippers #CP30
Wed May 06 16:06:24 +0000 2015,Happy birthday @CP3!! Praying for speedy recovery. 🎉🎂💪🏀 #clippers #PointGod @LAClippers
Wed May 06 16:04:40 +0000 2015,#Collectible #Buzz Youth CHRIS PAUL (#3) LOS ANGELES #Clippers adidas Swingman #Jersey Small (8) http://t.co/jrTAoMBE8B #Forsale #onsale
Wed May 06 16:04:40 +0000 2015,#Sports #Goods Youth CHRIS PAUL (#3) LOS ANGELES #Clippers adidas Swingman #Jersey Small (8) http://t.co/qnnAMurxmo #eBay #Auction
Wed May 06 16:04:40 +0000 2015,#NBA #Clippers Youth CHRIS PAUL (#3) LOS ANGELES CLIPPERS adidas Swingman Jersey Small (8) http://t.co/HSbp7SDDO7 #BasketBall #Bargain
Wed May 06 16:04:04 +0000 2015,http://t.co/4uZv0Nh2jc L #Sports #Goods NWT Blue Women XLT Adidas Los Angeles #Clippers #Basketball Warm Up Jack… http://t.co/qIPZipktdX
Wed May 06 16:03:10 +0000 2015,#Solution #FatLoss Best Weight Loss Patch Helps to Reduce Food Carvings http://t.co/zp6lqPmAvO #Clippers #Diet
Wed May 06 16:02:47 +0000 2015,Happy 30th Birthday To Chris Paul #chrispaul #CP3 #laclippers #clippers https://t.co/JskJEjAAAP
Wed May 06 16:02:15 +0000 2015,L #Sports #Goods NWT Blue Women XLT Adidas Los Angeles #Clippers #Basketball Warm Up Jacket - W#NBA #eBay #Auction http://t.co/Uhe6ye24ow
Wed May 06 16:01:55 +0000 2015,The Legend of @Matt_Barnes22 is growing | The Front Office News | http://t.co/o56Sn0udBE via @TeezyT #Clippers #NBA
Wed May 06 16:01:55 +0000 2015,The Legend of @Matt_Barnes22 is growing | The Front Office News | http://t.co/Do5Ioycy6C via @TeezyT #Clippers #NBA
Wed May 06 16:00:10 +0000 2015,Santa Clarita Sports Report: May 06, 2015 #santaclarita #collegeofthecanyons #COC #collegegolf #clippers #dodgers http://t.co/ChAuLvvhAp
Wed May 06 15:59:59 +0000 2015,#NBAPlayoffs What It Was Like To Play For The 80's #Clippers, The Worst Team In Sports http://t.co/kvGhAM1PGR
Wed May 06 15:59:10 +0000 2015,#NBAplayoffs #Clippers vs #Rockets (-7) o/u 214 Serie 1-0 favor #Clippers
Wed May 06 15:59:00 +0000 2015,Clippers fans react to Game 1 win, look ahead to Game 2: http://t.co/F0Sr62SSr5 #LAClippers #LACvsHOU #Clippers #Rockets #NBA
Wed May 06 15:57:53 +0000 2015,RT @CappedIn_Feed: West Semis: Clippers vs Rockets Game 2 - http://t.co/v2ksTf766R #sportsbetting #Rockets #Clippers  @PopDibiase
Wed May 06 15:57:52 +0000 2015,Happy Birthday to the Point God, @CP3 !! Continue balling out there, and playing with heart! Good luck against Houston! #Clippers
Wed May 06 15:57:51 +0000 2015,RT @CappedIn_Feed: West Semis: Clippers vs Rockets Pick - http://t.co/v2ksTf766R #sportsbetting #Rockets #Clippers  @PopDibiase
Wed May 06 15:57:50 +0000 2015,Happy birthday to the best pg in the NBA @CP3 🏀#Clippers
Wed May 06 15:57:38 +0000 2015,RT @br_radio: .@TermineRadio thinks the #Clippers should sit Chris Paul tonight and wouldn't play him at all against the #Rockets until the…
Wed May 06 15:57:33 +0000 2015,West Semis: Clippers vs Rockets Game 2 - http://t.co/v2ksTf766R #sportsbetting #Rockets #Clippers  @PopDibiase
Wed May 06 15:57:12 +0000 2015,West Semis: Clippers vs Rockets Pick - http://t.co/v2ksTf766R #sportsbetting #Rockets #Clippers  @PopDibiase
Wed May 06 15:56:42 +0000 2015,RT @15323719912: #drones #syma x5c #mylove #Clippers  congratulations  http://t.co/1I1x0jM4B7 http://t.co/QOSARxEXBI
Wed May 06 15:56:39 +0000 2015,L #NBA #Clippers NWT Blue Women XLT Adidas Los Angeles Clippers Basketball Warm Up Jacket - WNBA #BasketBall… http://t.co/4aKla1EaSL
Wed May 06 15:56:35 +0000 2015,@TheBeast980 Can I stream the basketball game?  I need to run. I'm getting fat. #Clippers
Wed May 06 15:56:15 +0000 2015,Clippers Wag nyo nang pa scorin yung Rockets please :( /#CLIPPERS!
Wed May 06 15:55:31 +0000 2015,Los Angeles Clippers vs Houston Rockets Pick - http://t.co/oTrJEQ5VHd #sportsbetting #Rockets #Clippers  @CleInside
Wed May 06 15:54:12 +0000 2015,RT @15323719912: #drones #syma x5c #mylove #Clippers  congratulations  http://t.co/1I1x0jM4B7 http://t.co/QOSARxEXBI
Wed May 06 15:53:21 +0000 2015,Being a @LAClippers fan, I root for everybody the @warriors play #NBA #Playoffs #Clippers #Grizzlies #Warriors #Rockets
Wed May 06 15:52:35 +0000 2015,TIX http://t.co/99Sdr28C3O L 2 - LA #Clippers vs Houston Rockets 05/08/15 (LA) Section 106 http://t.co/r0TIMGKvEX #Tickets #Ticket
Wed May 06 15:52:35 +0000 2015,TIX http://t.co/uiKMIJY9v3 A B 1 PARKING PASS Round 2 Los Angeles #Clippers vs HOU Rockets HG2… http://t.co/cD5wDIE4BC #Ticket…
Wed May 06 15:51:35 +0000 2015,RT @15323719912: #drones #syma x5c #mylove #Clippers  congratulations  http://t.co/1I1x0jM4B7 http://t.co/QOSARxEXBI
Wed May 06 15:51:35 +0000 2015,RT @BeforeFamePics: Chris Paul (#Clippers) as a kid taking a picture with Tim Duncan (#Spurs) http://t.co/GJ4l7ijnRA
Wed May 06 15:50:03 +0000 2015,Clippers have an edge over Rockets in playoff series   http://t.co/2eilVd2mid/  #clippers #houstonrockets
Wed May 06 15:49:50 +0000 2015,What It Was Like To Play For The '80s #Clippers, The Worst Team In Sports http://t.co/w62WBIGQ0Q #eyebalz #buzz @deadspin
Wed May 06 15:49:39 +0000 2015,#Clippers fall to hot-shooting San Antonio Spurs, 125-118 #JamalCrawford #SanAntonioSpurs #TheSpurs http://t.co/6Qen0BWFYc
Wed May 06 15:49:09 +0000 2015,#NBA #Clippers ADIDAS NBA JERSEY SWINGMAN LOS ANGELES PAUL # 3 XL NWT http://t.co/2MLaZJ0VJE #BasketBall #Bargain
Wed May 06 15:48:59 +0000 2015,#NBA #Clippers - Youth CHRIS PAUL (#3) LOS ANGELES CLIPPERS adidas Swingman Jersey Smal... http://t.co/p8tZaDkmoA http://t.co/lQmogZfBKD
Wed May 06 15:48:58 +0000 2015,#NBA #Clippers - ADIDAS NBA JERSEY SWINGMAN LOS ANGELES PAUL # 3 XL NWT:  $39.99End Dat... http://t.co/q7e2QiL5Lu http://t.co/lQmogZfBKD
Wed May 06 15:48:58 +0000 2015,#NBA #Clippers - Los Angeles Clippers CHRIS PAUL #3 Red Jersey BOY Size Medium:  $35.00... http://t.co/iaOTplloWT http://t.co/lQmogZfBKD
