Wed May 06 16:28:22 +0000 2015,Spurs’ Messina says he’s interested in NBA head coaching spot http://t.co/OQFBsuxuh7 #spurs #gospursgo @Ryan_ProjSpurs
Wed May 06 16:25:53 +0000 2015,RT @SpursNationSA: Win or lose Spurs fans will always be the best in the NBA. #SpursNation #GoSpursGo http://t.co/yHNkhJzqWZ
Wed May 06 16:21:37 +0000 2015,RT @cdwood_wood: #SpursNation please follow displaced Texan @NYHorn and welcome him to our #Spurs Fam. #GoSpursGo 🏀😎
Wed May 06 16:21:06 +0000 2015,I try not to think about the #spurs getting beat by clippers  ... #GoSpursGo  #Leonard needs to rest we'll give it to them 💕💕
Wed May 06 16:20:05 +0000 2015,#Spurs #GoSpursGo TIM DUNCAN ~ 1997 Finest #Card #101 (RC-Rookie) PSA GEM 10 **SAN ANTONIO SPURS** http://t.co/RjqTZYlDB1 #TimDuncan #NBA
Wed May 06 16:17:37 +0000 2015,RT @SpursNationSA: Win or lose Spurs fans will always be the best in the NBA. #SpursNation #GoSpursGo http://t.co/yHNkhJzqWZ
Wed May 06 16:04:41 +0000 2015,#Spurs #GoSpursGo 2013-14 Panini Crusade Insert Red #269 Tim Duncan /349! http://t.co/hMffvhlM0l #TimDuncan #NBA
Wed May 06 16:03:29 +0000 2015,"...the last time we missed the playoffs I was in kindergarten." #GoSpursGo http://t.co/tCIVjqfJQg http://t.co/sWFZ0jlWhJ
Wed May 06 15:57:00 +0000 2015,#SpursFanForLife #GoSpursGo
Wed May 06 15:56:07 +0000 2015,#SpursNation please follow displaced Texan @NYHorn and welcome him to our #Spurs Fam. #GoSpursGo 🏀😎
Wed May 06 15:49:07 +0000 2015,#Spurs #GoSpursGo Tim Duncan San Antonio Spurs #Card Lot of 4, 1990's http://t.co/lzOlzJwgcm #TimDuncan #NBA
Wed May 06 15:43:50 +0000 2015,RT @HLGAustin: @GabeSwaggart will be in #SanAntonio next Friday, be there! #GoSpursGo #GSRally #Pentecost #TheCross #SBN #Crossfire http://…
Wed May 06 15:40:45 +0000 2015,RT @WakeUpThankful: @cdwood_wood aw!! Thank you, Charles!! Enjoy the 🌞!! 🙌 #GoSpursGo #CowboysNation
Wed May 06 15:35:22 +0000 2015,RT @spurs: Thank you #SpursFamily for another great season! We ❤️‍ You! #GoSpursGo / /🎥: http://t.co/A54Mw0AEyb http://t.co/tfOtQKL7M4
Wed May 06 15:35:16 +0000 2015,#GoSpursGo
Wed May 06 15:34:40 +0000 2015,#NBA Playoffs: Which Teams Are Thriving on #Facebook, #Twitter? http://t.co/dKDLfgMq5O #allincle #gospursgo
Wed May 06 15:33:53 +0000 2015,@cdwood_wood aw!! Thank you, Charles!! Enjoy the 🌞!! 🙌 #GoSpursGo #CowboysNation
Wed May 06 15:32:36 +0000 2015,#Spurs #GoSpursGo 2007 ULTRA #170 TIM DUNCAN SPURS POP 5 PSA 10 K1637401-669 http://t.co/tujJjMvFki #TimDuncan #NBA
Wed May 06 15:29:17 +0000 2015,RT @spurs: Thank you #SpursFamily for another great season! We ❤️‍ You! #GoSpursGo / /🎥: http://t.co/A54Mw0AEyb http://t.co/tfOtQKL7M4
Wed May 06 15:21:54 +0000 2015,We're proud to be an official partner of the @spurs and can't wait until next season! #GoSpursGo http://t.co/iQZfGcFjhQ
Wed May 06 15:17:05 +0000 2015,#Spurs #GoSpursGo TIM DUNCAN 2001-02 #Topps Chrome REFRACTOR SP #Card #30 San Antonio Spurs http://t.co/tD3MQJZ7zP #TimDuncan #NBA
Wed May 06 15:04:55 +0000 2015,#GoSpursGo http://t.co/YhLA90SPqv
Wed May 06 15:02:08 +0000 2015,Dear @spurs Please sign LaMarcus Aldridge #AldridgetoSA #gospursgo #SpursFan #spursgram #saspurs… https://t.co/M0xDWNw5RL
Wed May 06 15:01:36 +0000 2015,#Spurs #GoSpursGo inv3590 tim duncan 1997-98 fleer #Card #201 rookie san antonio spurs rare hot http://t.co/3H5UDappz9 #TimDuncan #NBA
Wed May 06 14:59:21 +0000 2015,@705Cinder Top of #gospursgo today! Organize your emails: quickly and easily! Try Unroll.Me http://t.co/ZB5SIpAka5
Wed May 06 14:56:00 +0000 2015,One more year for Timmy! I swear @billsimmons wants us to believe it's happening and damnit, I believe. http://t.co/dmnpdZ6ZVs #GoSpursGo
Wed May 06 14:53:55 +0000 2015,#GOSPURSGO http://t.co/WehonXxslD
Wed May 06 14:50:38 +0000 2015,RT @spurs: Thank you #SpursFamily for another great season! We ❤️‍ You! #GoSpursGo / /🎥: http://t.co/A54Mw0AEyb http://t.co/tfOtQKL7M4
Wed May 06 14:46:07 +0000 2015,#Spurs #GoSpursGo 2008 SP AUTHENTIC #82 TIM DUNCAN SPURS PSA 10 K1677336-998 http://t.co/FeIiB7fAYA #TimDuncan #NBA
Wed May 06 14:45:54 +0000 2015,@39Smooth thanks for the follow #COWBOYNATION #Team88 #GoSpursGo #TigersNation @bubbawatson that about covers my sports have a great day
Wed May 06 14:44:39 +0000 2015,"The team will probably look considerably different than it did this year,” #GreggPopovich #GoSpursGo @NBA @spurs
Wed May 06 14:40:34 +0000 2015,RT @SidelineBuzz: ICYMI: Appreciating the greatness of #TimDuncan http://t.co/kCotADXQOa… #spurs #spursnation #gospursgo #nbaplayoffs http:…
Wed May 06 14:40:29 +0000 2015,ICYMI: Appreciating the greatness of #TimDuncan http://t.co/kCotADXQOa… #spurs #spursnation #gospursgo #nbaplayoffs http://t.co/aCkxiZ5Tg1
Wed May 06 14:40:18 +0000 2015,ICYMI: Appreciating the greatness of #TimDuncan http://t.co/duMAC0JzC5… #spurs #spursnation #gospursgo #nbaplayoffs http://t.co/sq6WSPOO6L
Wed May 06 14:39:15 +0000 2015,RT @rep_bad: #GoSpursGo #myart #mini_mice_art #spursfam210 #laredotx #nba http://t.co/pomTjDfvJD
Wed May 06 14:38:42 +0000 2015,Goodnight #SpursFamily/#GoSpursGo
Wed May 06 14:38:30 +0000 2015,Brings a tear to your eye the way only a Tim Duncan article can. http://t.co/aht1D5yIUk #GoSpursGo
Wed May 06 14:33:58 +0000 2015,RT @MichaelShenouda: When the Spurs lose..... #Gospursgo http://t.co/v6sidFNSzK
Wed May 06 14:29:36 +0000 2015,#Spurs #GoSpursGo 2003 SP AUTHENTIC #77 TIM DUNCAN SPURS PSA 10 K1638251-629 http://t.co/NvA4FyBWZj #TimDuncan #NBA
Wed May 06 14:26:37 +0000 2015,RT @rep_bad: #GoSpursGo #myart #mini_mice_art #spursfam210 #laredotx #nba http://t.co/pomTjDfvJD
Wed May 06 14:17:59 +0000 2015,I will cut you....lol/#GoSpursGo #RaceForSeis #Spurs #SpursNation http://t.co/ovOO5BAMA5
Wed May 06 14:16:23 +0000 2015,RT @spurs: Thank you #SpursFamily for another great season! We ❤️‍ You! #GoSpursGo / /🎥: http://t.co/A54Mw0AEyb http://t.co/tfOtQKL7M4
Wed May 06 14:13:35 +0000 2015,#Spurs #GoSpursGo 2009 PANINI PRESTIGE #95 TIM DUNCAN SPURS POP 5 PSA 10 K1677365-091 http://t.co/dXXx9DyaOd #TimDuncan #NBA
Wed May 06 14:13:14 +0000 2015,RT @spurs: Thank you #SpursFamily for another great season! We ❤️‍ You! #GoSpursGo / /🎥: http://t.co/A54Mw0AEyb http://t.co/tfOtQKL7M4
Wed May 06 14:11:27 +0000 2015,RT @705Cinder: Thank you @spurs ❤ for a Great Season! Missing y'all already!!! Win or lose, We Love our Spurs!!! Always!!! #GoSpursGo 🏀❤
Wed May 06 14:08:54 +0000 2015,RT @spurs: Again, best fans in the league. #GoSpursGo http://t.co/PPh9Wt99mH
Wed May 06 13:59:46 +0000 2015,Big Win contre Cleveland malgré tous mes blessés (cf photo précédente) (seul Leonard est revenu)./#NBA2K15 #GoSpursGo http://t.co/LBGZctkmkP
Wed May 06 13:58:08 +0000 2015,#Spurs #GoSpursGo 2 TIM DUNCAN TONY PARKER MANU GINOBILI SP GAME USED SAN ANTONIO SPURS #Jersey LOT http://t.co/0NxQz6h6zH #TimDuncan #NBA
Wed May 06 13:55:58 +0000 2015,RT @cescobar78: Change is hard, change is inevitable and change is good. http://t.co/qAs2y52bF0 #HR #HRBlogs #GoSpursGo http://t.co/7h3miiK…
Wed May 06 13:55:10 +0000 2015,Change is hard, change is inevitable and change is good. http://t.co/qAs2y52bF0 #HR #HRBlogs #GoSpursGo http://t.co/7h3miiKOXJ
Wed May 06 13:50:28 +0000 2015,RT @spurs: Thank you #SpursFamily for another great season! We ❤️‍ You! #GoSpursGo / /🎥: http://t.co/A54Mw0AEyb http://t.co/tfOtQKL7M4
Wed May 06 13:48:04 +0000 2015,#waybackwednesday #KawhiLeonard #classof2009 high school graduation photo #GoSpursGo #SpursNation… https://t.co/yd10z11uE3
Wed May 06 13:45:56 +0000 2015,RT @spurs: Again, best fans in the league. #GoSpursGo http://t.co/PPh9Wt99mH
Wed May 06 13:45:44 +0000 2015,RT @spurs: Thank you #SpursFamily for another great season! We ❤️‍ You! #GoSpursGo / /🎥: http://t.co/A54Mw0AEyb http://t.co/tfOtQKL7M4
Wed May 06 13:43:23 +0000 2015,So great to shoot this @espn piece w/ DP @rroocckkyy http://t.co/EuoA5FvdM0. Had some nice shots make final edit. #GoSpursGo #SpursNation
Wed May 06 13:31:39 +0000 2015,RT @UltraVled: Check out my #spurs #perk and get a huge #discount at http://t.co/zWhV6Q6veR #retweet #GoSpursGo #SpursNation
Wed May 06 13:31:18 +0000 2015,@SpursNationSA Leading the way in #gospursgo! Tired of unwanted subscription emails? Try Unroll.Me: http://t.co/ZB5SIpAka5
Wed May 06 13:29:58 +0000 2015,@spurs who else loves this play #GoSpursGo
Wed May 06 13:28:12 +0000 2015,Gregg Popovich reportedly makes $11 million per year: Gregg Popovich is one of the best coache... http://t.co/dBUWKvlnYC #NBA #GoSpursGo
Wed May 06 13:11:18 +0000 2015,RT @spurs: Thank you #SpursFamily for another great season! We ❤️‍ You! #GoSpursGo / /🎥: http://t.co/A54Mw0AEyb http://t.co/tfOtQKL7M4
Wed May 06 13:01:45 +0000 2015,RT @SpursNationSA: Win or lose Spurs fans will always be the best in the NBA. #SpursNation #GoSpursGo http://t.co/yHNkhJzqWZ
Wed May 06 12:53:55 +0000 2015,RT @spurs: Thank you #SpursFamily for another great season! We ❤️‍ You! #GoSpursGo / /🎥: http://t.co/A54Mw0AEyb http://t.co/tfOtQKL7M4
Wed May 06 12:53:47 +0000 2015,RT @djlucky956: #NowPlaying @G_True ft @thabigtuck - Oh What a Feelin' on http://t.co/TFJuW7iBip | #GSG #GoSpursGo #Rampageous
Wed May 06 12:41:50 +0000 2015,Cory Joseph Drives and Drops the Poster Dunk on Serge Ibaka @spurs my favorite play of all time #GospursGo http://t.co/ZHGP7ZHhFY
Wed May 06 12:40:45 +0000 2015,Me muero si juegan Tim y Manu la temporada que viene, con un equipo re-armado. Me muero. #GoSpursGo http://t.co/FQirq3w4jg
Wed May 06 12:39:07 +0000 2015,@manuginobili you and timmy gotta come back for one more season! At least until the @spurs can adjust 😄 #GoSpursGo #SPURSNATION
Wed May 06 12:38:08 +0000 2015,#Spurs #GoSpursGo 1997-98 Bowmans Best Sealed Packs Tim Duncan Tracy McGrady Chauncey Billups RC + http://t.co/gvlRRSYQt3 #TimDuncan #NBA
Wed May 06 12:26:39 +0000 2015,Shout out to David Robinson. #Whataburger #DavidRobinson #GoSpursGo https://t.co/y87yrF19zO
Wed May 06 12:24:11 +0000 2015,@spurs /@DS_SpursDynasty /#GoSpursGo  https://t.co/wWDP7SSDYH
Wed May 06 12:22:45 +0000 2015,#Spurs #GoSpursGo Tim Duncan, 2007-08 Stadium Club Full Court Press triple #Jersey piece #d 23/99 http://t.co/yS0cvPwqWX #TimDuncan #NBA
Wed May 06 12:16:02 +0000 2015,RT @SpursNationSA: Win or lose Spurs fans will always be the best in the NBA. #SpursNation #GoSpursGo http://t.co/yHNkhJzqWZ
Wed May 06 12:09:36 +0000 2015,@NakDaniels #GoSpursGo fam! Since '94 shawty
Wed May 06 12:01:34 +0000 2015,@spurs /@DS_SpursDynasty /#GoSpursGo  https://t.co/0aFOJcfNVd
Wed May 06 12:00:46 +0000 2015,Que devoción @manuginobili http://t.co/PV2FdulEom #GoSpursGo
Wed May 06 11:51:33 +0000 2015,@RLWjunior:/#GoSpursGo!!!
Wed May 06 11:50:06 +0000 2015,#Spurs #GoSpursGo TIM DUNCAN 50 MIXED #Card LOT REFRACTOR INSERTS ROOKIE RC SP $300+ http://t.co/YUVmWg9A3T #TimDuncan #NBA
Wed May 06 11:42:01 +0000 2015,#AngryBirdsSeasons #GoSpursGo https://t.co/RrF7mkNwyS
Wed May 06 11:24:11 +0000 2015,RT @spurs: Thank you #SpursFamily for another great season! We ❤️‍ You! #GoSpursGo / /🎥: http://t.co/A54Mw0AEyb http://t.co/tfOtQKL7M4
Wed May 06 11:21:15 +0000 2015,RT @spurs: Thank you #SpursFamily for another great season! We ❤️‍ You! #GoSpursGo / /🎥: http://t.co/A54Mw0AEyb http://t.co/tfOtQKL7M4
Wed May 06 11:18:40 +0000 2015,Thank you @spurs ❤ for a Great Season! Missing y'all already!!! Win or lose, We Love our Spurs!!! Always!!! #GoSpursGo 🏀❤
Wed May 06 11:13:25 +0000 2015,RT @spurs: Thank you #SpursFamily for another great season! We ❤️‍ You! #GoSpursGo / /🎥: http://t.co/A54Mw0AEyb http://t.co/tfOtQKL7M4
Wed May 06 10:45:45 +0000 2015,RT @spurs: Thank you #SpursFamily for another great season! We ❤️‍ You! #GoSpursGo / /🎥: http://t.co/A54Mw0AEyb http://t.co/tfOtQKL7M4
Wed May 06 09:59:05 +0000 2015,#Spurs #GoSpursGo 2000-01 #Topps TIM DUNCAN (SPURS) #Card #60 http://t.co/Pvir8QENKg #TimDuncan #NBA
Wed May 06 09:55:48 +0000 2015,RT @spurs: Thank you #SpursFamily for another great season! We ❤️‍ You! #GoSpursGo / /🎥: http://t.co/A54Mw0AEyb http://t.co/tfOtQKL7M4
Wed May 06 09:23:05 +0000 2015,RT @1Spurs_Fan: @theborisdiaw Thank You for An Amazing Season Bobo! #GoSpursGo http://t.co/WWzw1gLQHr
Wed May 06 09:09:41 +0000 2015,@theborisdiaw Thank You for An Amazing Season Bobo! #GoSpursGo http://t.co/WWzw1gLQHr
Wed May 06 09:01:12 +0000 2015,#sanantoniospurs #sanantonio #GoSpursGo TIPOFF: Paul '50-50' for Clippers; Bulls' Rose ready to play (The Asso.. http://t.co/4BJsPUx5JC
Wed May 06 08:42:31 +0000 2015,RT @dylanhunter55: @DGreen_14 please come back to the Spurs, you and Kawhi are the future of the team #GoSpursGo
Wed May 06 08:32:35 +0000 2015,RT @mauriciovee: Meanwhile, in SA.... #GoSpursGo http://t.co/U4w7vrFn19
Wed May 06 08:19:28 +0000 2015,#Spurs #GoSpursGo 2001 UPPER DECK OVATION #76 TIM DUNCAN SPURS POP 5 PSA 10 K1752243-883 http://t.co/RTpd173Pq4 #TimDuncan #NBA
Wed May 06 08:03:58 +0000 2015,#Spurs #GoSpursGo TIM DUNCAN - 2009-10 Panini Court Kings Artistry Materials #Jersey #d/299 - Spurs http://t.co/iJYHcMg2iL #TimDuncan #NBA
Wed May 06 07:57:51 +0000 2015,RT @dylanhunter55: @DGreen_14 please come back to the Spurs, you and Kawhi are the future of the team #GoSpursGo
Wed May 06 07:53:30 +0000 2015,RT @spurs: Thank you #SpursFamily for another great season! We ❤️‍ You! #GoSpursGo / /🎥: http://t.co/A54Mw0AEyb http://t.co/tfOtQKL7M4
Wed May 06 07:51:26 +0000 2015,Thank you SAS! #GoSpursGo http://t.co/Cnl4ptlXrl
Wed May 06 07:46:26 +0000 2015,RT @Suz3BoysUTSpurs: I am. #GoSpursGo!!! RT @SASpurs5: Who's ready for next season? #Spurs
Wed May 06 07:44:49 +0000 2015,#Spurs #GoSpursGo 2014/15 Prizm Tim Duncan Black Pulsar Wow! http://t.co/Jk1vtDaJAA #TimDuncan #NBA
Wed May 06 07:41:24 +0000 2015,RT @Bigbadwolf1818: @Patty_Mills it's ok bala! We win some we lose some. I know you'll come back stronger than ever! Keep your head up! #Go…
Wed May 06 07:38:48 +0000 2015,See you next season Spurs!!!! #GoSpursGo https://t.co/xNgiQqUZsg
Wed May 06 07:27:20 +0000 2015,#Spurs #GoSpursGo 2014-15 Hoops Tim Duncan 20 #Card Lot #58 http://t.co/W6qowm7sW4 #TimDuncan #NBA
Wed May 06 07:20:37 +0000 2015,#sanantoniospurs #sanantonio #GoSpursGo NBA-Clippers send Spurs packing with Game Seven win (Reuters) http://t.co/SgNcuO6PF0
