Wed May 06 16:28:23 +0000 2015,RT @memgrizz: #Grizzlies defeat the #Warriors and tie up the series at 1 game each. @MConley11 lead all scorers w/ 22pts. http://t.co/nTt62…
Wed May 06 16:27:44 +0000 2015,RT @NBAMemes: John Wall vs. Mike Conley!//#Wizards​ #Grizzlies http://t.co/aU78QEROLg
Wed May 06 16:26:13 +0000 2015,RT @JMilesWMC: .@USATODAY article on "heroic masked man" #MikeConley #Grizzlies: http://t.co/KhSPs05OFo http://t.co/SJ7UDtITFV
Wed May 06 16:26:01 +0000 2015,RT @memgrizz: #Grizzlies defeat the #Warriors and tie up the series at 1 game each. @MConley11 lead all scorers w/ 22pts. http://t.co/nTt62…
Wed May 06 16:25:23 +0000 2015,RT @MemGrizNation: Tony Allen dominating &amp; taunting the Warriors. #Grizzlies https://t.co/TOFyYxr6ce
Wed May 06 16:25:10 +0000 2015,Grizzlies vs. Warriors, 2015 NBA playoffs :Time, TV schedule, radio, and live stream for Game 2 http://t.co/45P8yrYTmn #Grizzlies #NBA
Wed May 06 16:25:01 +0000 2015,RT @MemGrizNation: Tony Allen dominating &amp; taunting the Warriors. #Grizzlies https://t.co/TOFyYxr6ce
Wed May 06 16:24:29 +0000 2015,RT @MemGrizNation: Tony Allen dominating &amp; taunting the Warriors. #Grizzlies https://t.co/TOFyYxr6ce
Wed May 06 16:24:03 +0000 2015,RT @MemGrizNation: Tony Allen dominating &amp; taunting the Warriors. #Grizzlies https://t.co/TOFyYxr6ce
Wed May 06 16:23:59 +0000 2015,RT @MemGrizNation: Tony Allen dominating &amp; taunting the Warriors. #Grizzlies https://t.co/TOFyYxr6ce
Wed May 06 16:23:35 +0000 2015,RT @MemGrizNation: Tony Allen dominating &amp; taunting the Warriors. #Grizzlies https://t.co/TOFyYxr6ce
Wed May 06 16:23:26 +0000 2015,RT @MrMichaelLee: Mike Conley has been called underrated so much, his underrated label is overrated #grizzlies
Wed May 06 16:23:24 +0000 2015,RT @MemGrizNation: Tony Allen dominating &amp; taunting the Warriors. #Grizzlies https://t.co/TOFyYxr6ce
Wed May 06 16:23:06 +0000 2015,#Grizzlies Tweets: The epic-ness of @ChrisVernonShow right now is unmatched. #NBA http://t.co/tTkRzWlPbY
Wed May 06 16:22:58 +0000 2015,RT @MemGrizNation: Tony Allen dominating &amp; taunting the Warriors. #Grizzlies https://t.co/TOFyYxr6ce
Wed May 06 16:22:33 +0000 2015,RT @CSNAuthentic: Draymond denies trying to purposely hurt Conley (@MontePooleCSN) http://t.co/ZstC6RTyGl #Warriors #Grizzlies #NBA http://…
Wed May 06 16:22:18 +0000 2015,RT @MemGrizNation: Tony Allen dominating &amp; taunting the Warriors. #Grizzlies https://t.co/TOFyYxr6ce
Wed May 06 16:21:53 +0000 2015,RT @NBAMemes: The Warriors get their FIRST loss since January 27th against the Bulls. #Grizzlies http://t.co/oXTfwS1VZh
Wed May 06 16:21:30 +0000 2015,RT @MemGrizNation: Tony Allen dominating &amp; taunting the Warriors. #Grizzlies https://t.co/TOFyYxr6ce
Wed May 06 16:20:16 +0000 2015,RT @russbooze: Received an offer from Adams State/#Grizzlies http://t.co/tJchm4Q8VQ
Wed May 06 16:19:11 +0000 2015,RT @NBAMemes: John Wall vs. Mike Conley!//#Wizards​ #Grizzlies http://t.co/aU78QEROLg
Wed May 06 16:17:39 +0000 2015,#Grizzlies Tweets: #GrizzNation fan showing love to @EricHasseltine before heading back to #GreaterMemphis… #NBA http://t.co/tTkRzWlPbY
Wed May 06 16:14:20 +0000 2015,RT @NBAMemes: The Warriors get their FIRST loss since January 27th against the Bulls. #Grizzlies http://t.co/oXTfwS1VZh
Wed May 06 16:14:01 +0000 2015,Nothing better after a huge #Grizzlies playoff win than listening to @ChrisVernonShow #CoolMVPCelebrationBro
Wed May 06 16:14:00 +0000 2015,Listening to @ChrisVernonShow at my desk. #amazing #Grizzlies #ifthebeatsalright
Wed May 06 16:13:17 +0000 2015,RT @memgrizz: . @MConley11 returns to lead #Grizzlies charge past #Warriors in Game 2. Check Game 2 Recap &gt; http://t.co/Yl3ckTkEJY http://t…
Wed May 06 16:13:00 +0000 2015,@ChrisVernonShow has the wife and me rolling with the epic music stat changes right now.  #grizzlies #gng  #themask #untillastnight
Wed May 06 16:08:35 +0000 2015,http://t.co/EEkB0NdMH9: James... http://t.co/j3zYUJQW1b #blocks #evans #grizzlies #james #january #johnson #memphis #pelicans #tyreke
Wed May 06 16:08:17 +0000 2015,#memphis #grizzlies What they're saying about Conley and the Griz http://t.co/WpV15dA25E
Wed May 06 16:07:57 +0000 2015,RT @MemGrizNation: Tony Allen dominating &amp; taunting the Warriors. #Grizzlies https://t.co/TOFyYxr6ce
Wed May 06 16:07:11 +0000 2015,RT @JMilesWMC: .@USATODAY article on "heroic masked man" #MikeConley #Grizzlies: http://t.co/KhSPs05OFo http://t.co/SJ7UDtITFV
Wed May 06 16:07:11 +0000 2015,New Memphis Grizzlies Rumors. Wednesday, May 6 2015 - http://t.co/aQMfXXwC7B #Grizzlies
Wed May 06 16:06:17 +0000 2015,RT @memgrizz: #Grizzlies defeat the #Warriors and tie up the series at 1 game each. @MConley11 lead all scorers w/ 22pts. http://t.co/nTt62…
Wed May 06 16:05:56 +0000 2015,MEMPHIS #Grizzlies ON TOP
Wed May 06 16:05:10 +0000 2015,Grind Prophecies :Grizzlies at Warriors Game 2 ONE-SHOT! http://t.co/CYSFWjgZEx #Grizzlies #NBA
Wed May 06 16:03:25 +0000 2015,#Grizzlies cash easily winning outright! Get tonight #NBAPlayoff picks! http://t.co/G7Q7I5NuQp
Wed May 06 16:03:09 +0000 2015,RT @Jome20: I seriously feel like I'm the only person who thinks the Memphis #Grizzlies have a chance in this series.  They're making me lo…
Wed May 06 16:02:26 +0000 2015,RT @MemGrizNation: Tony Allen dominating &amp; taunting the Warriors. #Grizzlies https://t.co/TOFyYxr6ce
Wed May 06 16:02:21 +0000 2015,Tony Allen has me fucked up 😂😂😂 1st team all-defense! #Grizzlies
Wed May 06 16:02:18 +0000 2015,RT @memgrizz: #Grizzlies defeat the #Warriors and tie up the series at 1 game each. @MConley11 lead all scorers w/ 22pts. http://t.co/nTt62…
Wed May 06 16:01:35 +0000 2015,RT @Hooligan_nba: El enmascarado Mike Conley #Grizzlies #PlayOffs http://t.co/TBAor4gWSd
Wed May 06 16:00:21 +0000 2015,EL HOMBRE: @mconley11 (22 puntos): http://t.co/21gm1AegY1 #Grizzzzzzzzz #Grizzlies http://t.co/XLmfI5ewGQ
Wed May 06 16:00:13 +0000 2015,See a pair of Conference Semi-Final #Game 2's in super slow-motion as the #Hawks and #Grizzlies tie the... http://t.co/ActdUSepH2 #NBAVideo
Wed May 06 15:57:57 +0000 2015,RT @CharlieVergos: Hey Memphis, we should lay low for a bit, maybe change our hair, get off the grid, cause we just stole home court advant…
Wed May 06 15:55:26 +0000 2015,RT @Hooligan_nba: Mike Conley vs. Stephen Curry #Grizzlies #Warriors #PlayOffs http://t.co/2rVFYW7vrD
Wed May 06 15:55:25 +0000 2015,RT @Hooligan_nba: Marc Gasol vs. Draymond Green #Grizzlies #Warriors #PlayOffs http://t.co/L8co4tFyc6
Wed May 06 15:53:21 +0000 2015,Being a @LAClippers fan, I root for everybody the @warriors play #NBA #Playoffs #Clippers #Grizzlies #Warriors #Rockets
Wed May 06 15:52:26 +0000 2015,El enmascarado Mike Conley #Grizzlies #PlayOffs http://t.co/TBAor4gWSd
Wed May 06 15:51:59 +0000 2015,RT @JMilesWMC: .@USATODAY article on "heroic masked man" #MikeConley #Grizzlies: http://t.co/KhSPs05OFo http://t.co/SJ7UDtITFV
Wed May 06 15:49:48 +0000 2015,Mike Conley vs. Stephen Curry #Grizzlies #Warriors #PlayOffs http://t.co/2rVFYW7vrD
Wed May 06 15:49:36 +0000 2015,Love BC #backcountry? Love #BC #grizzlies. Join us &amp; @mec_northvan May12th. http://t.co/t2O0Rh4mKO http://t.co/CxrF1y1KCs
Wed May 06 15:49:24 +0000 2015,RT @Hooligan_nba: Marc Gasol vs. Draymond Green #Grizzlies #Warriors #PlayOffs http://t.co/L8co4tFyc6
Wed May 06 15:48:42 +0000 2015,Marc Gasol vs. Draymond Green #Grizzlies #Warriors #PlayOffs http://t.co/L8co4tFyc6
Wed May 06 15:48:09 +0000 2015,Charles jumping off #Warriors bandwagon to #Grizzlies defensive bandwagon last night.../https://t.co/K4BGWiWduT http://t.co/vKeKfEAsaR
Wed May 06 15:46:02 +0000 2015,@mconley11 was the real MVP last night. Tough guy, and I have a newfound respect for your heart. #MEMvsGS #Grizzlies
Wed May 06 15:45:54 +0000 2015,Marc Gasol #Grizzlies #PlayOffs http://t.co/0tdQUJytjm
Wed May 06 15:45:22 +0000 2015,#Grizzlies coach David Joerger after 97-90 win vs #GSWarriors  http://t.co/JcixyYLY18 #NBAPlayoffs #GrizzliesVsWarriors
Wed May 06 15:44:17 +0000 2015,RT @indystar: Ex-Lawrence North star Mike Conley, the #Grizzlies' heroic Masked Man, is unbreakable http://t.co/qrXleXMwQA http://t.co/zNfL…
Wed May 06 15:43:35 +0000 2015,RT @MrMichaelLee: Mike Conley has been called underrated so much, his underrated label is overrated #grizzlies
Wed May 06 15:42:33 +0000 2015,#Grizzlies Mike Conley, Jr. Marc Gasol after 97-90 win vs #GSWarriors  http://t.co/QSaHcKp8GA #NBAPlayoffs #GrizzliesVsWarriors
Wed May 06 15:41:18 +0000 2015,MEM #Grizzlies➡😇😆 GS #Warriors➡😪😭 #NBAPlayoffs Round 2 of GAME 2 : #MEMGSW https://t.co/d4ibh1f3j5  https://t.co/d4ibh1f3j5
Wed May 06 15:40:43 +0000 2015,#GSWarriors Stephen Curry after 97-90 loss vs #Grizzlies http://t.co/TMyv0JUeTJ #NBAPlayoffs #GrizzliesVsWarriors
Wed May 06 15:40:42 +0000 2015,RT @CSNAuthentic: Draymond denies trying to purposely hurt Conley (@MontePooleCSN) http://t.co/ZstC6RTyGl #Warriors #Grizzlies #NBA http://…
Wed May 06 15:40:25 +0000 2015,@fare49 @citybasketpty @JCBOYD_SPORT360 @cescaro18 Me gusta el basket de los #Grizzlies #oldschool
Wed May 06 15:40:07 +0000 2015,Con gran actuación de Conley, los #Grizzlies ganaron 90-97, a #Warriors y empatan la serie 1-1 en la #NBAPlayoffs http://t.co/CVpVlzUVFA
Wed May 06 15:40:01 +0000 2015,#GSWarriors coach Steve Kerr after 97-90 loss vs #Grizzlies http://t.co/3DW2bGSAbj #NBAPlayoffs #GrizzliesVsWarriors
Wed May 06 15:38:42 +0000 2015,Good job for the Grizzlies last night. Good job on playing all four quarters #Grizzlies
Wed May 06 15:38:41 +0000 2015,RT @memgrizz: #Grizzlies defeat the #Warriors and tie up the series at 1 game each. @MConley11 lead all scorers w/ 22pts. http://t.co/nTt62…
Wed May 06 15:38:05 +0000 2015,RT @VicTafur: Series outlook changes with Conley’s return #Warriors #Grizzlies http://t.co/olPt9EYlWm via @sfchronicle
Wed May 06 15:37:40 +0000 2015,RT @willbowron: So much love for the #Grizzlies right now. Mike Conley showing what #GritNGrind is all about. Now it's time to brin… http:/…
Wed May 06 15:37:31 +0000 2015,RT @NBAMemes: The Warriors get their FIRST loss since January 27th against the Bulls. #Grizzlies http://t.co/oXTfwS1VZh
Wed May 06 15:36:53 +0000 2015,RT @dktaylor21: Shoutout to Mike Conley and the #Grizzlies on a huge win last night at GS. Gotta love that #GritNGrind!
Wed May 06 15:35:39 +0000 2015,Way to go Grizzlies. Shock the NBA world. Beat the Warriors in six (4-2) #NBAPlayoffs #Grizzlies #GrizzNation #Warriors #BelieveMemphis
Wed May 06 15:34:52 +0000 2015,RT @AOLSports: Do you think #Grizzlies guard Mike Conley can be slowed down by a mere broken face? http://t.co/CIr9R55Suc http://t.co/MMt0A…
Wed May 06 15:34:02 +0000 2015,Do you think #Grizzlies guard Mike Conley can be slowed down by a mere broken face? http://t.co/CIr9R55Suc http://t.co/MMt0ATTCIz
Wed May 06 15:34:00 +0000 2015,#Grizzlies upset #Warriors for Game 2, see #NBA fans trash talk that want Golden State to lose: http://t.co/gKihfvSQrL #NBAPlayoffs
Wed May 06 15:32:22 +0000 2015,RT @sexyselfieshot: John Wall vs. Mike Conley! #Wizards​ #Grizzlies - http://t.co/81ppsjlx99 http://t.co/FmtAC1rBj3
Wed May 06 15:30:48 +0000 2015,RT @BBallHaikuADay: #Wizards hit the Wall/Mike Conley knows how to ball/Series tied one-all//#Grizzlies http://t.co/0S8BuLYKnm
Wed May 06 15:30:14 +0000 2015,ESTADÍSTICAS | TODOS los números de ayer: http://t.co/9H17dtzM5j #Grizzlies #Grizzoffs http://t.co/sOMNWtyYXE
Wed May 06 15:28:50 +0000 2015,#Wizards hit the Wall/Mike Conley knows how to ball/Series tied one-all//#Grizzlies http://t.co/0S8BuLYKnm
Wed May 06 15:28:40 +0000 2015,RT @indystar: Ex-Lawrence North star Mike Conley, the #Grizzlies' heroic Masked Man, is unbreakable http://t.co/qrXleXMwQA http://t.co/zNfL…
Wed May 06 15:25:22 +0000 2015,RT @CSNAuthentic: Draymond denies trying to purposely hurt Conley (@MontePooleCSN) http://t.co/ZstC6RTyGl #Warriors #Grizzlies #NBA http://…
Wed May 06 15:24:54 +0000 2015,RT @CSNAuthentic: Draymond denies trying to purposely hurt Conley (@MontePooleCSN) http://t.co/ZstC6RTyGl #Warriors #Grizzlies #NBA http://…
Wed May 06 15:24:48 +0000 2015,RT @CSNAuthentic: Draymond denies trying to purposely hurt Conley (@MontePooleCSN) http://t.co/ZstC6RTyGl #Warriors #Grizzlies #NBA http://…
Wed May 06 15:24:24 +0000 2015,RT @CSNAuthentic: Draymond denies trying to purposely hurt Conley (@MontePooleCSN) http://t.co/ZstC6RTyGl #Warriors #Grizzlies #NBA http://…
Wed May 06 15:24:02 +0000 2015,Draymond denies trying to purposely hurt Conley (@MontePooleCSN) http://t.co/ZstC6RTyGl #Warriors #Grizzlies #NBA http://t.co/KtDBy8WZkZ
Wed May 06 15:23:04 +0000 2015,RT @memgrizz: #Grizzlies lead the #Warriors at the half, 50-39. @MacBo50 has 10pts/4reb/2ast. #Grizz shooting 47% from the field. http://t.…
Wed May 06 15:22:53 +0000 2015,RT @NBAOnDefPen: "First team all defense" #Grizzlies /https://t.co/m1n1sl2nZB
Wed May 06 15:21:44 +0000 2015,The #Grizzlies beat the #Warriors 97-90; Zach Randolph had 20 points and 7 rebounds for Memphis in the win over Golden State. #NBAPlayoffs
Wed May 06 15:21:33 +0000 2015,RT @KNBR: #Warriors fall to the #Grizzlies last night in game 2. SF Chronicle columnist @scottostler joins @knbrmurph &amp; Mac coming up NEXT
Wed May 06 15:20:28 +0000 2015,John Wall vs. Mike Conley! #Wizards​ #Grizzlies - http://t.co/81ppsjlx99 http://t.co/FmtAC1rBj3
Wed May 06 15:20:26 +0000 2015,John Wall vs. Mike Conley! #Wizards​ #Grizzlies - http://t.co/EFAGqX0LRL http://t.co/nlNtGVejmO
Wed May 06 15:20:24 +0000 2015,John Wall vs. Mike Conley! #Wizards​ #Grizzlies - http://t.co/EMltpzKuno http://t.co/JYKrdHuU6F
Wed May 06 15:20:22 +0000 2015,John Wall vs. Mike Conley! #Wizards​ #Grizzlies - http://t.co/ZMm6gHQUI7 http://t.co/XQaMFDLvlL
Wed May 06 15:20:21 +0000 2015,John Wall vs. Mike Conley! #Wizards​ #Grizzlies - http://t.co/iURcWatNt2 http://t.co/DfjuIwz0pC
Wed May 06 15:19:20 +0000 2015,Grizzlies are 4-0 when Mike Conley plays http://t.co/fBtSBBQ3Cy #Grizzlies #NBA http://t.co/QN7uOJwO6C
Wed May 06 15:18:02 +0000 2015,RT @memgrizz: #Grizzlies defeat the #Warriors and tie up the series at 1 game each. @MConley11 lead all scorers w/ 22pts. http://t.co/nTt62…
Wed May 06 15:17:26 +0000 2015,@SamAmicoFSO in style. Clearly #GSW is favored; but #Grizzlies CAN win I felt; been together #Chemistry; it's just about health for em (2/2)
Wed May 06 15:17:22 +0000 2015,And another in the late 4th quarter? Yep. //#nba #nbanews #news #nbaplayoffs #playoffs #Grizzlies… https://t.co/fM5mUP1vxe
Wed May 06 15:16:48 +0000 2015,@SamAmicoFSO #Spurs could've potentially beat #GSW because they are the 'Big brothers,' to the style; but #Grizzlies can w/ contrast.. (1/2)
