Wed May 06 16:06:03 +0000 2015,@garmcloud blah blah blah jk lol #GSWarriors
Wed May 06 15:45:22 +0000 2015,#Grizzlies coach David Joerger after 97-90 win vs #GSWarriors  http://t.co/JcixyYLY18 #NBAPlayoffs #GrizzliesVsWarriors
Wed May 06 15:42:33 +0000 2015,#Grizzlies Mike Conley, Jr. Marc Gasol after 97-90 win vs #GSWarriors  http://t.co/QSaHcKp8GA #NBAPlayoffs #GrizzliesVsWarriors
Wed May 06 15:40:43 +0000 2015,#GSWarriors Stephen Curry after 97-90 loss vs #Grizzlies http://t.co/TMyv0JUeTJ #NBAPlayoffs #GrizzliesVsWarriors
Wed May 06 15:40:01 +0000 2015,#GSWarriors coach Steve Kerr after 97-90 loss vs #Grizzlies http://t.co/3DW2bGSAbj #NBAPlayoffs #GrizzliesVsWarriors
Wed May 06 15:37:09 +0000 2015,#gswarriors #goldenstate #warriors Warriors &amp; NBA Reacts To Steph Curry Winning MVP http://t.co/IxmxbBpklx
Wed May 06 15:37:09 +0000 2015,#gswarriors #goldenstate #warriors One Eyed Charlie and his pirate horde kicked the Warriors in the mouth last.. http://t.co/YwEb7QCnuV
Wed May 06 15:28:25 +0000 2015,RT @warriorsviews: #goldenstatewarriors #gswarriors WATCH: Adam Silver presents Warriors' Stephen Curry with MVP trophy before Ga.. http://…
Wed May 06 15:27:59 +0000 2015,Now you can eat breakfast with #MVP #StephenCurry the new face of #Wheaties #GSwarriors https://t.co/FUn0KTUy7s
Wed May 06 15:09:23 +0000 2015,@warriors Golden State Warriors Vintage Logo Sweatshirt http://t.co/3Nf1UkDTPt  #GSWarriors #GSW #Warriors #NBA #GoldenState #NBAPlayoffs
Wed May 06 15:04:24 +0000 2015,Late post #gswarriors #StrengthInNumbers @warriors http://t.co/8EKBKpy6MC
Wed May 06 14:52:06 +0000 2015,RT @warriorsviews: #goldenstatewarriors #gswarriors Draymond Green after Warriors' loss: 'Now the whole world has collapsed, the .. http://…
Wed May 06 14:37:21 +0000 2015,#goldenstatewarriors #gswarriors Draymond Green after Warriors' loss: 'Now the whole world has collapsed, the .. http://t.co/vWZzpE65rw
Wed May 06 14:27:47 +0000 2015,Denise Austin @Denise_Austin at the #StephCurry #stephmvp speech #SitAndBeFit ??? #FitnessGuru @warriors #GSWarriors http://t.co/m26SzRpsHv
Wed May 06 14:08:08 +0000 2015,#goldenstatewarriors #gswarriors Tony Allen with the steal and slam in Grizzlies' Game 2 win over Warriors (VI.. http://t.co/bCYpAcoiSt
Wed May 06 14:07:43 +0000 2015,RT @jackeryinc: To all #GSWarriors &amp; Draymond fans, follow &amp; RT for a chance to win @Money23Green autograph Jackery Giant+ #GoDubs http://t…
Wed May 06 13:58:37 +0000 2015,Can we please present Steph Curry with a trophy before every game? #gng #grizzlies #gritgrind #firstteamalldefense #GSWarriors
Wed May 06 13:45:40 +0000 2015,RT @Chris_the_plug: Stephen Curry Deserved The MVP 👏👌💯💪🏀🏀🏆🏆/#GSWarriors
Wed May 06 13:37:45 +0000 2015,#goldenstatewarriors #gswarriors Masked Conley Leads Grizzlies Past Golden State, as Tony Allen Says He's 'Fir.. http://t.co/dUccATy8Uq
Wed May 06 13:37:44 +0000 2015,#goldenstatewarriors #gswarriors WATCH: Adam Silver presents Warriors' Stephen Curry with MVP trophy before Ga.. http://t.co/Gc930ZhbZG
Wed May 06 13:19:46 +0000 2015,If #StephCurry stays humble, he will become on of the greatest. Ever. #NBA #GSWarriors
Wed May 06 12:52:49 +0000 2015,カリーは、レブロンより凄いと思ってしまうの俺だけ？/#StephCurry #MVP #NBA #GSWarriors
Wed May 06 12:42:53 +0000 2015,RT @CynthiaKQB: Strength in numbers, #GSWarriors ? How 'bout strength in adversity? @memgrizz @mconley11 #MikeConley
Wed May 06 12:35:27 +0000 2015,Strength in numbers, #GSWarriors ? How 'bout strength in adversity? @memgrizz @mconley11 #MikeConley
Wed May 06 11:32:56 +0000 2015,Didn't even have to check figured #gswarriors lost since they are not the top story on the news
Wed May 06 10:34:54 +0000 2015,At http://t.co/W6jKxVre98 -- #chicagobulls #dabulls #hisairness WILL SHIP OUT TODAY /#Clippers  #gswarriors #step… http://t.co/fF4PhLKzpD
Wed May 06 10:32:06 +0000 2015,RT @DanKalb: At #GSWarriors game! #Oakland Warriors up w/double-digit lead in the 4th Q. @MistahFAB is also in the house. http://t.co/igUmJ…
Wed May 06 09:40:40 +0000 2015,#NBAPlayoffs/-------/#MEMvsGS:/Les #GSWarriors piégés par le retour du vengeur masqué/http://t.co/GytMfftcOp http://t.co/CIAeWQDXT9
Wed May 06 09:37:11 +0000 2015,@memgrizz vincono @warriors! @mconley11 protagonista assoluto #NBAPlayoffs #GSWvsMEM #GSWarriors #Grizzlies #memphis http://t.co/uBt4qs9zOr
Wed May 06 09:36:03 +0000 2015,#goldenstatewarriors #gswarriors Grizzlies' 'Masked Assassin' stuns Warriors and upstages MVP Stephen Curry (Y.. http://t.co/8UvofYpsk3
Wed May 06 08:08:02 +0000 2015,#gswarriors #goldenstate #wearewarriors Conley's gamble pays off big for Grizzlies http://t.co/DY9aXYrNak
Wed May 06 08:07:11 +0000 2015,Barkley simply can't stand the Dubs #GSWarriors #GSWvsMEM #basketball  https://t.co/dicURQSC9A
Wed May 06 07:36:35 +0000 2015,#gswarriors #goldenstate #wearewarriors When shooting stars go dim http://t.co/oDrCr7kHCj
Wed May 06 07:36:35 +0000 2015,#goldenstatewarriors #gswarriors Who is that Masked Man? (Rotoworld) http://t.co/RvDiN8tUaP
Wed May 06 07:31:46 +0000 2015,Will be back for Game 5. Fun to be there, even with a loss. #GSWarriors #KCBSnews #NBAPlayoffs… https://t.co/qKHB0ejxAq
Wed May 06 07:22:34 +0000 2015,#goldenstatewarriors #gswarriors Grizzlies control Game 2 from start to finish, even series with Warriors (Bal.. http://t.co/WvEw19GhQC
Wed May 06 07:12:30 +0000 2015,#goldenstatewarriors #gswarriors NBA-Grizzlies maul Warriors to even series (Reuters) http://t.co/gvg4UIqoRN
Wed May 06 07:08:04 +0000 2015,#goldenstatewarriors #gswarriors Warriors lose shooting touch in Game 2 loss to Grizzlies (The Associated Press) http://t.co/VLbidDXDVV
Wed May 06 06:36:19 +0000 2015,#gswarriors #goldenstate #warriors Game Links #R1G2: Golden State Warriors 90 vs Memphis Grizzlies 97 - Stephe.. http://t.co/ET56mMbJhF
Wed May 06 06:08:06 +0000 2015,#goldenstatewarriors #gswarriors Tony 'First Team All-Defense' Allen and Mike 'Masked Assassin' Conley lead Gr.. http://t.co/hAQYztOCrf
Wed May 06 06:08:05 +0000 2015,#goldenstatewarriors #gswarriors Conley comes back, leads Grizzlies past Warriors 97-90 (The Associated Press) http://t.co/m6Iu8Cmguz
Wed May 06 06:07:59 +0000 2015,Tough Game tonight #GSWarriors #Warriors #SC30 #Curry #MVP #selfie #StrengthInNumbers 🏀🏆 @ Golden… https://t.co/SpTehsBJlD
Wed May 06 06:05:17 +0000 2015,RT @beautyandheat: 🏀🏆 Got my #Curry #MVP Jersey signed #GSWarriors #Warriors #Steph #StrengthInNumbers @ Golden State… https://t.co/msARzIZ…
Wed May 06 06:04:14 +0000 2015,🏀🏆 Got my #Curry #MVP Jersey signed #GSWarriors #Warriors #Steph #StrengthInNumbers @ Golden State… https://t.co/msARzIZ5zc
Wed May 06 06:03:29 +0000 2015,… at least the Giants won? #SFGiants #GSWarriors
Wed May 06 05:49:37 +0000 2015,Its all bout takin your lumps in stride n then learning from em. Take 2 in Memphis then close it back out in the O! #GamePlan #GSWarriors
Wed May 06 05:44:48 +0000 2015,RT @warriorsviews: #gswarriors #goldenstate #warriors Instant Recap: Warriors Play Sloppy, Lose To Grizzlies 97-90 http://t.co/452zHDwU47
Wed May 06 05:44:13 +0000 2015,RT @warriorsviews: #gswarriors #goldenstate #warriors Grizzlies Grind out Warriors to Even Series http://t.co/2Iyqfa6pog
Wed May 06 05:42:34 +0000 2015,RT @EastBayLoop: Congratulations to MVP Stephen Curry Go #GSWarriors! http://t.co/7jf9I88wbF
Wed May 06 05:41:32 +0000 2015,#gswarriors #goldenstate #warriors Grizzlies Grind out Warriors to Even Series http://t.co/2Iyqfa6pog
Wed May 06 05:40:34 +0000 2015,Good effort #GSWarriors. 😕/We'll get a WIN on the road in game 3 or 4 and then take the series back at home! 👍
Wed May 06 05:38:58 +0000 2015,Steve Kerr:  "I thought we lost our poise tonight.  It felt like desperation out there."  #GSWarriors #NBAPlayoffs
Wed May 06 05:37:04 +0000 2015,#gswarriors #goldenstate #warriors Instant Recap: Warriors Play Sloppy, Lose To Grizzlies 97-90 http://t.co/452zHDwU47
Wed May 06 05:37:03 +0000 2015,#gswarriors #goldenstate #warriors Post game cobwebs - We're not winning with cobwebs in the head http://t.co/SkqZud3Eeg
Wed May 06 05:35:50 +0000 2015,Steph's MVP trophy distracted them boys....they got next game #GSWarriors
Wed May 06 05:33:03 +0000 2015,"@MemGrizNation: Tony Allen is DEFINITELY 1st Team All-Defense. #GrindHouse http://t.co/wcddLICeAa"#GSWarriors
Wed May 06 05:31:25 +0000 2015,I'm not sure who's worse- Scott Foster or Joey Crawford. They're both equally horrendous. #GSWarriors #DubNation
Wed May 06 05:29:07 +0000 2015,Agreed RT @whutswong: Warriors were not going to go 16-0 in the playoffs. Bad night, shit-tastic refs. It happens. #GSWarriors #DubNation
Wed May 06 05:27:18 +0000 2015,I know the Dubs will bounce back and will be ready for Games 3 and 4 at Memphis. Let's Go Golden State Warriors! #DubNation #GSWarriors
Wed May 06 05:26:14 +0000 2015,In unrelated news... An underrated reason that the #gswarriors are best team in NBA (tonight notwithstanding) - watch @KTVU news at 10:45.
Wed May 06 05:24:39 +0000 2015,RT @StanfordVoice: Hard to believe this is just 3rd home loss all season for #GSWarriors and first since JANUARY.  On to Memphis. #KTVU
Wed May 06 05:23:11 +0000 2015,You live by the 3, you die by the 3! #GSWarriors //Thank you, #Vogie for the great #SFGiants win.
Wed May 06 05:21:57 +0000 2015,Warriors were not going to go 16-0 in the playoffs. Bad night, shit-tastic refs. It happens. #GSWarriors #DubNation
Wed May 06 05:21:26 +0000 2015,My team lost, but man! #OneEyedCharlie #NeverAgain #GSWarriors #WarriorsGround @warriors @memgrizz
Wed May 06 05:20:13 +0000 2015,@SportsBoyTony time for #GSWarriors fans to throw on their #Clippers jerseys http://t.co/YwDMo5AZ74
Wed May 06 05:20:05 +0000 2015,#KCA #VoteJKT48ID StanfordVoice: Hard to believe this is just 3rd home loss all season for #GSWarriors and first since JANUARY. On to Memph…
Wed May 06 05:19:41 +0000 2015,Congratulations to Steph Curry! 👏🏼👍🏼 such a great inspiration to us ballers! 👊🏼✨🏀/#KiaMVP #GSWarriors
Wed May 06 05:19:30 +0000 2015,Okay in my opinion Stephen Curry  had a horrible  game tonight... #MVP #GSWarriors #NBAPlayoffs #GSWvsMEM #Bricks
Wed May 06 05:18:44 +0000 2015,RT @StanfordVoice: Hard to believe this is just 3rd home loss all season for #GSWarriors and first since JANUARY.  On to Memphis. #KTVU
Wed May 06 05:18:41 +0000 2015,#NBAPlayoffs  #GSWarriors perdieron invicto. Fallaron muchos tiros y perdieron muchas bolas, pero DAR CRÉDITO defensa #memgrizz. Serie 1-1
Wed May 06 05:18:05 +0000 2015,RT @StanfordVoice: Hard to believe this is just 3rd home loss all season for #GSWarriors and first since JANUARY.  On to Memphis. #KTVU
Wed May 06 05:17:50 +0000 2015,Hard to believe this is just 3rd home loss all season for #GSWarriors and first since JANUARY.  On to Memphis. #KTVU
Wed May 06 05:16:09 +0000 2015,Look at the #dotcommers leave the #GSWarriors game @OracleArena lol got to catch the #google bus
Wed May 06 05:16:08 +0000 2015,Apparently Tony Allen thinks he should make first team defense #GSWarriors
Wed May 06 05:15:31 +0000 2015,This is frustrating! #GSWarriors  https://t.co/TnPMyBN1hl
Wed May 06 05:15:12 +0000 2015,What are we doing right now? Seriously... #GSWarriors
Wed May 06 05:13:20 +0000 2015,Damn #GSWarriors
Wed May 06 05:08:39 +0000 2015,Time to intro #GSWarriors to the #Wigsnatch?!?! #GNG #GoGrizz @aa000G9 @memgrizz
Wed May 06 05:08:33 +0000 2015,Not what I was expecting tonight #GSWarriors 😳
Wed May 06 05:03:50 +0000 2015,It's over for #GSWarriors tonight night all let me know if they come back gotta sleep before work in a few hrs.
Wed May 06 05:02:02 +0000 2015,3 more mins!! Make them plays count boys!! Cmonnnnnnn GOLDEN STATE!! Let's go Curry!!! #GSWarriors
Wed May 06 05:00:54 +0000 2015,Now or never guys! Let's go WARRIORS 🏀🏆 #SPLASH #GSWvsMEM #NBAPlayoffs #NBA #StephCurry #splashbrothers #GSWarriors #DubNation
Wed May 06 04:58:39 +0000 2015,Here they go /#Gswarriors
Wed May 06 04:55:57 +0000 2015,Bout take this L #GSWarriors smh
Wed May 06 04:55:18 +0000 2015,Let's go warriors!🏀 #DubNation #GSWarriors
Wed May 06 04:55:14 +0000 2015,Steph, your agent really needs to get you a classier sponsorship than deodorant #GSWarriors
Wed May 06 04:54:40 +0000 2015,Mamita querida, Tony Allen haciendo de las suyas en California #NBAPlayoffs #MemphisGrizzlies #GSWarriors
Wed May 06 04:53:25 +0000 2015,I called it.. @warriors soft. @memgrizz too tough #nbaplayoffs #memgrizz #gswarriors #cincodesmadre #whocaresaboutnba
Wed May 06 04:53:24 +0000 2015,the refs really slowed this game down into the #Grizzlies favor.  LETS GO #GSWarriors FINISH STRONG!
Wed May 06 04:51:41 +0000 2015,What the heck is going on with these clowns.....I mean refs!?!?!? Get it right man! #GSWARRIORS #LETSGOWARRIORS
Wed May 06 04:50:41 +0000 2015,Let's GO DUBS!! #GSWarriors
Wed May 06 04:50:24 +0000 2015,#Grizzlies offense looking dynamic. worrying for #GSWarriors  #GSWvsMEM
Wed May 06 04:49:24 +0000 2015,Ooof. ZBo got bailed out there. #GSWarriors
Wed May 06 04:48:40 +0000 2015,"@3Shadesofblue: straight #FirstTeam http://t.co/UWNF6Wupz0"#GSWarriors
Wed May 06 04:48:05 +0000 2015,COME ON #GSWARRIORS #LETSGOWARRIORS #GSWARRIORS #LETSGOWARRIORS #GSWARRIORS #LETSGOWARRIORS #GSWARRIORS
Wed May 06 04:48:03 +0000 2015,Memphis with 5 team fouls and the #GSWarriors don't have any.
Wed May 06 04:43:30 +0000 2015,watch this come back 💪🏻👌🏻 #DubNation #GSWarriors
Wed May 06 04:42:36 +0000 2015,#GSWarriors are not at their best this game but still fighting (themselves mostly).
Wed May 06 04:42:24 +0000 2015,#GSWarriors need to stop playing into Memphis' strength. Stop passing/driving into the trees.
Wed May 06 04:39:51 +0000 2015,You have no idea how bad I want Leandro Barbosa to become an old-man superstar so I can call him Captain Barbos(s)a #GSWarriors #GSWvsMEM
