Wed May 06 16:26:29 +0000 2015,RT @NBAcom: Hawks organist @Sir_Foster will happily take your in-game song requests//http://t.co/SUsUmacRAS #Hawks #AllBall http://t.co/1Sd…
Wed May 06 16:25:29 +0000 2015,Only way @HaleyRSchmidt will communicate from now on #Hawks http://t.co/WDzTXYlRSB
Wed May 06 16:25:20 +0000 2015,RT @NBAcom: Hawks organist @Sir_Foster will happily take your in-game song requests//http://t.co/SUsUmacRAS #Hawks #AllBall http://t.co/1Sd…
Wed May 06 16:25:06 +0000 2015,ワイ「工藤から無能臭がするンゴ・・・」 /#Hawks #npb #プロ野球 /http://t.co/ttvCKWEqdN /https://t.co/OxTOHntIJ1
Wed May 06 16:24:21 +0000 2015,RT @Hooligan_nba: Korver enchufando un triple en la cara de Beal #Hawks #Wizards #PlayOffs http://t.co/LCFFUiuxQa
Wed May 06 16:24:07 +0000 2015,Please vote Petra-12th Pup http://t.co/RGTqFpAGWq #irishsetter #GoHawks #SeahawksNation #12s @Seahawks #Seahawks #12thman #12thpup #Hawks
Wed May 06 16:23:39 +0000 2015,RT @NBAcom: Hawks organist @Sir_Foster will happily take your in-game song requests//http://t.co/SUsUmacRAS #Hawks #AllBall http://t.co/1Sd…
Wed May 06 16:23:22 +0000 2015,【永田利則】 /守りは一級品 ミートも一級品 /リーディングヒッターを それ狙うぞ永田 #Nankai #Hawks #sbhawks
Wed May 06 16:23:22 +0000 2015,RT @NBAcom: Hawks organist @Sir_Foster will happily take your in-game song requests//http://t.co/SUsUmacRAS #Hawks #AllBall http://t.co/1Sd…
Wed May 06 16:23:05 +0000 2015,#Health #Solution Garcinia Cambogia Extract Side Effects: Reviews and Research Exposes Garcinia… http://t.co/P1ajhr9gxC #Hawks #Fitness
Wed May 06 16:21:56 +0000 2015,RT @NBAcom: Hawks organist @Sir_Foster will happily take your in-game song requests//http://t.co/SUsUmacRAS #Hawks #AllBall http://t.co/1Sd…
Wed May 06 16:21:03 +0000 2015,The best in the league ever RT @NBAcom: Hawks organist @Sir_Foster will happily take your in-game song requests// #Hawks #AllBall
Wed May 06 16:20:54 +0000 2015,Top 5 NBA Plays: May 5th...WATCH NOW: http://t.co/p656RdGCmK #ESPN #NBA #SPORTSCENTER #CAVS #WARRIORS #HAWKS #WIZARDS http://t.co/sgCqoxj5Ds
Wed May 06 16:20:29 +0000 2015,Top 5 NBA Plays: May 5th...WATCH NOW: http://t.co/p656RdGCmK #ESPN #NBA #SPORTSCENTER #CAVS #WARRIORS #HAWKS #WIZARDS
Wed May 06 16:20:15 +0000 2015,RT @NBAcom: Hawks organist @Sir_Foster will happily take your in-game song requests//http://t.co/SUsUmacRAS #Hawks #AllBall http://t.co/1Sd…
Wed May 06 16:20:11 +0000 2015,#Sports #Basketball Atlanta #Hawks Adidas Climalite Cap Men's S/M http://t.co/cX5zXsragk #Bestseller #Buy
Wed May 06 16:20:08 +0000 2015,#NBA #AtlantaHawks atlanta hawks addidas mens t shirt size -XL http://t.co/oG8mS4ran8 #Hawks #Sports
Wed May 06 16:20:00 +0000 2015,#hawks https://t.co/ks3YnSwdmW
Wed May 06 16:19:50 +0000 2015,RT @NBAcom: Hawks organist @Sir_Foster will happily take your in-game song requests//http://t.co/SUsUmacRAS #Hawks #AllBall http://t.co/1Sd…
Wed May 06 16:19:02 +0000 2015,The @ATLHawks' emoji keyboard has us feeling like... #TrueToAtlanta #Hawks #NBA http://t.co/J2FVvBgjZT
Wed May 06 16:18:02 +0000 2015,GAME 5 #HAWKS VS #WIZARDS NEXT #WEDNESDAY!!!!!! 2 MIDDLE #SIDELINES ON SALE FOR ONLY $75… https://t.co/eUw8ZixCYj
Wed May 06 16:15:54 +0000 2015,Hawks Launch New Team App Featuring Pro Sports&amp;#039; First Custom Emoji Keyboard http://t.co/W8Cg47Z4zB @chatsports #Hawks #NBA
Wed May 06 16:15:11 +0000 2015,【悲報】工藤監督、テレ東で晒される http://t.co/PmMVInKGy4 #hawks #ソフトバンク
Wed May 06 16:13:46 +0000 2015,Cant wait for my #Hawks Emojis on my #GalaxyS6 :D
Wed May 06 16:12:37 +0000 2015,Can anyone stop the #Hawks? http://t.co/fv5y3POWQ1
Wed May 06 16:12:24 +0000 2015,RT @NBAcom: Hawks organist @Sir_Foster will happily take your in-game song requests//http://t.co/SUsUmacRAS #Hawks #AllBall http://t.co/1Sd…
Wed May 06 16:12:15 +0000 2015,#Blackhawks taking a 3-0 lead on the #mnwild might be the best thing to happen this week! Let's hope they keep it up on Thursday! #Hawks
Wed May 06 16:11:42 +0000 2015,TIX http://t.co/MY3Vif2208 L L Atlanta #Hawks Playoffs Round 2 Game 5 - Courtside Sec 121, Row KK - 2… http://t.co/tfaOJ5vEbZ #Tickets…
Wed May 06 16:10:25 +0000 2015,RT @NBAcom: Hawks organist @Sir_Foster will happily take your in-game song requests//http://t.co/SUsUmacRAS #Hawks #AllBall http://t.co/1Sd…
Wed May 06 16:10:22 +0000 2015,L L NBA #AtlantaHawks NBA Basketball Auto Car Head Rest Covers - Atlanta Hawks *Jersey Version* #Hawks #Sports http://t.co/Pc8WayTMdP
Wed May 06 16:09:56 +0000 2015,RT @NBAcom: Hawks organist @Sir_Foster will happily take your in-game song requests//http://t.co/SUsUmacRAS #Hawks #AllBall http://t.co/1Sd…
Wed May 06 16:08:15 +0000 2015,#atlantahawks #ATLHawks #Hawks #atlanta 2015 NBA Playoffs: DeMarre Carroll continues postseason surge for the .. http://t.co/7ddSDSkvHe
Wed May 06 16:08:07 +0000 2015,#Health #Solution Foods That Burn Fat and Lose Weight http://t.co/tohpVA4bna #Hawks #Fitness
Wed May 06 16:08:06 +0000 2015,RT @NBAcom: Hawks organist @Sir_Foster will happily take your in-game song requests//http://t.co/SUsUmacRAS #Hawks #AllBall http://t.co/1Sd…
Wed May 06 16:07:16 +0000 2015,@NBAcom @Sir_Foster Can you play "Lay It Down" by 8 Ball &amp; MJG, please? Thank you sir. #Hawks
Wed May 06 16:07:00 +0000 2015,John Carlson retiring after seven-year career - John Carlson | ARZ| http://t.co/6U7P7uAwG8 #Hawks #NBA
Wed May 06 16:06:46 +0000 2015,RT @NBAcom: Hawks organist @Sir_Foster will happily take your in-game song requests//http://t.co/SUsUmacRAS #Hawks #AllBall http://t.co/1Sd…
Wed May 06 16:06:17 +0000 2015,RT @NBAcom: Hawks organist @Sir_Foster will happily take your in-game song requests//http://t.co/SUsUmacRAS #Hawks #AllBall http://t.co/1Sd…
Wed May 06 16:06:15 +0000 2015,RT @BBallSociety_: LAST NIGHT: #Hawks grabbed a 106-90 G2 win over the Wall-less #Wizards behind DeMarre Carroll’s 22 pts &amp; 6 rebs. http://…
Wed May 06 16:06:02 +0000 2015,Report: #Knicks interested in #Hawks SF-SG DeMarre Carroll in UFA.
Wed May 06 16:05:31 +0000 2015,RT @NBAcom: Hawks organist @Sir_Foster will happily take your in-game song requests//http://t.co/SUsUmacRAS #Hawks #AllBall http://t.co/1Sd…
Wed May 06 16:04:47 +0000 2015,https://t.co/qYSZRIOfX1 Let's Go #Hawks! http://t.co/w9FRdTjS2u
Wed May 06 16:04:36 +0000 2015,#Sports #Basketball Jeff Teague Atlanta #Hawks #0 jersey Available Size S M L XL XXL http://t.co/bUBJjCyasS #Bestseller #Buy
Wed May 06 16:04:35 +0000 2015,#NBA #AtlantaHawks Atlanta Hawks Adidas Climalite Cap Men's S/M http://t.co/9wcqr6t7EJ #Hawks #Sports
Wed May 06 16:04:34 +0000 2015,RT @NBAcom: Hawks organist @Sir_Foster will happily take your in-game song requests//http://t.co/SUsUmacRAS #Hawks #AllBall http://t.co/1Sd…
Wed May 06 16:04:27 +0000 2015,RT @NBAcom: Hawks organist @Sir_Foster will happily take your in-game song requests//http://t.co/SUsUmacRAS #Hawks #AllBall http://t.co/1Sd…
Wed May 06 16:04:25 +0000 2015,How the Hawks Can Fly Past the Wizards-  http://t.co/0oE7G3BXG5  #NBA #NBAPlayoffs #Hawks #Wizards http://t.co/DYwb9meaul
Wed May 06 16:04:01 +0000 2015,#Hawks SF-SG DeMarre Carroll said he would most definitely give a great deal of consideration to the #Knicks in UFA.
Wed May 06 16:03:40 +0000 2015,RT @NBAcom: Hawks organist @Sir_Foster will happily take your in-game song requests//http://t.co/SUsUmacRAS #Hawks #AllBall http://t.co/1Sd…
Wed May 06 16:03:32 +0000 2015,Report: #Hawks SF-SG DeMarre Carroll, upcoming UFA, has expressed interest in New York and playing for #Knicks head coach Derek Fisher.
Wed May 06 16:03:15 +0000 2015,RT @NBAcom: Hawks organist @Sir_Foster will happily take your in-game song requests//http://t.co/SUsUmacRAS #Hawks #AllBall http://t.co/1Sd…
Wed May 06 16:01:04 +0000 2015,RT @jstewart2350: #playoffbeard #hawks #thiscutie 😍 http://t.co/yqUcPo37EO
Wed May 06 16:00:14 +0000 2015,Patrick Kane has 4 goals vs. Minnesota. The Wild has 4 goals against the #Hawks. Just sayin' //http://t.co/XQDjId1oOG http://t.co/QGO19XL2ar
Wed May 06 16:00:13 +0000 2015,See a pair of Conference Semi-Final #Game 2's in super slow-motion as the #Hawks and #Grizzlies tie the... http://t.co/ActdUSepH2 #NBAVideo
Wed May 06 16:00:02 +0000 2015,RT @WaddleandSilvy: The usual fun @ 2pm today and Charles Barkley joins us at 3pm. #Bulls #Hawks.
Wed May 06 15:59:33 +0000 2015,@Drunk_Kane88  this shot sums up the entire series..the look of horror on the Wild fans is priceless #hawks http://t.co/zLtQqRjfr6
Wed May 06 15:59:07 +0000 2015,RT @WashWizards: Final from Atlanta, //#Wizards 90 - #Hawks 106//Sessions 21p/Beal 20p/Pierce 15p/Porter 15p/Gortat 10p-9r//#WizHawks http:…
Wed May 06 15:58:41 +0000 2015,@jaychandrasekha no, hockey is not a real sport. So go #Hawks
Wed May 06 15:58:19 +0000 2015,RT @WaddleandSilvy: Hey Minnesota.../How about this chant.../"Shuuuuuuutout!"/"Shuuuuuuutout!"/#Hawks
Wed May 06 15:58:14 +0000 2015,@etienneb80 i would say Etienne #Hawks and .....#NYR 👍🗽
Wed May 06 15:56:39 +0000 2015,TIX http://t.co/MY3Vif2208 L Atlanta #Hawks Playoffs Round 2 Game 5 - Courtside Sec 121, Row KK - 2… http://t.co/tfaOJ5vEbZ #Tickets…
Wed May 06 15:55:15 +0000 2015,RT @WaddleandSilvy: The usual fun @ 2pm today and Charles Barkley joins us at 3pm. #Bulls #Hawks.
Wed May 06 15:55:10 +0000 2015,L C NBA #AtlantaHawks VTG RARE Joe Johnson Atlanta Hawks Champion Throwback NBA Basketball Jersey 2XL #Hawks… http://t.co/SX6SGvymfZ
Wed May 06 15:55:06 +0000 2015,#Hawks Tweets: #ICYMI, everything you need to know about our new app: Search "Hawks"… http://t.co/EVdiAUm7Dp #NBA http://t.co/WOWHUPGuaq
Wed May 06 15:54:19 +0000 2015,【山本和範②】/大空に羽ばたく 山本和範/豪快な打球を ぶちかませよ #Nankai #Hawks #sbhawks
Wed May 06 15:53:59 +0000 2015,go #hawks #12thMan
Wed May 06 15:52:38 +0000 2015,#Health #Solution How To Burn Fat Fast In 11 Steps http://t.co/cXwiN1swbX #Hawks #Fitness
Wed May 06 15:51:53 +0000 2015,The usual fun @ 2pm today and Charles Barkley joins us at 3pm. #Bulls #Hawks.
Wed May 06 15:51:50 +0000 2015,RT @NBAcom: Hawks organist @Sir_Foster will happily take your in-game song requests//http://t.co/SUsUmacRAS #Hawks #AllBall http://t.co/1Sd…
Wed May 06 15:51:36 +0000 2015,RT @SteveKoonin: Make sure you download our new @ATLHawks emoji app. Who needs words when you can use #Hawks emojis? Search Atlanta Hawks i…
Wed May 06 15:51:34 +0000 2015,#playoffbeard #hawks #thiscutie 😍 http://t.co/yqUcPo37EO
Wed May 06 15:50:49 +0000 2015,RT @NBAcom: Hawks organist @Sir_Foster will happily take your in-game song requests//http://t.co/SUsUmacRAS #Hawks #AllBall http://t.co/1Sd…
Wed May 06 15:49:18 +0000 2015,L NBA #AtlantaHawks NIKE ATLANTA HAWKS NBA BASKETBALL JERSEY SHAREEF ABDUR RAHIM Sz XL #Hawks #Sports http://t.co/UjvLGxOILk
Wed May 06 15:49:17 +0000 2015,#Sports #Basketball Red Color Paul Millsap Atlanta #Hawks #4 jersey Available Size S M L XL XXL http://t.co/OFLv7nNx0y #Bestseller #Buy
Wed May 06 15:49:14 +0000 2015,#NBA #AtlantaHawks Red Color Paul Millsap Atlanta Hawks #4 jersey Available Size S M L XL XXL http://t.co/rhQCpHhuVz #Hawks #Sports
Wed May 06 15:47:39 +0000 2015,@DivvyBikes #BlackhawksBike emerging from the fog it left the @mnwild in last night #2010 #Blackhawks #Hawks http://t.co/5pHumHGjwQ
Wed May 06 15:45:13 +0000 2015,Atlanta #Hawks launch emoji keyboard http://t.co/4sAg76OJFe #NBA
Wed May 06 15:43:15 +0000 2015,L L L NBA #AtlantaHawks Authentic Mitchell and Ness Dominique Wilkins Hawks Jersey (Deadstock), Size 56 #Hawks… http://t.co/e2ZFPPxR6G
Wed May 06 15:43:14 +0000 2015,TIX http://t.co/MY3Vif2208 Atlanta #Hawks Playoffs Round 2 Game 5 - Courtside Sec 121, Row KK - 2… http://t.co/tfaOJ5vEbZ #Tickets #Ticket
Wed May 06 15:41:12 +0000 2015,@RulingSports @ATLHawks they continue to play to their target market - millennials. Nice work by the #Hawks.
Wed May 06 15:40:52 +0000 2015,Don't sleep on Atlanta man #Hawks
Wed May 06 15:39:18 +0000 2015,RT @JeffSchultzAJC: From last night: #Hawks survive to even series but they didn't make it easy. http://t.co/3ylhC2rGa7
Wed May 06 15:39:11 +0000 2015,RT @SAPoliceService: #sapsKZN Joint ops by DBN #Hawks &amp; NIU led to R7MIL #DrugBust in Ramsgate, 10 arrested. ME/http://t.co/SRu1Sfdduo http…
Wed May 06 15:37:49 +0000 2015,Hope John Wall feels better... After game 4. #sorrynotsorry #Hawks #Truetoatlanta
Wed May 06 15:37:45 +0000 2015,RT @Hooligan_nba: Kyle Korver #Hawks #PlayOffs http://t.co/5d4ZHR1T1j
Wed May 06 15:37:19 +0000 2015,L L C #Sports #Basketball adidas Authentic Red Atlanta #Hawks SnapBack Hat One Size fits Most Unisex #Bestseller… http://t.co/a15nwAhckH
Wed May 06 15:37:19 +0000 2015,#Health #Solution Extreme Weight Loss Boot Camps http://t.co/trpgqpCoEc #Hawks #Fitness
Wed May 06 15:37:08 +0000 2015,#ATLHawks #Hawks #atlanta Wizards' Paul Pierce levels Hawks' Jeff Teague with hard foul in Game 2 (VIDEO) http://t.co/MVp3y11PNI
Wed May 06 15:36:53 +0000 2015,I Bet yall don't have the atlhawks Emojis tho. #Hawks #TrueToAtlanta #TheyDontWorkWithIGYet https://t.co/6JtbLq0VFK
Wed May 06 15:35:51 +0000 2015,#hawks Love it! Congrats on the new app! Waiting for my @mikescott tutorial.
Wed May 06 15:35:18 +0000 2015,Kane Scores Twice as Blackhawks Beat Wild 4-1   http://t.co/C7FA8hXgNy  #hawks #minnesota #powerplay #thegame
Wed May 06 15:34:59 +0000 2015,The Valiant #Hawks Withstood Mighty #Ramon Sessions, Can Do Anything http://t.co/XB5Cv9k33c #eyebalz #buzz @deadspin
Wed May 06 15:33:49 +0000 2015,#hawks
Wed May 06 15:33:43 +0000 2015,RT @SteveKoonin: Make sure you download our new @ATLHawks emoji app. Who needs words when you can use #Hawks emojis? Search Atlanta Hawks i…
Wed May 06 15:32:38 +0000 2015,#Sports #Basketball Vintage NBA Atlanta #Hawks Embroidered http://t.co/5C2KAXWbHp ! FAST SHIPPING ! http://t.co/RThXWjM2yk #Bestseller #Buy
Wed May 06 15:32:37 +0000 2015,#NBA #AtlantaHawks ATLANTA HAWKS l NBA Outdoor House Flag Banner ~ New! 27x37 http://t.co/4syKeIXctG #Hawks #Sports
Wed May 06 15:32:37 +0000 2015,TIX http://t.co/VQAWDAqIz5 Atlanta #Hawks Playoffs Round 2 Game 5 - Courtside Sec 121, Row KK - 2… http://t.co/ggi7Pt5WOt #Tickets #NBA
Wed May 06 15:31:54 +0000 2015,L NBA #AtlantaHawks NBA Basketball Auto Car Head Rest Covers - Atlanta Hawks *Jersey Version* #Hawks #Sports http://t.co/E9HbIuAtIx
Wed May 06 15:31:45 +0000 2015,RT @Thebronykid: The media is so quick to shit on the Hawks when they lose, but then they suddenly go silent when they win. #keepsleeping #…
Wed May 06 15:28:16 +0000 2015,RT @Hooligan_nba: Korver enchufando un triple en la cara de Beal #Hawks #Wizards #PlayOffs http://t.co/LCFFUiuxQa
