Wed May 06 16:25:16 +0000 2015,Charlotte Hornets condense their front office http://t.co/X42EVWxxe1 #Hornets #NBA
Wed May 06 16:16:01 +0000 2015,#Hornets games are going to look so much better on this TV! Doesn't hurt to have @StephanieReady on it either http://t.co/7ncqB4sWnq
Wed May 06 16:13:11 +0000 2015,#NBA #Hornets - Vtg 90s NBA STARTER Winter Parka Puffy Jacket w/ Hood CHARLOTTE HORNETS... http://t.co/ZYJqF0Dccc http://t.co/lQmogZfBKD
Wed May 06 16:13:11 +0000 2015,#NBA #Hornets - RARE Original Charlotte Hornets Starter Jacket Mens Medium Puffy Insula... http://t.co/8yVbGPr627 http://t.co/lQmogZfBKD
Wed May 06 16:13:10 +0000 2015,#NBA #Hornets - Charlotte Hornets NBA Mitchell &amp; Ness Butter Nylon 2 Tone Strapback Hat... http://t.co/UgZ6exeNSs http://t.co/lQmogZfBKD
Wed May 06 16:06:51 +0000 2015,dedman's Final 2012 NBA Mockery - http://t.co/BbF6azfTxI #Hornets
Wed May 06 16:01:45 +0000 2015,RT @hornetsvolley: The best way to 'have a ball' on a Wednesday night is to join the hornets and play volleyball! 7:15 at Linlithgow academ…
Wed May 06 16:00:16 +0000 2015,Charlotte Hornets plan to start, own NBA D-League team in 2016-17 http://t.co/ZApfuxitSs #Hornets #NBA
Wed May 06 15:59:35 +0000 2015,The Squad Continued... #Hornets http://t.co/DVc19fDzZG http://t.co/odPT6HvDvX
Wed May 06 15:35:15 +0000 2015,NBA Playoffs open thread (May 2nd) http://t.co/1Be4bOoK6f #Hornets #NBA
Wed May 06 15:22:54 +0000 2015,The best way to 'have a ball' on a Wednesday night is to join the hornets and play volleyball! 7:15 at Linlithgow academy #hornets
Wed May 06 15:22:06 +0000 2015,#NBA #Hornets - Charlotte Hornets NBA Adidas Flat Brim Charlotte Hornets Snapback Team ... http://t.co/6aNwL8jI8G http://t.co/lQmogZfBKD
Wed May 06 15:22:06 +0000 2015,#NBA #Hornets - Charlotte Hornets NBA Adidas Flat Brim Charlotte Hornets Snapback Team ... http://t.co/J3gkaIDt7Y http://t.co/k33Sm3HFUt
Wed May 06 15:22:06 +0000 2015,#NBA #Hornets - Larry Johnson 1993-94 Charlotte Hornets Authentic Auto'd Pro Cut Jersey... http://t.co/cyLcWcSLFc http://t.co/k33Sm3HFUt
Wed May 06 15:19:51 +0000 2015,RT @HornetSportSpot: As far as the #hornets ship for next year, I think big Al will be more of an anchor than a motor. Could be a rough yea…
Wed May 06 15:19:03 +0000 2015,RT @topHornets: 2014-15 Player Report Cards :Troy Daniels http://t.co/hUtInBY0Wr #Hornets #NBA
Wed May 06 15:15:43 +0000 2015,As far as the #hornets ship for next year, I think big Al will be more of an anchor than a motor. Could be a rough year.
Wed May 06 15:12:04 +0000 2015,Hornets Sports &amp;amp; Entertainment Announces Intent To Launch Owned-and-Operated NBA D-League Team - http://t.co/LSSgkt035T #Hornets
Wed May 06 15:10:56 +0000 2015,RT @triplejchilli: Still #love this logo! #TBT #cantwait #chilli #chillicothe #chillimo #hornets #hornetnation… https://t.co/8BpfJs3rLD
Wed May 06 15:10:14 +0000 2015,2014-15 Player Report Cards :Troy Daniels http://t.co/hUtInBY0Wr #Hornets #NBA
Wed May 06 14:55:11 +0000 2015,Top 10 Plays and Moments from Charlotte Hornets' 2014-15 Season http://t.co/iGIlwERoEM #Hornets #NBA http://t.co/rktBCReYN3
Wed May 06 14:54:47 +0000 2015,#Hornets #ajhieid Releases metadata for GitHub Pages: Last year, we exposed repository and... http://t.co/F5QEnxZlN7 #mensionforfollback
Wed May 06 14:54:04 +0000 2015,#NBA #Hornets - Larry Johnson 1993-94 Charlotte Hornets Authentic Auto'd Pro Cut Jersey... http://t.co/Nc2LiM4gYW http://t.co/lQmogZfBKD
Wed May 06 14:47:58 +0000 2015,#Hornets What Makes You Popular on Instagram? Proven Tactics to Increase Your Followers.: ... http://t.co/ZYRZlzDiqJ #mensionforfollback
Wed May 06 14:45:50 +0000 2015,Guedioura thanks Palace bosses but remains coy on future http://t.co/kAOniQ88K1 #watfordfc #hornets
Wed May 06 14:45:14 +0000 2015,NBA Playoffs open thread (May 5) http://t.co/zGL6whHhkQ #Hornets #NBA
Wed May 06 14:37:02 +0000 2015,James Powers the Heat to a 2-0 Series Advantage - http://t.co/JwvQiCavi1 #Hornets
Wed May 06 14:30:16 +0000 2015,#Watford UPDATED - SEASON TICKETS 2015-16: Further Priority Sale Detail For Friday May 8, 10am:  http://t.co/6lbGf28m1R #Hornets #Football
Wed May 06 14:22:36 +0000 2015,Thompson, Griffin, Gibson http://t.co/PIfm4JOVq9 #Hornets #NBA http://t.co/sbEqNirFYP
Wed May 06 14:20:13 +0000 2015,Top 10 Plays and Moments from Charlotte Hornets' 2014-15 Season http://t.co/6y2XAPBr05 #Hornets #NBA
Wed May 06 14:05:07 +0000 2015,http://t.co/EEkB0NdMH9: Charlotte Hornets Starter... http://t.co/KsGufReVXr #charlotte #hornets #intro #jacket #orleans #pelicans #starter
Wed May 06 14:02:00 +0000 2015,John Wall Out For Game 2 With Wrist Injury - http://t.co/knB5e5e9Fi #Hornets
Wed May 06 14:01:27 +0000 2015,#NBA #Hornets - VINTAGE CHARLOTTE HORNETS STARTER FLEX FITTED 6 5/8-7 1/8 HAT GOOD COND... http://t.co/CvbSnXQeou http://t.co/lQmogZfBKD
Wed May 06 14:01:27 +0000 2015,#NBA #Hornets - RARE Vintage Champion NBA Jersey Larry Johnson #2 Charlotte Hornets 44 ... http://t.co/0u95Hgg2eL http://t.co/lQmogZfBKD
Wed May 06 14:01:26 +0000 2015,#NBA #Hornets - VINTAGE CHARLOTTE HORNETS STARTER FLEX FITTED 6 5/8-7 1/8 HAT GOOD COND... http://t.co/9iSmQqksU5 http://t.co/k33Sm3HFUt
Wed May 06 14:01:26 +0000 2015,#NBA #Hornets - RARE Vintage Champion NBA Jersey Larry Johnson #2 Charlotte Hornets 44 ... http://t.co/bMtQi9TCjS http://t.co/k33Sm3HFUt
Wed May 06 13:55:12 +0000 2015,Draft Notes :Mudiay, Towns, Mickey http://t.co/iCFS0YLMHN #Hornets #NBA
Wed May 06 13:51:44 +0000 2015,RT @MikeyMehlich: The Squad Continued... #Hornets http://t.co/mKPBrBz3d9
Wed May 06 13:40:24 +0000 2015,#NBA #Hornets - Where Luxury Meets Adrenaline: Gain exclusive access to the newest expe... http://t.co/QSfZIEnYWz http://t.co/lQmogZfBKD
Wed May 06 13:30:10 +0000 2015,Central Notes :Thompson, Griffin, Gibson http://t.co/5pVLmYkGcu #Hornets #NBA
Wed May 06 13:05:04 +0000 2015,2014/15 D-League Usage Report :Grizzlies http://t.co/cIqJBTfKJE #Hornets #NBA
Wed May 06 12:55:37 +0000 2015,RT @tribalfootball: #Watford boss #Jokanovic hails his attacking trio #watfordfc #hornets &gt; http://t.co/SDaSsOyCp2 http://t.co/bTTqZmsoVY
Wed May 06 12:51:56 +0000 2015,2014-15 Season in Review | Gerald Henderson - http://t.co/MgZ42jIQRN #Hornets
Wed May 06 12:49:32 +0000 2015,#Watford boss #Jokanovic hails his attacking trio #watfordfc #hornets &gt; http://t.co/SDaSsOyCp2 http://t.co/bTTqZmsoVY
Wed May 06 12:40:04 +0000 2015,Western Notes :Pelicans, Curry, Batum http://t.co/zvdlzgoSRQ #Hornets #NBA
Wed May 06 12:34:49 +0000 2015,Back in the 90s when I was a beast #LarryJohnson #LJ #hornets #nba #charlotte #dunking #boss https://t.co/u3DkA5gbWh
Wed May 06 12:13:41 +0000 2015,Deeney expects Watford to sign four or five players with Premier League experience http://t.co/sOTeVwYn0J #watfordfc #hornets
Wed May 06 12:10:17 +0000 2015,New Charlotte Hornets Rumors. Friday, May 1 2015 http://t.co/YZ100KHabv #Hornets #NBA
Wed May 06 11:50:26 +0000 2015,GOSSIP: Birmingham want to sign Watford duo http://t.co/P0sVtIy6c4 #watfordfc #hornets
Wed May 06 11:45:17 +0000 2015,New Charlotte Hornets Rumors. Monday, May 4 2015 http://t.co/YZ100KHabv #Hornets #NBA
Wed May 06 11:43:36 +0000 2015,#Watford HORNETS PLAYER: Promotion Celebrations &amp; Exclusive On-Pitch Interviews - This Week:  http://t.co/ZBYQek0SPT #Hornets #Football
Wed May 06 11:34:52 +0000 2015,RT @MikeyMehlich: The Squad Continued... #Hornets http://t.co/mKPBrBz3d9
Wed May 06 11:20:16 +0000 2015,Charlotte Hornets condense their front office http://t.co/X42EVWxxe1 #Hornets #NBA
Wed May 06 11:13:35 +0000 2015,Watford set to sign Lithuania international http://t.co/QcsvyzU8c9 #watfordfc #hornets
Wed May 06 10:55:16 +0000 2015,Charlotte Hornets plan to start, own NBA D-League team in 2016-17 http://t.co/ZApfuxitSs #Hornets #NBA
Wed May 06 10:49:39 +0000 2015,@jefferytweber @HornetsX2 Fans get FREE AmazonPrime! Get 40,000+ Movies/TV Shows &amp; 500K+ Ebooks. http://t.co/HNN9nfgk7G RT! #Hornets
Wed May 06 10:31:48 +0000 2015,Charlotte Hornets at Chicago Bulls preview 02.25.15 - http://t.co/KtiR5R7MIN #Hornets
Wed May 06 10:30:15 +0000 2015,NBA Playoffs open thread (May 2nd) http://t.co/1Be4bOoK6f #Hornets #NBA
Wed May 06 10:11:35 +0000 2015,@chocolatepartne 1Tweet4 @HornetsX2 Fans, Follow Team/Player Tweets, UTubes, Stats, Pics &amp; MORE! Visit http://t.co/qaOE6otQR0 RT! #Hornets
Wed May 06 10:05:14 +0000 2015,2014-15 Player Report Cards :Troy Daniels http://t.co/hUtInBY0Wr #Hornets #NBA
Wed May 06 09:52:29 +0000 2015,Just met @T_Deeney outside talksport offices, top top player! All the best for the Prem next season mate! #hornets
Wed May 06 09:22:08 +0000 2015,Not many paid attention to season finale - http://t.co/CTGLfHSzbo #Hornets
Wed May 06 09:17:09 +0000 2015,News coming from Watford that they are closely watching Norwich city midfielder Bradley Johnson. #watfordfc #ncfc #canaries #hornets
Wed May 06 09:15:13 +0000 2015,Top 10 Plays and Moments from Charlotte Hornets' 2014-15 Season http://t.co/6y2XAPBr05 #Hornets #NBA
Wed May 06 08:50:12 +0000 2015,Draft Notes :Mudiay, Towns, Mickey http://t.co/iCFS0YLMHN #Hornets #NBA
Wed May 06 08:45:50 +0000 2015,@Alvaro_VK7 @HornetsX2 Fans get FREE AmazonPrime! Get 40,000+ Movies/TV Shows &amp; 500K+ Ebooks. http://t.co/HNN9nfgk7G RT! #Hornets
Wed May 06 08:40:36 +0000 2015,RT @FantasyFC: @watfordfcsays will be in @SkyFantasyFooty &amp; @premierleague next year! Here they are getting 2 footed #hornets https://t.co/…
Wed May 06 08:25:12 +0000 2015,Central Notes :Thompson, Griffin, Gibson http://t.co/5pVLmYkGcu #Hornets #NBA
Wed May 06 08:13:12 +0000 2015,@spaghetti_11 @HornetsX2 Fans get FREE AmazonPrime! Get 40,000+ Movies/TV Shows &amp; 500K+ Ebooks. http://t.co/HNN9nfgk7G RT! #Hornets
Wed May 06 08:12:05 +0000 2015,Who knew Hornets&amp;#x92; Mo Williams still had big shots in him? - http://t.co/h36WidVrdW #Hornets
Wed May 06 08:00:10 +0000 2015,2014/15 D-League Usage Report :Grizzlies http://t.co/cIqJBTfKJE #Hornets #NBA
Wed May 06 07:42:51 +0000 2015,RT @FantasyFC: @watfordfcsays will be in @SkyFantasyFooty &amp; @premierleague next year! Here they are getting 2 footed #hornets https://t.co/…
Wed May 06 07:42:46 +0000 2015,@y_oscarxcedriqe @HornetsX2 Fans get FREE AmazonPrime! Get 40,000+ Movies/TV Shows &amp; 500K+ Ebooks. http://t.co/HNN9nfgk7G RT! #Hornets
Wed May 06 07:42:43 +0000 2015,#bees #wasps #hornets http://t.co/zrGRwBb6DG
Wed May 06 07:37:03 +0000 2015,dedman's Final 2012 NBA Mockery - http://t.co/BbF6azfTxI #Hornets
Wed May 06 07:35:04 +0000 2015,Western Notes :Pelicans, Curry, Batum http://t.co/zvdlzgoSRQ #Hornets #NBA
Wed May 06 07:05:17 +0000 2015,New Charlotte Hornets Rumors. Friday, May 1 2015 http://t.co/YZ100KHabv #Hornets #NBA
Wed May 06 07:02:00 +0000 2015,Charlotte Hornets center Al Jefferson limited by constant double-teams - http://t.co/PkFHLRwBsn #Hornets
Wed May 06 06:56:57 +0000 2015,@Ander_NGonzales @HornetsX2 Fans get FREE AmazonPrime! Get 40,000+ Movies/TV Shows &amp; 500K+ Ebooks. http://t.co/HNN9nfgk7G RT! #Hornets
Wed May 06 06:55:48 +0000 2015,RT @FantasyFC: @watfordfcsays will be in @SkyFantasyFooty &amp; @premierleague next year! Here they are getting 2 footed #hornets https://t.co/…
Wed May 06 06:26:58 +0000 2015,Mike Conley Upgraded To Questionable For Game 2 - http://t.co/oox8hPI8qo #Hornets
Wed May 06 06:17:06 +0000 2015,@nathanwelch004 @HornetsX2 Fans get FREE AmazonPrime! Get 40,000+ Movies/TV Shows &amp; 500K+ Ebooks. http://t.co/HNN9nfgk7G RT! #Hornets
Wed May 06 06:15:16 +0000 2015,Kemba Walker's uphill battle to improve his long range shooting http://t.co/BCsSXsfGF0 #Hornets #NBA
Wed May 06 06:05:58 +0000 2015,RT @FantasyFC: @watfordfcsays will be in @SkyFantasyFooty &amp; @premierleague next year! Here they are getting 2 footed #hornets https://t.co/…
Wed May 06 05:50:15 +0000 2015,Charlotte Hornets condense their front office http://t.co/X42EVWxxe1 #Hornets #NBA
Wed May 06 05:42:56 +0000 2015,#NBA #Hornets - CHARLOTTE HORNETS MENS GAME SHORTS NBA LICENSED BLACK/BLUE XX-LARGE:  $... http://t.co/3eh7l0XPw5 http://t.co/lQmogZxd9d
Wed May 06 05:42:56 +0000 2015,#NBA #Hornets - Charlotte Hornets Hanging Pillow Ball NBA Sports Pillows Inc. Circa 199... http://t.co/XXD8icDHAJ http://t.co/lQmogZxd9d
Wed May 06 05:42:55 +0000 2015,#NBA #Hornets - CHARLOTTE HORNETS MENS GAME SHORTS NBA LICENSED BLACK/BLUE XX-LARGE:  $... http://t.co/Q8JPyao4F2 http://t.co/k33Sm3q52V
Wed May 06 05:42:55 +0000 2015,#NBA #Hornets - Charlotte Hornets Hanging Pillow Ball NBA Sports Pillows Inc. Circa 199... http://t.co/2gOZQzUQLz http://t.co/k33Sm3q52V
Wed May 06 05:34:38 +0000 2015,@MhamzaArif8 1Tweet4 @HornetsX2 Fans, Follow Team/Player Tweets, UTubes, Stats, Pics &amp; MORE! Visit http://t.co/qaOE6otQR0 RT! #Hornets
Wed May 06 05:25:14 +0000 2015,Charlotte Hornets plan to start, own NBA D-League team in 2016-17 http://t.co/ZApfuxitSs #Hornets #NBA
Wed May 06 05:16:54 +0000 2015,2014-15 Memorable Moments | Hendo Keeps Hornets Alive - http://t.co/lIbEgDMkMQ #Hornets
Wed May 06 05:00:14 +0000 2015,NBA Playoffs open thread (May 2nd) http://t.co/1Be4bOoK6f #Hornets #NBA
Wed May 06 04:49:12 +0000 2015,@harrisgeorgw 1Tweet4 @HornetsX2 Fans, Follow Team/Player Tweets, UTubes, Stats, Pics &amp; MORE! Visit http://t.co/qaOE6otQR0 RT! #Hornets
Wed May 06 04:35:13 +0000 2015,2014-15 Player Report Cards :Troy Daniels http://t.co/hUtInBY0Wr #Hornets #NBA
Wed May 06 04:32:27 +0000 2015,RT @mondoudinese: #Watford - #Udinese : la partita #Hornets #Pozzos #Watfordfc #Udinese_1896 http://t.co/TDgShfIIqi
Wed May 06 04:16:50 +0000 2015,How The Chicago-Cleveland Series Can Affect The Charlotte Hornets: The Charlotte Hornets ar... http://t.co/TRX8WKSfpi #hornets #fansided
Wed May 06 04:10:13 +0000 2015,Final Regular Season Grades for Every Charlotte Hornets Player http://t.co/U1al6bHwfG #Hornets #NBA
Wed May 06 04:06:50 +0000 2015,LeBron :Kyrie, Myself Need To Change Mindset With Love Out - http://t.co/Bhc2dHn9Na #Hornets
Wed May 06 04:05:56 +0000 2015,@graysonb5 @HornetsX2 Fans get FREE AmazonPrime! Get 40,000+ Movies/TV Shows &amp; 500K+ Ebooks. http://t.co/HNN9nfgk7G RT! #Hornets
