Wed May 06 16:29:41 +0000 2015,#Knicks president P Jackson acknowledged that he doesn't expected to win a title next year. His goals are the playoffs and a winning record.
Wed May 06 16:29:00 +0000 2015,#Knicks president Phil Jack said their selling points in FA will be the triangle, the presence of superstar SF Melo, and Phil's past success
Wed May 06 16:28:46 +0000 2015,RT @WFAN660: Isiah Thomas puts some serious spin on the Eddy Curry trade: http://t.co/JdE3ICuKjL via @BoomerandCarton #Knicks http://t.co/L…
Wed May 06 16:28:11 +0000 2015,L L #Knicks #Autographs NEW YORK KNICKS-"Dick Barnett" Autograph- 1980'S -90'S #Autograph #Sale http://t.co/CBC0J6Vl7Z
Wed May 06 16:27:26 +0000 2015,RT @nyknicks: On This Date in 1990…Ewing leads #Knicks to one of @NBA's most stunning playoff comebacks.//http://t.co/P6mX0NNMZi http://t.c…
Wed May 06 16:25:16 +0000 2015,Listen :Adam Silver discusses Hack-a-Shaq, tanking on PTI http://t.co/xbmGZBht3q #knicks #NBA
Wed May 06 16:25:03 +0000 2015,Spotted in #Beeville Texas: a #Knicks Stephon Marbury jersey (and it wasn't mine)
Wed May 06 16:24:42 +0000 2015,Finally some good #Knicks news... albeit from 25 years ago. We'll take what we can! https://t.co/cqRbEBnB49
Wed May 06 16:23:40 +0000 2015,@MikeAndMike @espn  grow #balls and tell Islah how he screwed up the #knicks @nyknicks
Wed May 06 16:23:11 +0000 2015,RT @AOLSports: The largest rat in the house has avoided all the traps and is back nibbling on the owner's cheese: http://t.co/NtGxGi92xD #L…
Wed May 06 16:23:04 +0000 2015,L L C #Baseball #NBA #NewYork #Knicks Poker Chip (CHIP ONLY) Case Basketball #onsale #Discount http://t.co/fm3YtLjray
Wed May 06 16:22:48 +0000 2015,RT @nyknicks: WATCH: #Knicks rookie @traviswear's 2014-15 season highlights!//http://t.co/bI1IOi4Dg6 http://t.co/1WOg3BmvE7
Wed May 06 16:21:29 +0000 2015,RT @IanBegley: This may shock you, but #Knicks president Phil Jackson didn't receive any votes for NBA Executive of the Year.
Wed May 06 16:21:06 +0000 2015,RT @IanBegley: Isiah Thomas said in a phone interview he will have no role with the #Knicks and will solely work as Liberty president.
Wed May 06 16:21:01 +0000 2015,RT @IanBegley: Isiah Thomas said in a phone interview that he'd consulted James Dolan on the Liberty recently but hasn't consulted him on t…
Wed May 06 16:20:56 +0000 2015,RT @IanBegley: Asked Isiah Thomas what he'd tell #Knicks fans who believe he'll have a role w/NYK: "I'm excited to be working for the New Y…
Wed May 06 16:20:56 +0000 2015,RT @nyknicks: On This Date in 1990…Ewing leads #Knicks to one of @NBA's most stunning playoff comebacks.//http://t.co/P6mX0NNMZi http://t.c…
Wed May 06 16:20:38 +0000 2015,#Apparel #Souvenirs Walt Clyde Frazier Retirement #Jersey Banner NBA #Basketball #NewYork #Knicks 10… http://t.co/sNr86w4ESU #NBA #Auction
Wed May 06 16:20:35 +0000 2015,Interessant: Walt Frazier hat damals tatsächlich mit Puma-Sneakers Basketball gespielt... #NBA #Knicks https://t.co/q5aN9ws2vK
Wed May 06 16:20:28 +0000 2015,On This Date in 1990…Ewing leads #Knicks to one of @NBA's most stunning playoff comebacks.//http://t.co/TsUJuQxuT9 http://t.co/yzykf6BMGm
Wed May 06 16:20:07 +0000 2015,#Knicks #Clothing New Era New York Knicks Faux Leather Reptile Skin Bucket Hat L http://t.co/KGJo4jt6Iu #eBay #Auction
Wed May 06 16:20:07 +0000 2015,#Knicks #Cards NEW YORK KNICKS 2014-15 IMMACULATE CASE GRAB BAG 5X INDEX CARD BREAK http://t.co/lH7J6rHCo1 #Card #Deals
Wed May 06 16:19:56 +0000 2015,RT @IanBegley: Isiah Thomas says that he won't have any role with the #Knicks. But history says he'll have the ear of James Dolan -- http:/…
Wed May 06 16:19:32 +0000 2015,RT @IanBegley: Isiah Thomas says that he won't have any role with the #Knicks. But history says he'll have the ear of James Dolan - http://…
Wed May 06 16:19:24 +0000 2015,#Baseball #NBA Adidas Originals Streetball 1.5 NY #Knicks Rare Sneakers New, White Blue G99873 http://t.co/x8ALpKP7XE #onsale #Discount
Wed May 06 16:19:24 +0000 2015,#NBA #Knicks Adidas Originals Streetball 1.5 NY Knicks Rare Sneakers New, White Blue G99873 http://t.co/rdbrYb99jt #Offers #Deals
Wed May 06 16:19:16 +0000 2015,James Dolan is the biggest idiot ever! #Knicks
Wed May 06 16:18:33 +0000 2015,#WeightLoss #Fit She lost 50 pounds for her 50th reunion http://t.co/6rAy3YADPz #Knicks #Sports … http://t.co/xVy4KlUc3J
Wed May 06 16:18:23 +0000 2015,RT @IanBegley: Statement from the #Knicks on the Anucha Browne Sanders trial and new Liberty president Isiah Thomas: http://t.co/wqtxusoz5N
Wed May 06 16:17:46 +0000 2015,L #Knicks #Cards 1999 UPPER DECK RETRO WALT FRAZIER AUTO KNICKS #Card #Deals http://t.co/ELR14xx7ZE
Wed May 06 16:17:45 +0000 2015,#WeightLoss #Fit She lost 50 pounds for her 50th reunion http://t.co/c1mrztDjBg #Knicks #Sports
Wed May 06 16:15:19 +0000 2015,Gotta believe if Isaiah ever has any input, Phil will just walk out. #Knicks
Wed May 06 16:14:56 +0000 2015,RT @WFAN660: Isiah Thomas puts some serious spin on the Eddy Curry trade: http://t.co/JdE3ICuKjL via @BoomerandCarton #Knicks http://t.co/L…
Wed May 06 16:14:28 +0000 2015,On WFAN: Isiah Thomas Puts His Spin On The Eddy Curry Trade #Boomer #EddyCurry #Knicks #Noah http://t.co/Fc4K7PAwSi
Wed May 06 16:14:06 +0000 2015,RT @nyknicks: On This Date in 1990…Ewing leads #Knicks to one of @NBA's most stunning playoff comebacks.//http://t.co/P6mX0NNMZi http://t.c…
Wed May 06 16:13:35 +0000 2015,How fucking stupid is Dolan? He paid 13 mil to settle a lawsuit for dumb fuck @iamisiahthomas now hires the asshole AGAIN #Knicks @nyknicks
Wed May 06 16:11:42 +0000 2015,RT @nyknicks: On This Date in 1990…Ewing leads #Knicks to one of @NBA's most stunning playoff comebacks.//http://t.co/P6mX0NNMZi http://t.c…
Wed May 06 16:11:07 +0000 2015,RT @kc1nyk: Report: #Knicks expected to be one of #Pistons star C-PF Greg Monroe's top choices in UFA. #Celtics.
Wed May 06 16:10:02 +0000 2015,The largest rat in the house has avoided all the traps and is back nibbling on the owner's cheese: http://t.co/NtGxGi92xD #Liberty #Knicks
Wed May 06 16:09:52 +0000 2015,RT @nyknicks: On This Date in 1990…Ewing leads #Knicks to one of @NBA's most stunning playoff comebacks.//http://t.co/P6mX0NNMZi http://t.c…
Wed May 06 16:09:05 +0000 2015,RT @nyknicks: On This Date in 1990…Ewing leads #Knicks to one of @NBA's most stunning playoff comebacks.//http://t.co/P6mX0NNMZi http://t.c…
Wed May 06 16:07:17 +0000 2015,RT @kc1nyk: #Knicks PG Jose Calderon said his first choice is to stay with the Knicks.
Wed May 06 16:07:17 +0000 2015,RT @nyknicks: On This Date in 1990…Ewing leads #Knicks to one of @NBA's most stunning playoff comebacks.//http://t.co/P6mX0NNMZi http://t.c…
Wed May 06 16:07:16 +0000 2015,RT @NYGreenMachine: #Knicks #Jets @nyjets @nyknicks  https://t.co/yKdHLlPcOu
Wed May 06 16:07:04 +0000 2015,L L C #Knicks #Cards 2002/03 Amare Stoudemire Flair RC ROW 1 RC 118/150 #Card #Deals http://t.co/D8lMqTdKoa
Wed May 06 16:06:02 +0000 2015,Report: #Knicks interested in #Hawks SF-SG DeMarre Carroll in UFA.
Wed May 06 16:05:33 +0000 2015,The Best and the Worst :The Rangers and the Knicks Are a Study in Contrast| http://t.co/ipX4sTjGUz #Knicks
Wed May 06 16:04:36 +0000 2015,#Apparel #Souvenirs #NewYork #Knicks Dave DeBusschere Retirement NBA white #Jersey Pin NY #22 http://t.co/xCQTwb7Rcq #NBA #Auction
Wed May 06 16:04:35 +0000 2015,#Knicks #Cards 2012 Panini Choice Award #Basketball sig JOHN STARKS Knicks #'d 25/25 PSA 9 http://t.co/YlI6LlNkWd #Card #Deals
Wed May 06 16:04:07 +0000 2015,RT @nyknicks: On This Date in 1990…Ewing leads #Knicks to one of @NBA's most stunning playoff comebacks.//http://t.co/P6mX0NNMZi http://t.c…
Wed May 06 16:04:01 +0000 2015,#Hawks SF-SG DeMarre Carroll said he would most definitely give a great deal of consideration to the #Knicks in UFA.
Wed May 06 16:03:32 +0000 2015,Report: #Hawks SF-SG DeMarre Carroll, upcoming UFA, has expressed interest in New York and playing for #Knicks head coach Derek Fisher.
Wed May 06 16:02:54 +0000 2015,Report: #Knicks expected to be one of #Pistons star C-PF Greg Monroe's top choices in UFA. #Celtics.
Wed May 06 16:02:13 +0000 2015,RT @nyknicks: On This Date in 1990…Ewing leads #Knicks to one of @NBA's most stunning playoff comebacks.//http://t.co/P6mX0NNMZi http://t.c…
Wed May 06 16:02:07 +0000 2015,#Knicks #Autographs Shane Larkin autographed metallic 8x10 New York Knicks Free Shipping http://t.co/3gE1PViRbl #Autograph #Sale
Wed May 06 16:02:06 +0000 2015,#WeightLoss #Fit 3 Easy Steps to Stop Talking Yourself Out of Reaching Your Goals http://t.co/ifapfaiuGI #Knicks #Sports
Wed May 06 16:01:26 +0000 2015,RT @NYGreenMachine: #Knicks #Jets @nyjets @nyknicks  https://t.co/yKdHLlPcOu
Wed May 06 16:01:06 +0000 2015,L #Knicks #Cards Mark Jackson New York NY Knicks #Basketball Pennant #Card #Deals http://t.co/VLMmpH5KNx
Wed May 06 16:00:56 +0000 2015,RT @nyknicks: On This Date in 1990…Ewing leads #Knicks to one of @NBA's most stunning playoff comebacks.//http://t.co/P6mX0NNMZi http://t.c…
Wed May 06 16:00:16 +0000 2015,Isiah Thomas back in N.Y. as Liberty president http://t.co/Z5wi9ldD21 #knicks #NBA
Wed May 06 15:59:35 +0000 2015,On This Date in 1990…Ewing leads #Knicks to one of #NBA's most stunning playoff comebacks. http://t.co/7FMIM1K8BA… http://t.co/s8taGsmckY
Wed May 06 15:58:58 +0000 2015,RT @kc1nyk: #Cavs #Cavaliers SG-SF J.R. Smith said he thinks if he had remained with the #Knicks he would pick up his $6.4 million player o…
Wed May 06 15:57:21 +0000 2015,RT @nyknicks: On This Date in 1990…Ewing leads #Knicks to one of @NBA's most stunning playoff comebacks.//http://t.co/P6mX0NNMZi http://t.c…
Wed May 06 15:56:53 +0000 2015,RT @nyknicks: On This Date in 1990…Ewing leads #Knicks to one of @NBA's most stunning playoff comebacks.//http://t.co/P6mX0NNMZi http://t.c…
Wed May 06 15:56:44 +0000 2015,RT @nyknicks: On This Date in 1990…Ewing leads #Knicks to one of @NBA's most stunning playoff comebacks.//http://t.co/P6mX0NNMZi http://t.c…
Wed May 06 15:56:37 +0000 2015,If you're a #Knicks fan, don't click this.//http://t.co/MojHOBbg9A
Wed May 06 15:56:37 +0000 2015,If you're a #Knicks fan, don't click this.//http://t.co/E855qFTa2x
Wed May 06 15:55:28 +0000 2015,RT @nyknicks: On This Date in 1990…Ewing leads #Knicks to one of @NBA's most stunning playoff comebacks.//http://t.co/P6mX0NNMZi http://t.c…
Wed May 06 15:52:59 +0000 2015,RT @nyknicks: On This Date in 1990…Ewing leads #Knicks to one of @NBA's most stunning playoff comebacks.//http://t.co/P6mX0NNMZi http://t.c…
Wed May 06 15:52:34 +0000 2015,Rival executives don't expect a quick fix for #Knicks. A western conference executive said they don't really have any trade assets.
Wed May 06 15:51:53 +0000 2015,#Cavs #Cavaliers SG-SF J.R. Smith said he thinks if he had remained with the #Knicks he would pick up his $6.4 million player option.
Wed May 06 15:51:09 +0000 2015,RT @nyknicks: On This Date in 1990…Ewing leads #Knicks to one of @NBA's most stunning playoff comebacks.//http://t.co/P6mX0NNMZi http://t.c…
Wed May 06 15:51:06 +0000 2015,RT @nyknicks: On This Date in 1990…Ewing leads #Knicks to one of @NBA's most stunning playoff comebacks.//http://t.co/P6mX0NNMZi http://t.c…
Wed May 06 15:50:08 +0000 2015,L L B #Apparel #Souvenirs NBA LASER-CUT LICENSE PLATE FRAME- #NewYork #Knicks #NBA #Auction http://t.co/fKmI6CgSlA
Wed May 06 15:49:46 +0000 2015,RT @nyknicks: On This Date in 1990…Ewing leads #Knicks to one of @NBA's most stunning playoff comebacks.//http://t.co/P6mX0NNMZi http://t.c…
Wed May 06 15:49:40 +0000 2015,RT @nyknicks: On This Date in 1990…Ewing leads #Knicks to one of @NBA's most stunning playoff comebacks.//http://t.co/P6mX0NNMZi http://t.c…
Wed May 06 15:49:19 +0000 2015,#Apparel #Souvenirs #NewYork #Knicks 2011 NBA Playoffs #Basketball Pin NY Stoudemire #Carmelo #Anthony http://t.co/cVMjYNAbxu #NBA #Auction
Wed May 06 15:49:18 +0000 2015,#Knicks #Cards 2014-15 PANINI IMMACULATE COLLECTION ALLAN HOUSTON AUTO KNICKS 72/99 http://t.co/Wga74agdRQ #Card #Deals
Wed May 06 15:49:00 +0000 2015,RT @nyknicks: On This Date in 1990…Ewing leads #Knicks to one of @NBA's most stunning playoff comebacks.//http://t.co/P6mX0NNMZi http://t.c…
Wed May 06 15:48:40 +0000 2015,RT @nyknicks: On This Date in 1990…Ewing leads #Knicks to one of @NBA's most stunning playoff comebacks.//http://t.co/P6mX0NNMZi http://t.c…
Wed May 06 15:48:24 +0000 2015,#Knicks PG Jose Calderon said his first choice is to stay with the Knicks.
Wed May 06 15:48:11 +0000 2015,RT @nyknicks: On This Date in 1990…Ewing leads #Knicks to one of @NBA's most stunning playoff comebacks.//http://t.co/P6mX0NNMZi http://t.c…
Wed May 06 15:47:52 +0000 2015,Report: There's still a chance the #Knicks could waive PG Jose Calderon with the stretch provision.
Wed May 06 15:47:50 +0000 2015,RT @nyknicks: On This Date in 1990…Ewing leads #Knicks to one of @NBA's most stunning playoff comebacks.//http://t.co/P6mX0NNMZi http://t.c…
Wed May 06 15:46:29 +0000 2015,#Baseball #NBA 1980-81 Topps Signed Auto Set Break Michael Ray Richardson #Knicks 66439 http://t.co/2jlkgr2VDM #onsale #Discount
Wed May 06 15:46:28 +0000 2015,#NBA #Knicks 1980-81 Topps Signed Auto Set Break Michael Ray Richardson Knicks 66439 http://t.co/m4CHmUkRNc #Offers #Deals
Wed May 06 15:46:18 +0000 2015,RT @nyknicks: On This Date in 1990…Ewing leads #Knicks to one of @NBA's most stunning playoff comebacks.//http://t.co/P6mX0NNMZi http://t.c…
Wed May 06 15:44:26 +0000 2015,RT @nyknicks: On This Date in 1990…Ewing leads #Knicks to one of @NBA's most stunning playoff comebacks.//http://t.co/P6mX0NNMZi http://t.c…
Wed May 06 15:44:16 +0000 2015,Report: #Knicks expected to remake their roster this offseason.
Wed May 06 15:44:03 +0000 2015,#Knicks SG-SF Tim Hardaway Jr. said he wants to stay with the Knicks.
Wed May 06 15:43:18 +0000 2015,RT @nyknicks: On This Date in 1990…Ewing leads #Knicks to one of @NBA's most stunning playoff comebacks.//http://t.co/P6mX0NNMZi http://t.c…
Wed May 06 15:43:06 +0000 2015,RT @nyknicks: On This Date in 1990…Ewing leads #Knicks to one of @NBA's most stunning playoff comebacks.//http://t.co/P6mX0NNMZi http://t.c…
Wed May 06 15:42:49 +0000 2015,RT @nyknicks: On This Date in 1990…Ewing leads #Knicks to one of @NBA's most stunning playoff comebacks.//http://t.co/P6mX0NNMZi http://t.c…
Wed May 06 15:41:51 +0000 2015,RT @nyknicks: On This Date in 1990…Ewing leads #Knicks to one of @NBA's most stunning playoff comebacks.//http://t.co/P6mX0NNMZi http://t.c…
Wed May 06 15:40:54 +0000 2015,RT @nyknicks: On This Date in 1990…Ewing leads #Knicks to one of @NBA's most stunning playoff comebacks.//http://t.co/P6mX0NNMZi http://t.c…
Wed May 06 15:40:06 +0000 2015,RT @nyknicks: On This Date in 1990…Ewing leads #Knicks to one of @NBA's most stunning playoff comebacks.//http://t.co/P6mX0NNMZi http://t.c…
Wed May 06 15:39:52 +0000 2015,RT @nyknicks: On This Date in 1990…Ewing leads #Knicks to one of @NBA's most stunning playoff comebacks.//http://t.co/P6mX0NNMZi http://t.c…
Wed May 06 15:39:06 +0000 2015,L #Knicks #Autographs NEW YORK KNICKS-"Dick Barnett" Autograph- 1980'S -90'S #Autograph #Sale http://t.co/OakF9xwvR7
Wed May 06 15:39:05 +0000 2015,RT @nyknicks: On This Date in 1990…Ewing leads #Knicks to one of @NBA's most stunning playoff comebacks.//http://t.co/P6mX0NNMZi http://t.c…
Wed May 06 15:38:43 +0000 2015,RT @nyknicks: On This Date in 1990…Ewing leads #Knicks to one of @NBA's most stunning playoff comebacks.//http://t.co/P6mX0NNMZi http://t.c…
