Wed May 06 16:29:42 +0000 2015,56 раз не могу забрать у @Jelly_Barskih и @love_hate1488 свой снэп #Lakers 👆👆👆
Wed May 06 16:28:10 +0000 2015,L #Lakers #Deals 3 Card Lakers Autograph Lot #Collection #Sale http://t.co/vWOEGyWbp4
Wed May 06 16:27:00 +0000 2015,#Lakers http://t.co/fMFqhXeUlL
Wed May 06 16:26:11 +0000 2015,Wayne Ellington could have a future with the Lakers http://t.co/y4GUM65yYV #Lakers
Wed May 06 16:25:17 +0000 2015,#Lakers #Cards 1996-97 Bowman’s Best #R23 #Kobe #Bryant http://t.co/XJ36EhptHX #Card #Bargains
Wed May 06 16:23:05 +0000 2015,L #Sports #Memorabilia 1970-1 LA #Lakers ILLUSTRATED MAGAZINE #NBA PROGRAM VS SAN FRANCISCO WARRIORS #eBay… http://t.co/LURVgMAGG4
Wed May 06 16:23:05 +0000 2015,L #NBA #Lakers 2013-14 Panini Court Kings #JeremyLin 31/75 SSP Blue Portraits Canvas Art Rocket #eBay #Auction http://t.co/NAr1ahWN4w
Wed May 06 16:23:05 +0000 2015,#Health #Fatloss 10 Weight Loss Tips for Beginners http://t.co/CJU2qxzBMk #Deals #Lakers
Wed May 06 16:22:22 +0000 2015,#Lakers http://t.co/y8JfoUViH9
Wed May 06 16:22:12 +0000 2015,#Lakers #NBA Magic Johnson Lot of 3 1992-93 Jerry West Selects http://t.co/xGbpO4JYUW #Collectibles #Offer
Wed May 06 16:22:11 +0000 2015,#Lakers #Deals Ron Artest Los Angeles Lakers McFarlane's Figure http://t.co/UUi8aFnzRM #Collection #Sale
Wed May 06 16:17:48 +0000 2015,L L C #JeremyLin #Lakers NEW YORK KNICKS JEREMY LIN YOUTH MEDIUM NBA BASKETBALL JERSEY ADIDAS SEWN #Deals #Online http://t.co/hhveZwAH2R
Wed May 06 16:17:43 +0000 2015,L #Lakers #Cards #Kobe #Bryant 2013-14 PANINI SIGNATURES HALL HOPEFULS 2/5 AUTO BGS9.5 AUTO10 #Card #Bargains http://t.co/IMA6SD9la3
Wed May 06 16:16:17 +0000 2015,#NBA #Lakers #JeremyLin Stencil Painting 18" x 24" http://t.co/TpNduucFe0 #eBay #Auction
Wed May 06 16:16:16 +0000 2015,#JeremyLin #Lakers Jeremy Lin Stencil Painting 18" x 24" http://t.co/ZulHfNFKhj #Deals #Online
Wed May 06 16:16:13 +0000 2015,#Apparel #Souvenirs #Kobe #Bryant BLACK MAMBA #LosAngeles #Lakers mens S small shirt Majestic #NBA… http://t.co/DLb6skbcCF #Forsale #onsale
Wed May 06 16:11:17 +0000 2015,#Lakers http://t.co/mx7IhJ7PwT
Wed May 06 16:11:05 +0000 2015,Ho la maglia dei #Lakers del mio amore 😍
Wed May 06 16:11:04 +0000 2015,RT @t_worxx: #LAkers😅💜💛 http://t.co/YVzxfBYsR0
Wed May 06 16:10:18 +0000 2015,RT @t_worxx: #LAkers😅💜💛 http://t.co/YVzxfBYsR0
Wed May 06 16:09:09 +0000 2015,#Lakers #Cards LOS ANGELES LAKERS 2014-15 IMMACULATE CASE GRAB BAG 5X INDEX CARD BREAK http://t.co/NKPO6qDkxi #Card #Bargains
Wed May 06 16:08:14 +0000 2015,#Lakers #LosAngelesLakers #LA Wayne Ellington could have a future with the Lakers http://t.co/dEUV93N3mt
Wed May 06 16:08:14 +0000 2015,#Lakers #LakerNation #LA NBA Rumors: Bulls 'Can't Wait' To Part Ways With Tom Thibodeau http://t.co/ZJFxAOkKFA
Wed May 06 16:08:10 +0000 2015,#Health #Fatloss Best Weight Loss Patch Helps to Reduce Food Carvings http://t.co/miIsORq97D #Deals #Lakers
Wed May 06 16:07:09 +0000 2015,L C #NBA #Lakers Air Jordan 20 Laser With #JeremyLin’s autograph size 9 #eBay #Auction http://t.co/ifF4OG0cef
Wed May 06 16:07:08 +0000 2015,L L #Lakers #Deals #Kobe #Bryant 8x10 ACTION PHOTO Awesome #NBA Picture LOS ANGELES LAKERS #Basketball #Collection… http://t.co/1ZrumKxobr
Wed May 06 16:06:09 +0000 2015,#Lakers #NBA #Kobe #Bryant #Adidas Los Angeles Lakers Faux Stitch #Jersey (Gold) #TShirt Men's http://t.co/Q7hLbCMiUL #Collectibles #Offer
Wed May 06 16:06:08 +0000 2015,#Lakers #Deals 2014/15 Panini Threads Rookie View 19 Julius Randle RC AUTO/AUTOGRAPH http://t.co/2nFOpuSk0s #Collection #Sale
Wed May 06 16:05:15 +0000 2015,RT @kc1nyk: Report: #Lakers will explore potential trades for SG-SF Nick Young this summer.
Wed May 06 16:01:39 +0000 2015,L C #NBA #Lakers Adidas NBA Jersey Rockets #JeremyLin White sz L #eBay #Auction http://t.co/HS2AUWIuzx
Wed May 06 16:01:38 +0000 2015,#NBA #Lakers 2014-15 Panini Threads #84 #JeremyLin - NM-MT http://t.co/WodtybuKBQ #eBay #Auction
Wed May 06 16:01:37 +0000 2015,#JeremyLin #Lakers Jeremy Lin Houston Rockets Autographed 16" x 20" Dribble Photograph http://t.co/gJYFCm9pb4 #Deals #Online
Wed May 06 16:01:20 +0000 2015,#Lakers #CellPhone Los Angeles Lakers Marilyn Monroe Kobe Bryant for #Apple #iPhone 4 4s Hard… http://t.co/e3jjKKuEbv #Bargains #Forsale
Wed May 06 16:01:20 +0000 2015,L #Lakers #NBA BGS 9.5 2010-11 NATIONAL TREASURES #Kobe #Bryant SIGNATURE #NBA LOGO PATCH AUTO… #Collectibles #Offer http://t.co/NXIsDkSmcE
Wed May 06 16:01:19 +0000 2015,#Apparel #Souvenirs Nike #NBA LA #Lakers satin varsity jacket size L http://t.co/BbJ7ZUbjWK #Forsale #onsale
Wed May 06 16:01:11 +0000 2015,How Jordan Clarkson&amp;#039;s Evolution Impacts the Los Angeles Lakers Rebuild - Bleacher Report #lakers #los http://t.co/BZN6mgC74O
Wed May 06 16:00:11 +0000 2015,Atlantic Notes :Love, Sullinger, Tax, Jackson http://t.co/elTxoaWZcy #Lakers #NBA
Wed May 06 15:56:52 +0000 2015,#Lakers 【RETWEET】 #Followback #Follow #TFB #TFBJP #F4F #FF #Me #Love #TF #Like #MGWV @FollowbackImage http://t.co/1IfrA46TgB
Wed May 06 15:55:09 +0000 2015,L #Lakers #Deals BGS 9.5 2010-11 NATIONAL TREASURES #Kobe #Bryant SIGNATURE #NBA LOGO PATCH AUTO /10 #Collection… http://t.co/yYE42bQ173
Wed May 06 15:52:36 +0000 2015,#Lakers #Cards 2011-12 PANINI GOLD STANDARD #Kobe #Bryant NATIONAL VIP SIGNS SP ON CARD AUTO #1/1 http://t.co/NjfCHA98eq #Card #Bargains
Wed May 06 15:52:35 +0000 2015,#Health #Fatloss Foods That Burn Fat and Lose Weight http://t.co/rHmAbz9AM9 #Deals #Lakers
Wed May 06 15:51:19 +0000 2015,RT @kc1nyk: Report: #Lakers will explore potential trades for SG-SF Nick Young this summer.
Wed May 06 15:50:14 +0000 2015,#Lakers #NBA #NBA Los Angeles Lakers Embroidered http://t.co/i944oFt5nX ! FAST SHIPPING ! http://t.co/yCGyr0Uol0 #Collectibles #Offer
Wed May 06 15:50:14 +0000 2015,#Lakers #Deals 3 Card Lakers Autograph Lot http://t.co/9LVFrG9TvM #Collection #Sale
Wed May 06 15:49:25 +0000 2015,#Lakers #Autographs Autographed Wilt Chamberlain Lakers 28x30 Photo Item#23425 http://t.co/jVnBZhCYQx #Autograph #Auction
Wed May 06 15:49:12 +0000 2015,Lakers_Fans1: #Health #Fatloss 10 Effective Tips To Lose Weight http://t.co/P21BqjGc2J #Deals #Lakers
Wed May 06 15:48:37 +0000 2015,RT @kc1nyk: Report: #Lakers will explore potential trades for SG-SF Nick Young this summer.
Wed May 06 15:47:27 +0000 2015,It's Basketball Wednesday! /#Azekiel #Alezander #And1 #Lakers https://t.co/rh5eNPtBqq
Wed May 06 15:46:07 +0000 2015,#Lakers SG Blue would love to be part of the Lakers' future, more than willing to play in summer league if it helps him earn roster spot.
Wed May 06 15:45:11 +0000 2015,L #Lakers #Deals 2003-04 ULTIMATE COLLECTION #Kobe #Bryant SWEET SHOT BUYBACK ON CARD AUTO #Jersey 8 #Collection… http://t.co/6ma2R9Fl5j
Wed May 06 15:45:06 +0000 2015,#WeLoveLA #Lakers Clarkson to drop in on Sha Tin camp http://t.co/cP3loM4MWk #SportsRoadhouse
Wed May 06 15:45:06 +0000 2015,#Lakers #GoLakers Clarkson to drop in on Sha Tin camp http://t.co/XySIKtRr2x #SportsRoadhouse
Wed May 06 15:44:16 +0000 2015,RT @kc1nyk: Report: #Lakers have little interest in bringing PF Booz, upcoming UFA, back, he's likely to seek out a team on which he'd have…
Wed May 06 15:44:11 +0000 2015,#NBA #Lakers #JeremyLin Houston Rockets Autographed 16" x 20" Dribble Photograph http://t.co/8VhjWIdwH4 #eBay #Auction
Wed May 06 15:44:11 +0000 2015,#JeremyLin #Lakers 2014-15 Panini Threads #84 Jeremy Lin - NM-MT http://t.co/SmmXctxJq8 #Deals #Online
Wed May 06 15:44:08 +0000 2015,#Sports #Memorabilia 1970-1 LA #Lakers ILLUSTRATED MAGAZINE #NBA PROGRAM VS SAN FRANCISCO WARRIORS http://t.co/sF95rrBtEl #eBay #Bestseller
Wed May 06 15:44:07 +0000 2015,#Apparel #Souvenirs #NBA #LosAngeles #Lakers #adidas Gray Yellow Workou#TShirt 5XL Big http://t.co/S28oVpfXFq #Forsale #onsale
Wed May 06 15:40:49 +0000 2015,#Lakers #LakerNation #LA NBA News: Adam Silver On Tanking, Resting Players, Hack-a-Shaq http://t.co/W4tWUmNm6I
Wed May 06 15:38:55 +0000 2015,Brook Lopez #Magic/Thaddeus Young #Lakers/Alan Anderson #Heat/Mirza Teletovic #TimberWolves/Deron Williams #Rockets/Joe Johnson #Spurs/#Nets
Wed May 06 15:37:12 +0000 2015,#Health #Fatloss 10 Effective Tips To Lose Weight http://t.co/HZ6NJNBZQA #Deals #Lakers
Wed May 06 15:37:11 +0000 2015,#Lakers #Cards #Kobe #Bryant 2013-14 PANINI SIGNATURES HALL HOPEFULS 2/5 AUTO BGS9.5 AUTO10 http://t.co/FQISDfFz3M #Card #Bargains
Wed May 06 15:37:04 +0000 2015,Impact of a trade of Chris Paul to the Los Angeles Lakers #los #angeles #lakers #chris #paul #trade #odom http://t.co/YXKsU5xuCo
Wed May 06 15:37:03 +0000 2015,Impact of a trade of Chris Paul to the Los Angeles Lakers #los #angeles #lakers #chris #paul #trade #odom http://t.co/YXKsU5P60Y
Wed May 06 15:36:08 +0000 2015,#Lakers #LakerNation #LA PHOTO: Nike Kobe X GS 'High Dive' http://t.co/QpOdvAthDj
Wed May 06 15:35:44 +0000 2015,L L #Apparel #Souvenirs #Kobe #Bryant 8x10 ACTION PHOTO Awesome #NBA Picture #LosAngeles #Lakers… #Forsale #onsale http://t.co/hwbx4eHjGA
Wed May 06 15:34:20 +0000 2015,#Lakers #NBA 2009-10 PANINI LIMITED #Kobe #Bryant TEAM TRADEMARKS LOGO PATCH ON CARD AUTO #1/5 http://t.co/0djq5dxXMl #Collectibles #Offer
Wed May 06 15:34:19 +0000 2015,#Lakers #Deals Los Angeles Lakers #Jersey Kobie #Bryant 24 Mens Xl http://t.co/xLVHhAom88 #Collection #Sale
Wed May 06 15:31:07 +0000 2015,#NBA #Lakers - Vintage LA Lakers Snap Jacket No Size 56" Chest Nylon Lined by Swingster... http://t.co/H1ygu7IFUh http://t.co/k33Sm3HFUt
Wed May 06 15:29:36 +0000 2015,L #Lakers #Deals #Kobe #Bryant 8x10 ACTION PHOTO Awesome #NBA Picture LOS ANGELES LAKERS #Basketball #Collection… http://t.co/vUykFYR5BW
Wed May 06 15:29:11 +0000 2015,L #NBA #Lakers 2014-15 Select #JeremyLin /249 Blue Refractor Lakers #eBay #Auction http://t.co/fzLvHMG91k
Wed May 06 15:28:43 +0000 2015,#Lakers PG Ronnie Price, upcoming UFA, said he wants to stay with the Lakers even if it's as a 3rd string guard.
Wed May 06 15:28:30 +0000 2015,#NBA #Lakers 2013-14 Panini Court Kings #JeremyLin 31/75 SSP Blue Portraits Canvas Art Rocket http://t.co/K2L6HOMZPx #eBay #Auction
Wed May 06 15:28:29 +0000 2015,#JeremyLin #Lakers 2013-14 Panini Court Kings Jeremy Lin 31/75 SSP Blue Portraits Canvas Art Rocket http://t.co/JlOosElxis #Deals #Online
Wed May 06 15:28:11 +0000 2015,#Apparel #Souvenirs #NBA #LosAngeles #Lakers Embroidered http://t.co/i944oFt5nX ! FAST SHIPPING ! http://t.co/4VDy9cfBuI #Forsale #onsale
Wed May 06 15:26:39 +0000 2015,Report: #Lakers have little interest in bringing PF Booz, upcoming UFA, back, he's likely to seek out a team on… http://t.co/srU6kFi4r3
Wed May 06 15:24:30 +0000 2015,L #Apparel #Souvenirs #LosAngeles #Lakers Hardwood Classics Hoodie Sweater Size XL YOUTH #Forsale #onsale http://t.co/boqWvhMLt8
Wed May 06 15:23:36 +0000 2015,L C #JeremyLin #Lakers NEW YORK KNICKS JEREMY LIN YOUTH MEDIUM NBA BASKETBALL JERSEY ADIDAS SEWN #Deals #Online http://t.co/7pAXSQXF2w
Wed May 06 15:23:22 +0000 2015,The Credits: "That's What I Am" - Lakers Links http://t.co/2QosNJJC8e #Lakers
Wed May 06 15:20:21 +0000 2015,RT @ClivePhilBixby: Again, I don't like that 3 ptrs/jump shots are making a mess in today's modern NBA offense: but there needs to be a hyb…
Wed May 06 15:20:11 +0000 2015,#Lakers #Cards 2014/15 Panini Threads Rookie View 19 Julius Randle RC AUTO/AUTOGRAPH Lakers WOW http://t.co/ryTedbXtqx #Card #Bargains
Wed May 06 15:19:49 +0000 2015,http://t.co/EEkB0NdMH9: Tony Parker nice #spin move &amp;amp; assist vs LA Lakers... http://t.co/JGhwpimGds #angeles #lakers #parker #tony
Wed May 06 15:19:38 +0000 2015,L #Sports #Memorabilia March 3 2003 #Kobe #Bryant #LosAngeles #Lakers Basketball Sports Illustrated… #eBay… http://t.co/mxcLNhErnM
Wed May 06 15:18:11 +0000 2015,RT @kc1nyk: Report: #Lakers will explore potential trades for SG-SF Nick Young this summer.
Wed May 06 15:18:08 +0000 2015,L D #NBA #Lakers NBA jersey #JeremyLin .... New York Knicks ...Size L #eBay #Auction http://t.co/ZCUfHbQs2M
Wed May 06 15:17:49 +0000 2015,RT @ClivePhilBixby: Again, I don't like that 3 ptrs/jump shots are making a mess in today's modern NBA offense: but there needs to be a hyb…
Wed May 06 15:17:40 +0000 2015,#Lakers #NBA BGS 9.5 2010-11 NATIONAL TREASURES #Kobe #Bryant SIGNATURE #NBA LOGO PATCH AUTO… http://t.co/8lobkNnkge #Collectibles #Offer
Wed May 06 15:17:40 +0000 2015,#Lakers #Deals BGS 9.5 2010-11 NATIONAL TREASURES #Kobe #Bryant SIGNATURE #NBA LOGO PATCH AUTO /10 http://t.co/X0mwlHVsuD #Collection #Sale
Wed May 06 15:17:11 +0000 2015,Lakers_Fans1: #Health #Fatloss The Weight Loss Lifestyle http://t.co/HiaE4Iflbp #Deals #Lakers
Wed May 06 15:15:56 +0000 2015,Again, I don't like that 3 ptrs/jump shots are making a mess in today's modern NBA offense: but there needs to be a hybrid of both. #Lakers
Wed May 06 15:14:59 +0000 2015,RT @kc1nyk: Report: #Lakers have little interest in bringing PF Booz, upcoming UFA, back, he's likely to seek out a team on which he'd have…
Wed May 06 15:13:37 +0000 2015,L #Lakers #NBA CSA LA Lakers Los Angeles #NBA #Basketball #TShirt Men's Size XL #Kobe #Collectibles #Offer http://t.co/o0a69LUo3j
Wed May 06 15:10:00 +0000 2015,Los Angeles Lakers Must Make the Right Decision with Ed Davis' Future| http://t.co/MxHAxSuoqf #Lakers
Wed May 06 15:07:19 +0000 2015,RT @kc1nyk: Report: #Lakers will explore potential trades for SG-SF Nick Young this summer.
Wed May 06 15:07:15 +0000 2015,#Health #Fatloss The Weight Loss Lifestyle http://t.co/5yRzpCRykD #Deals #Lakers
Wed May 06 15:07:13 +0000 2015,#Lakers #LosAngelesLakers #LA The Credits: "That's What I Am" - Lakers Links http://t.co/gFKnmJvvD9
Wed May 06 15:07:06 +0000 2015,RT @kc1nyk: Report: #Lakers have little interest in bringing PF Booz, upcoming UFA, back, he's likely to seek out a team on which he'd have…
Wed May 06 15:06:47 +0000 2015,Report: #Lakers have little interest in bringing PF Booz, upcoming UFA, back, he's likely to seek out a team on which he'd have bigger role.
Wed May 06 15:06:01 +0000 2015,hw Jordan Clarkson’s Evolution Impacts the Los Angeles Lakrs Rebuild #Lakers #season #starting #team http://t.co/VjIzT3hHHR
Wed May 06 15:05:56 +0000 2015,Report: #Lakers interested in re-signing PF E Davis (assuming he opts-out) to a long-term deal as long as the cap hit is a reasonable amount
Wed May 06 15:05:12 +0000 2015,Report: #Lakers will explore potential trades for SG-SF Nick Young this summer.
