Wed May 06 16:29:41 +0000 2015,11 possible free agents the #Mavs have depending on opt-ins and outs. Gonna be an interesting summer. #GoMavs
Wed May 06 16:19:22 +0000 2015,@ForeverGreen_ Ty will be joining the #Mavs next season. Celtics have counted them off radar as of yesterday (last I heard) #celticsnation
Wed May 06 16:06:09 +0000 2015,#tb with the squad from 2011. #mavs #mffl https://t.co/W3IHHuqK2w
Wed May 06 16:05:45 +0000 2015,Who's ready for #Summer ?? //#NFL #NBA #MLB #NHL #Cowboys #Rangers #Mavs #SportsCenter
Wed May 06 16:02:55 +0000 2015,RT @HooperShooter: Buzzer beater of the season #Mavs #MFFL #MontaHaveItAll https://t.co/Msfq9OIuPr
Wed May 06 15:57:45 +0000 2015,#DirkNowitzki on seeing Rondo lose to a Mav in Connect Four, meeting Steve Nash for the first time http://t.co/1BmrNaSZPX #Mavs
Wed May 06 15:45:09 +0000 2015,It's ridiculous how many Point Guards the #Mavs have gone through over the last 4 seasons.
Wed May 06 15:41:58 +0000 2015,RT @fishsports: #Mavs Donuts: Dumping The 'Ugly' http://t.co/cFGy6Me5t6 http://t.co/JQYmTAdx8z
Wed May 06 15:10:06 +0000 2015,Mavs encouraged by grit shown during up-and-down, injury-riddled season| http://t.co/vvZipqkPSY #Mavs
Wed May 06 15:07:14 +0000 2015,#Mavs #dallasmavericks #mavericks Mavs Donuts: Ridding Ourselves Of The 'Ugly' http://t.co/ZrV59k6Pd9
Wed May 06 15:07:14 +0000 2015,#Mavs #dallasmavericks #mavericks Rick Carlisle accepts challenge of leading cast of new characters http://t.co/zCQSu5F9KC
Wed May 06 14:49:43 +0000 2015,@joniigirl look this information1 maybe it's good 4 #mavs !  https://t.co/9PC32uqvkR
Wed May 06 14:43:10 +0000 2015,RT @DTownBasket: Aldridge suena para reforzar a los #Mavs la próxima temporada http://t.co/mGNw4HYq0x #NBA #MFFL http://t.co/Dj2zRMwJaI
Wed May 06 14:35:04 +0000 2015,Kidd passes all-time greats| http://t.co/tEfnaAZ9mX #Mavs
Wed May 06 14:28:37 +0000 2015,Buzzer beater of the season #Mavs #MFFL #MontaHaveItAll https://t.co/Msfq9OIuPr
Wed May 06 14:25:55 +0000 2015,RT @madads14: Your Ad Here: The @NBA's Inevitable Growth. #advertising #basketball #nba #ads #sponsor #MAVS #Dirk #space #growth http://t.c…
Wed May 06 14:23:50 +0000 2015,Your Ad Here: The @NBA's Inevitable Growth. #advertising #basketball #nba #ads #sponsor #MAVS #Dirk #space #growth http://t.co/1hWlw8FQaG
Wed May 06 14:00:02 +0000 2015,Chandler Parsons undergoes knee surgery| http://t.co/HmIripZdT2 #Mavs
Wed May 06 13:50:01 +0000 2015,Here's what Mavericks' star Dirk Nowitzki does with all his old Nike gear | @dallasnews http://t.co/MBKhg38Oxu #NBA #Nike #Mavs
Wed May 06 13:41:59 +0000 2015,Report: #Mavs #Mavericks star SG-PG Monta Ellis has contract numbers for next year in his head and he's very replaceable.
Wed May 06 13:24:59 +0000 2015,Mavs Monta + Rondo :To The Exits| http://t.co/SJuwwVW3LM #Mavs
Wed May 06 13:24:12 +0000 2015,Devin Harris has been -- and could still be -- an important piece for the… http://t.co/4CBp8elZQL #Mavs #MFFL http://t.co/2wUHpxMKfA
Wed May 06 13:08:08 +0000 2015,#Mavs #dallasmavericks #mavericks Devin Harris has been -- and could still be -- an important piece for the Ma.. http://t.co/KAGfrzRsKM
Wed May 06 13:05:48 +0000 2015,RT @MavsFansForLife: I think the ONLY way #Mavs land Ty Lawson is 1) Monta opts out 2) Sign &amp; Trade him to DEN. I mean we only have like 4 …
Wed May 06 13:04:23 +0000 2015,RT @fishsports: .@4scottclark what if you lump Rondo into a #Mavs 3-way snt for a Big Fish?
Wed May 06 11:39:53 +0000 2015,Can Al-Farouq Aminu be an exception for Mavs?| http://t.co/fo1KRmLbEJ #Mavs
Wed May 06 10:29:49 +0000 2015,Listen :Adam Silver discusses Hack-a-Shaq, tanking on PTI| http://t.co/DfVeZlo0Ed #Mavs
Wed May 06 10:29:40 +0000 2015,http://t.co/7R8Q4b6nbw [Fansided: The Smoking Cuban] - NBA Playoffs Update: Mavericks No #Mavs http://t.co/dtSkEJDmQS
Wed May 06 09:19:10 +0000 2015,RT @gobibs: Monta Ellis Scores 31 Points To Help The #Mavs Avoid The Sweep #NBAPlayoffs #highlights https://t.co/Bo1c4hsE0d
Wed May 06 09:00:05 +0000 2015,La #NBA no para. Nosotros repasamos la actualidad de la liga y de nuestros #Mavs #MFFL
Wed May 06 08:02:44 +0000 2015,http://t.co/2b0FFRiu83 Inside the NBA: Wizards-Hawks Game 2 Analysis  #Mavs http://t.co/hXvVawvPKg
Wed May 06 07:03:59 +0000 2015,http://t.co/jaS6zrerJI Sewn Nike DALLAS MAVERICKS Michael Finley Adult LARGE Basketball  #Mavs http://t.co/ToyIhDa4gr
Wed May 06 06:50:46 +0000 2015,http://t.co/7R8Q4b6nbw [Dallas Morning News] - Dirk on the moment he realized he was hav #Mavs http://t.co/jKlfaL8svS
Wed May 06 06:26:44 +0000 2015,I think the ONLY way #Mavs land Ty Lawson is 1) Monta opts out 2) Sign &amp; Trade him to DEN. I mean we only have like… http://t.co/YhMrdxJuHg
Wed May 06 06:23:24 +0000 2015,http://t.co/2b0FFRiu83 Inside the NBA: Wednesday's Playoff Preview  #Mavs http://t.co/d975fTyBeX
Wed May 06 05:48:25 +0000 2015,RT @MavsFansForLife: J.J Barea: "It feels like home for me in Dallas so hopefully I can finish my career here." #Mavs
Wed May 06 05:39:09 +0000 2015,Soooo this happened. #mavs http://t.co/qBKXLP77ZH
Wed May 06 05:36:49 +0000 2015,Plyooo!!!!sakit sa legs!!!!💪🙏☝️😲😲 #mavs #MPB #basketballneverstops #WESERVEDREAMS
Wed May 06 05:28:05 +0000 2015,it really just hit me...bruh Rondo really fucked us up #Mavs
Wed May 06 05:25:54 +0000 2015,RT @MavsFansForLife: I think the ONLY way #Mavs land Ty Lawson is 1) Monta opts out 2) Sign &amp; Trade him to DEN. I mean we only have like 4 …
Wed May 06 05:25:13 +0000 2015,MOR Roundtable: Aminu’s Next Deal: The MOR Roundtable looks at Al-Farouq Aminu and how likely it… http://t.co/Wp3bfw8T5s #MFFL #NBA #Mavs
Wed May 06 05:19:33 +0000 2015,@mrvincecarter15 Great win sir! Don't stop till you get a ring! #mavs #mffl
Wed May 06 05:14:24 +0000 2015,http://t.co/jaS6zrerJI Sz M Royal Blue ADIDAS DALLAS MAVERICKS Logo #53E ClimaCOOL Polye #Mavs http://t.co/4wVNnJE1Xt
Wed May 06 04:52:22 +0000 2015,I love it when I get to cheer for NBA players I hate and despise! #mavs #mffl #grizzlies #warriors #nba
Wed May 06 04:49:09 +0000 2015,@farouq1 Thanks for the follow! Hoping to see you back in a #Mavs jersey next season. #MFFL
Wed May 06 04:32:05 +0000 2015,I hope Danny Green joins the #Mavs if Monta Ellis opts out. https://t.co/Bfwy5bEC6M http://t.co/PRla2WVdqT
Wed May 06 04:29:54 +0000 2015,http://t.co/2b0FFRiu83 Conley Hits The Trey  #Mavs http://t.co/GosppE2fy3
Wed May 06 04:09:49 +0000 2015,RT @Jay_Heinz: #RedNation Thank you! Goes out to the rest of the #Mavs fans too. http://t.co/0NVr30EV63
Wed May 06 04:09:15 +0000 2015,Buzzer beater of the season #Mavs #MFFL #MontaHaveItAll https://t.co/Hi9q7AAp3X
Wed May 06 03:45:39 +0000 2015,#Mavs gotta keep their core Ellis, parsons and Tyson. Get wright and a point guard which isn't a difficult task. #MFFL
Wed May 06 03:36:30 +0000 2015,As a kid I remember cheering for Josh Howard, Steve Nash, Shawn Bradley, Michael Finley, and DeSagana Diop. Glad I still have @swish41 #Mavs
Wed May 06 03:36:09 +0000 2015,#Mavs #dallasmavericks #mavericks Western Notes: Pelicans, Curry, Batum http://t.co/2sXDWVBo0N
Wed May 06 03:35:23 +0000 2015,I believe the last times an @NBA #Title was won with Legit 1-2 Punch was @kobebryant w #Gasol/&amp; #Mavs @swish41 #Kidd Think #Boston #MIA #SA
Wed May 06 03:21:25 +0000 2015,http://t.co/jaS6zrerJI #51E Sz 2XL White DALLAS MAVERICKS Antigua Embroidered Golf Polo  #Mavs http://t.co/ErXA3NCfYP
Wed May 06 03:03:23 +0000 2015,http://t.co/7R8Q4b6nbw [Dallas Morning News] - Dirk on seeing Rondo lose to a Mav in Con #Mavs http://t.co/O55qSScKNR
Wed May 06 02:39:03 +0000 2015,http://t.co/2b0FFRiu83 DeMarre Carroll Postgame Interview  #Mavs http://t.co/uCNi8WA83R
Wed May 06 02:15:49 +0000 2015,How many more years do you think DIRK NOWITZKI has left in the tank ??? //#NBA #MavsNation #Mavs #MFFL #NBAPlayoffs #WeAreOne
Wed May 06 02:14:23 +0000 2015,To me I think the #Mavs should sign LaMarcus Aldridge or DeAndre Jordan  //#NBA #MFFL #WeAreOne #MavsNation
Wed May 06 01:57:51 +0000 2015,Who should the #Mavs sign in Free Agency ??? //#MFFL #MavsNation #NBA #WeAreOne
Wed May 06 01:55:53 +0000 2015,@jasonmagbanua 1Tweet4 @OurMavericks, Follow #Mavs News, UTubes, Player Tweets, Stats and More! Visit http://t.co/jaS6zrerJI RT!
Wed May 06 01:39:27 +0000 2015,RT @ProlowReport: Why I believe the #Mavs can still make this an interesting series... 😂😂 #NBAPlayoffs  #Rockets http://t.co/Itd3fS1sqL
Wed May 06 01:39:19 +0000 2015,RT @sheridanhoops: When #Mavs beat #Spurs in 2006 West semis, it prompted change in #nbaplayoffs format. #Clippers v #Spurs may do same htt…
Wed May 06 01:38:49 +0000 2015,We've got some new jerseys for next season. Just remembered that #Mavs #MFFL
Wed May 06 01:32:33 +0000 2015,http://t.co/jaS6zrerJI NBA Dallas Mavericks Basketball 504 Licensed NWT Adult Crew Socks #Mavs http://t.co/LyLLq7o7DY
Wed May 06 01:28:51 +0000 2015,@farouq1 was a great edition to the #Mavs! Would love 2 see him back for next season!
Wed May 06 01:27:49 +0000 2015,RT @MavsFansForLife: I think the ONLY way #Mavs land Ty Lawson is 1) Monta opts out 2) Sign &amp; Trade him to DEN. I mean we only have like 4 …
Wed May 06 01:19:01 +0000 2015,RT @MavsFansForLife: I hope Danny Green joins the #Mavs if Monta Ellis opts out. https://t.co/0p80dEtmeM
Wed May 06 01:18:27 +0000 2015,RT @MavsFansForLife: I think the ONLY way #Mavs land Ty Lawson is 1) Monta opts out 2) Sign &amp; Trade him to DEN. I mean we only have like 4 …
Wed May 06 01:10:01 +0000 2015,I think the ONLY way #Mavs land Ty Lawson is 1) Monta opts out 2) Sign &amp; Trade him to DEN. I mean we only have like 4 players currently.
Wed May 06 01:07:46 +0000 2015,RT @MavsFansForLife: I hope Danny Green joins the #Mavs if Monta Ellis opts out. https://t.co/0p80dEtmeM
Wed May 06 01:05:55 +0000 2015,RT @LaFaveShannon: Just a normal day at the Boys and Girls club and Coach Rick Carlisle comes in for clinic. #Mavs http://t.co/pEOIhUjSYn
Wed May 06 01:05:50 +0000 2015,Thanks for the follow @farouq1 and stay in Dallas next season we NEED you! #Mavs https://t.co/v2N7rTE7Ou
Wed May 06 01:05:35 +0000 2015,RT @LaFaveShannon: Just a normal day at the Boys and Girls club and Coach Rick Carlisle comes in for clinic. #Mavs http://t.co/pEOIhUjSYn
Wed May 06 01:05:11 +0000 2015,RT @fishsports: .@mavsfan0128 as always, to the chagrin of weak-hearted fans, #Mavs aim high in FA. Aldridge, Jordan
Wed May 06 00:49:35 +0000 2015,Al-Farouq Aminu aka #farouq1 is joining us right now on #1053thefan #Mavs http://t.co/iiB4euKGbe
Wed May 06 00:48:18 +0000 2015,http://t.co/2b0FFRiu83 Millsap Hits the Three  #Mavs http://t.co/F1t0V9XYii
Wed May 06 00:22:53 +0000 2015,RT @MavsFansForLife: Al-Farouq Aminu: "I love this team, I love this city. I hope I can be right here.’’ #Mavs
Tue May 05 23:51:57 +0000 2015,Wake up, see a follow from @farouq1 /Think is one of those bots./Enters profile, acc is verified.../Screams a little. The Chief! #mffl #mavs
Tue May 05 23:36:17 +0000 2015,#DallasMavericks Howard happy in Houston and focused on getting a ring (The Associated Press)... http://t.co/CngKm9zzpJ #Mavs #Mavericks
Tue May 05 23:34:33 +0000 2015,Tbh the chances of us getting LaMarcus Aldridge are pretty slim. #Mavs
Tue May 05 23:33:36 +0000 2015,RT @MavsFansForLife: I hope Danny Green joins the #Mavs if Monta Ellis opts out. https://t.co/0p80dEtmeM
Tue May 05 23:33:23 +0000 2015,RT @MavsFansForLife: Dirk Nowitzki ranks 22nd on the top 100 NBA playoff performers of all-time. #Mavs (Via @BleacherReport)
Tue May 05 23:29:25 +0000 2015,http://t.co/2b0FFRiu83 Howard happy in Houston and focused on getting a ring (The Associated #Mavs #NBA http://t.co/JKyH9RzdZJ
Tue May 05 23:22:24 +0000 2015,http://t.co/7R8Q4b6nbw [Dallas Morning News] - Sefko: One big question surrounds the Mav #Mavs http://t.co/oYXcBePiyB
Tue May 05 23:12:43 +0000 2015,RT @IowaMavsAAU: 15U Gosnell will play @KesselHeatAAU and WI Blizzard at this weekends @DukeShootout ! #Mavs
Tue May 05 23:05:21 +0000 2015,The last time a team other than the #Spurs #Lakers #Mavs &amp; #OKC werent in the #NBAFinals 3 June 1998 TakeMeBack.to: http://t.co/qfxfjnuo9p
Tue May 05 23:00:51 +0000 2015,http://t.co/2b0FFRiu83 Clippers-Rockets Game 1  #Mavs http://t.co/eBpj19RJBH
Tue May 05 22:42:48 +0000 2015,@farouq1 followed me!! Now if I just could get @swish41 to. #mavs #bestdayever
Tue May 05 22:09:19 +0000 2015,RT @BenRogers: Al-Farouq Aminu aka @farouq1 is joining us right now on @1053thefan #Mavs
Tue May 05 21:56:43 +0000 2015,http://t.co/jaS6zrerJI DALLAS MAVERICKS DIRK NOWITZKI JERSEY SHIRT ADIDAS MEDIUM GREAT  #Mavs http://t.co/efc0IfnASt
Tue May 05 21:48:59 +0000 2015,RT @BenRogers: Al-Farouq Aminu aka @farouq1 is joining us right now on @1053thefan #Mavs
Tue May 05 21:48:16 +0000 2015,RT @BenRogers: Al-Farouq Aminu aka @farouq1 is joining us right now on @1053thefan #Mavs
Tue May 05 21:46:48 +0000 2015,RT @BenRogers: Al-Farouq Aminu aka @farouq1 is joining us right now on @1053thefan #Mavs
Tue May 05 21:40:35 +0000 2015,Yooo @farouq1 I felt special that you followed me! Than i saw that you followed the whole #Mavs NATION 😂Awesome man!!
Tue May 05 21:38:18 +0000 2015,RT @MavsFansForLife: Al-Farouq Aminu: "I love this team, I love this city. I hope I can be right here.’’ #Mavs
Tue May 05 21:25:06 +0000 2015,RT @BenRogers: Al-Farouq Aminu aka @farouq1 is joining us right now on @1053thefan #Mavs
Tue May 05 21:24:27 +0000 2015,RT @BenRogers: Al-Farouq Aminu aka @farouq1 is joining us right now on @1053thefan #Mavs
Tue May 05 21:20:37 +0000 2015,RT @BenRogers: Al-Farouq Aminu aka @farouq1 is joining us right now on @1053thefan #Mavs
Tue May 05 21:19:11 +0000 2015,El gran @farouq1 me sigue, esto huele a renovación #Mavs.
Tue May 05 21:18:47 +0000 2015,Al-Farouq Aminu aka @farouq1 is joining us right now on @1053thefan #Mavs
