Wed May 06 16:27:36 +0000 2015,Dwyane_Wade_Fan: L #DwyaneWade #Deals 2006-07 Topps Big Game DWYANE WADE Final Score AUTO + RELIC #/50 Trophy Patch! #NBA #MiamiHeat …
Wed May 06 16:23:37 +0000 2015,#Autographs #onsale Isaac Austin autographed 8x10 #MiamiHeat #1 Free Shipping http://t.co/6gztipfk1X #Autograph #Forsale
Wed May 06 16:23:05 +0000 2015,L #Apparel #Souvenirs #MiamiHeat t-shirt #NBA by UNK sz ADULT LARGE #LeBron BOSCH WADE #eBay #Auction http://t.co/SRESpoEfYO
Wed May 06 16:22:52 +0000 2015,Happy birthday to our dragon!! Wish you all the best @Goran_Dragic! Stay awesome! Vse najboljše!:) #HappyBirthday #MiamiHeat #NBA #MVP
Wed May 06 16:19:24 +0000 2015,L #DwyaneWade #Deals 2006-07 Topps Big Game DWYANE WADE Final Score AUTO + RELIC #/50 Trophy Patch! #NBA #MiamiHeat http://t.co/DoKhRdlyDN
Wed May 06 16:17:37 +0000 2015,L L B #Autographs #onsale Framed Dwyane Wade #MiamiHeat Autographed 8" x 10" Dunking #Photograph #Autograph #Forsale http://t.co/V5chvuXPFB
Wed May 06 16:16:41 +0000 2015,#Cards #Card NBA Caron Butler #MiamiHeat Upper Deck Game Used 8 card lot http://t.co/jhLJQQWyaN #Bargain #Deal
Wed May 06 16:13:48 +0000 2015,#PapiToTheLottery #MiamiHeat http://t.co/34jd0YPpyi
Wed May 06 16:11:17 +0000 2015,Dwyane_Wade_Fan: L #DwyaneWade #NBA 2006-07 Topps Big Game DWYANE WADE Final Score AUTO + RELIC #/50 Trophy Patch! #MiamiHeat… …
Wed May 06 16:08:35 +0000 2015,#Apparel #Souvenirs #LeBron JAMES 8x10 ACTION PHOTO Cavs vs #MiamiHeat CLEVELAND CAVALIERS Chosen One http://t.co/mX23WKTLao #eBay #Auction
Wed May 06 16:08:05 +0000 2015,L #DwyaneWade #NBA 2006-07 Topps Big Game DWYANE WADE Final Score AUTO + RELIC #/50 Trophy Patch! #MiamiHeat… http://t.co/QnQK4UgvVJ
Wed May 06 16:07:25 +0000 2015,#Autographs #onsale 03-04 Fleer Focus Chris Bosh Autograph Auto Toronto #MiamiHeat *RARE* 08/50 http://t.co/q3K9CBdfCk #Autograph #Forsale
Wed May 06 16:07:25 +0000 2015,L B #Cards #Card DWYANE WADE PANINI SIGNATURES Rare Card/25 PARALLEL #MiamiHeat 2012-13 Basketbal #Bargain #Deal http://t.co/K0WIGtVn1d
Wed May 06 16:07:12 +0000 2015,Miami Heat In Dangerous Need Of Playoff Support From Others #HassanWhiteside #HtmlHtmlHtmlHtmlHtml #MiamiHeat http://t.co/Qi2x1M7gqi
Wed May 06 16:02:06 +0000 2015,L C #DwyaneWade #NBA 2014-15 Panini Stickers #164 Dwyane Wade #MiamiHeat #HEATwin http://t.co/m4bOKoB3dl
Wed May 06 16:01:18 +0000 2015,L #Apparel #Souvenirs #MiamiHeat Shaquille O'neal #32 #Jersey Size L (14-16) YOUTH #Reebok #eBay #Auction http://t.co/0CtSPUAAkl
Wed May 06 15:52:34 +0000 2015,#Apparel #Souvenirs #Adidas #NBA #MiamiHeat #LeBron James Youth #Jersey VG size S Small http://t.co/JwppgrNg1q #eBay #Auction
Wed May 06 15:51:10 +0000 2015,#Autographs #onsale Brian Grant autographed 8x10 #MiamiHeat #2 Free Shipping http://t.co/5Be1Y8u0Ib #Autograph #Forsale
Wed May 06 15:49:05 +0000 2015,#NBA #MiamiHeat - Adidas NBA Miami Heat LeBron James Youth  Jersey VG size S Small:  $9... http://t.co/RGgvwW3Hji http://t.co/k33Sm3HFUt
Wed May 06 15:49:04 +0000 2015,#NBA #MiamiHeat - Reebok Shaquille O'neal jersey Miami Heat size XL:  $33.00End Date: F... http://t.co/xXsyyAGNg3 http://t.co/k33Sm3HFUt
Wed May 06 15:44:13 +0000 2015,#DwyaneWade #Deals Dwyane Wade 09-10 Upper Deck 3D Stars Insert Card! Miami Heat! NBA Star Guard! http://t.co/VUtL8YT5XM #NBA #MiamiHeat
Wed May 06 15:44:12 +0000 2015,#DwyaneWade #NBA Dwyane Wade 09-10 Upper Deck 3D Stars Insert Card! Miami Heat! NBA Star Guard! http://t.co/mS1xDfHUYS #MiamiHeat #HEATwin
Wed May 06 15:44:05 +0000 2015,#Cards #Card Dwyane Wade 09-10 Upper Deck 3D Stars Insert Card! #MiamiHeat! NBA Star Guard! http://t.co/P3PHv9aJLc #Bargain #Deal
Wed May 06 15:40:42 +0000 2015,L #Apparel #Souvenirs #Reebok Shaquille O'neal #Jersey #MiamiHeat size XL #eBay #Auction http://t.co/AvkMxUnYPZ
Wed May 06 15:37:08 +0000 2015,#Apparel #Souvenirs #MiamiHeat t-shirt #NBA by UNK sz ADULT LARGE #LeBron BOSCH WADE http://t.co/SJbqSQOXby #eBay #Auction
Wed May 06 15:35:12 +0000 2015,L L B #DwyaneWade #Deals Dwyane Wade BGS 9.5 GEM MINT! 2003-04 Topps Pristine U RC #113 Heat #NBA #MiamiHeat http://t.co/amO4NQFGs9
Wed May 06 15:31:17 +0000 2015,L B #Autographs #onsale Framed Dwyane Wade #MiamiHeat Autographed 8" x 10" Dunking #Photograph #Autograph #Forsale http://t.co/gOLJgCmc0w
Wed May 06 15:29:45 +0000 2015,L L B #DwyaneWade #NBA Dwyane Wade BGS 9.5 GEM MINT! 2003-04 Topps Pristine U RC #113 Heat #MiamiHeat #HEATwin http://t.co/FDV63cWtk7
Wed May 06 15:21:07 +0000 2015,#Apparel #Souvenirs Mens #Adidas Dwyane Wade #MiamiHeat 2013 #NBA Finals Name &amp; Number Tee Size Large http://t.co/QHpa3Exm0i #eBay #Auction
Wed May 06 15:20:07 +0000 2015,L #Apparel #Souvenirs NWT #Adidas #MiamiHeat Away (Black) Authentic Blank #NBA #Jersey Mens 3XL Tall #eBay #Auction http://t.co/3Y8tE3ONFx
Wed May 06 15:18:20 +0000 2015,#NBA #MiamiHeat - Adidas NBA Miami Heat LeBron James Youth  Jersey VG size S Small:  $9... http://t.co/qwInVD1ofq http://t.co/lQmogZfBKD
Wed May 06 15:18:19 +0000 2015,#NBA #MiamiHeat - Reebok Shaquille O'neal jersey Miami Heat size XL:  $33.00End Date: F... http://t.co/d8JskwUMkR http://t.co/lQmogZfBKD
Wed May 06 15:15:27 +0000 2015,L L L #Cards #Card DWYANE WADE PANINI SIGNATURES Rare Card/25 PARALLEL #MiamiHeat 2012-13 Basketbal #Bargain #Deal http://t.co/If70kNoSLK
Wed May 06 15:11:34 +0000 2015,http://t.co/QgDJRG8ddN L L #Apparel #Souvenirs NWT Mens Size Large #MiamiHeat Hardwood Classics Shirt #eBay #Auc… http://t.co/WthWcNBX85
Wed May 06 15:10:09 +0000 2015,L L #Apparel #Souvenirs NWT Mens Size Large #MiamiHeat Hardwood Classics Shirt #eBay #Auction http://t.co/Rf0AZgT2k8
Wed May 06 15:09:54 +0000 2015,Chicago Bulls sign guard E'Twaun Moore - http://t.co/a7jlx6bpxg #MiamiHEAT
Wed May 06 15:05:06 +0000 2015,#Apparel #Souvenirs #MiamiHeat Shaquille O'neal #32 #Jersey Size L (14-16) YOUTH #Reebok http://t.co/lBAbk2hlPw #eBay #Auction
Wed May 06 15:03:08 +0000 2015,L L #DwyaneWade #Deals DWYANE WADE RC 03-04 UD SE Die Cut Future All-Stars Rookies Maimi Heat #NBA #MiamiHeat http://t.co/CKUCxUpTe9
Wed May 06 15:00:01 +0000 2015,Nice, @Dwyane_Wade_Fan! You're top of #miamiheat! Tired of your inbox being full of junk? Try Unroll.Me http://t.co/b5L804JFEE
Wed May 06 14:56:10 +0000 2015,#DwyaneWade #Deals 2006-07 Topps Big Game DWYANE WADE Final Score AUTO + RELIC #/50 Trophy Patch! http://t.co/WKiNGzUGPT #NBA #MiamiHeat
Wed May 06 14:56:09 +0000 2015,#DwyaneWade #NBA 2006-07 Topps Big Game DWYANE WADE Final Score AUTO + RELIC #/50 Trophy Patch! http://t.co/ITDMRd9RSr #MiamiHeat #HEATwin
Wed May 06 14:54:49 +0000 2015,Good morning #Miami  #tunaisfresh #wesellfreshness #miamibeach #miamilife #miamiheat #advertising #publicity... http://t.co/WCc4LZ6Z0H
Wed May 06 14:49:13 +0000 2015,#Apparel #Souvenirs #Reebok Shaquille O'neal #Jersey #MiamiHeat size XL http://t.co/LkLIqJHwFn #eBay #Auction
Wed May 06 14:48:26 +0000 2015,MMiami Heatmascot, Burnie, working out on the VX-POWER ! #familiayhogar2015 #miamiheat #burnie
Wed May 06 14:43:08 +0000 2015,L L B #DwyaneWade #NBA 2014-15 Panini Stickers #164 Dwyane Wade #MiamiHeat #HEATwin http://t.co/dPVdhvchE2
Wed May 06 14:38:38 +0000 2015,L L L #Autographs #onsale Framed Dwyane Wade #MiamiHeat Autographed 8" x 10" Dunking #Photograph #Autograph #Forsale http://t.co/SMAWlXwehQ
Wed May 06 14:32:37 +0000 2015,#Apparel #Souvenirs NWT #Adidas #MiamiHeat Away (Black) Authentic Blank #NBA #Jersey Mens 3XL Tall http://t.co/mD6PBwsgBj #eBay #Auction
Wed May 06 14:28:11 +0000 2015,L L #Cards #Card DWYANE WADE PANINI SIGNATURES Rare Card/25 PARALLEL #MiamiHeat 2012-13 Basketbal #Bargain #Deal http://t.co/dYSQW8Fv9Z
Wed May 06 14:27:08 +0000 2015,L L D #DwyaneWade #NBA Dwyane Wade 2014-15 Panini Prizm Green Autograph Auto Card Miami Heat #MiamiHeat #HEATwin http://t.co/OESPBsg7Jz
Wed May 06 14:26:46 +0000 2015,#NBA #MiamiHeat - Miami Heat Shaquille O'neal #32 Jersey Size XL 18-20 YOUTH Reebok:  $... http://t.co/JqMlB7Kv8b http://t.co/lQmogZfBKD
Wed May 06 14:26:46 +0000 2015,#NBA #MiamiHeat - Miami Heat Shaquille O'neal #32 Jersey Size L (14-16) YOUTH Reebok:  ... http://t.co/PijOL4vDuP http://t.co/lQmogZfBKD
Wed May 06 14:26:45 +0000 2015,#NBA #MiamiHeat - NWT ADIDAS  Miami Heat Away (Black) Authentic Blank NBA Jersey  Mens ... http://t.co/KXrD6hQ9Lf http://t.co/lQmogZfBKD
Wed May 06 14:26:45 +0000 2015,#NBA #MiamiHeat - LEBRON JAMES 8x10 ACTION PHOTO Cavs vs Miami Heat CLEVELAND CAVALIERS... http://t.co/0wmxIhxi3i http://t.co/lQmogZfBKD
Wed May 06 14:26:44 +0000 2015,#NBA #MiamiHeat - Miami Heat Shaquille O'neal #32 Jersey Size XL 18-20 YOUTH Reebok:  $... http://t.co/NwyQy6b2ft http://t.co/k33Sm3HFUt
Wed May 06 14:26:44 +0000 2015,#NBA #MiamiHeat - Miami Heat Shaquille O'neal #32 Jersey Size L (14-16) YOUTH Reebok:  ... http://t.co/Kfy5l22cIW http://t.co/k33Sm3HFUt
Wed May 06 14:26:43 +0000 2015,#NBA #MiamiHeat - NWT ADIDAS  Miami Heat Away (Black) Authentic Blank NBA Jersey  Mens ... http://t.co/nI0XT1LoOS http://t.co/k33Sm3HFUt
Wed May 06 14:26:43 +0000 2015,#NBA #MiamiHeat - LEBRON JAMES 8x10 ACTION PHOTO Cavs vs Miami Heat CLEVELAND CAVALIERS... http://t.co/kdxvXhQrxr http://t.co/k33Sm3HFUt
Wed May 06 14:26:43 +0000 2015,#NBA #MiamiHeat - Miami Heat t-shirt NBA by UNK  sz ADULT LARGE LEBRON BOSCH WADE:  $16... http://t.co/QKqwuykviX http://t.co/k33Sm3HFUt
Wed May 06 14:22:47 +0000 2015,L #Apparel #Souvenirs NWT Mens Size Large #MiamiHeat Hardwood Classics Shirt #eBay #Auction http://t.co/UJep7GOBvX
Wed May 06 14:17:34 +0000 2015,Throwback #MiamiHeat VS #ChicagoBulls 👊🇺🇸🏀 #AmericanDream @ AmericanAirlines Arena https://t.co/GAFcdvlHqL
Wed May 06 14:16:22 +0000 2015,#Apparel #Souvenirs Alonzo Mourning #MiamiHeat Black #Jersey Size XL http://t.co/9RuOTK79ZE #eBay #Auction
Wed May 06 14:07:26 +0000 2015,L L #Apparel #Souvenirs #MiamiHeat two-sided black car flag with bracket free shipping #eBay #Auction http://t.co/ysmTBUx0GC
Wed May 06 14:05:37 +0000 2015,L B #DwyaneWade #Deals Dwyane Wade BGS 9.5 GEM MINT! 2003-04 Topps Pristine U RC #113 Heat #NBA #MiamiHeat http://t.co/r54BL2e3vE
Wed May 06 14:02:58 +0000 2015,Happy birthday to the only white basketball player thats good! @Goran_Dragic #MiamiHeat #2016Champions
Wed May 06 14:01:26 +0000 2015,L B #DwyaneWade #NBA Dwyane Wade BGS 9.5 GEM MINT! 2003-04 Topps Pristine U RC #113 Heat #MiamiHeat #HEATwin http://t.co/FxaDkB9EDh
Wed May 06 14:01:18 +0000 2015,#Apparel #Souvenirs #NBA #Basketball Auto Car Head Rest Covers - #MiamiHeat *#Jersey Version* http://t.co/A7kN274nlK #eBay #Auction
Wed May 06 13:54:36 +0000 2015,#NBA #MiamiHeat - Miami Heat t-shirt NBA by UNK  sz ADULT LARGE LEBRON BOSCH WADE:  $16... http://t.co/xoG4bG4Jfn http://t.co/lQmogZfBKD
Wed May 06 13:54:36 +0000 2015,#NBA #MiamiHeat - NBA Basketball Auto Car Head Rest Covers - Miami Heat *Jersey Version... http://t.co/GijJQS4vWv http://t.co/lQmogZfBKD
Wed May 06 13:54:36 +0000 2015,#NBA #MiamiHeat - NBA Basketball Auto Car Head Rest Covers - Miami Heat *See my Feedbac... http://t.co/t9PFTXG1qz http://t.co/lQmogZfBKD
Wed May 06 13:54:35 +0000 2015,#NBA #MiamiHeat - NWT Mens Size Large Miami Heat Hardwood Classics Shirt:  $13.98End Da... http://t.co/d753EMzjI3 http://t.co/lQmogZfBKD
Wed May 06 13:51:07 +0000 2015,L L #Autographs #onsale Framed Dwyane Wade #MiamiHeat Autographed 8" x 10" Dunking #Photograph #Autograph #Forsale http://t.co/PlzVQKWPqm
Wed May 06 13:45:35 +0000 2015,#KCA #VoteJKT48ID MiamiHeatFans5: #Apparel #Souvenirs #NBA #Basketball Auto Car Head Rest Covers - #MiamiHeat *See my Feedback*  #eBay #Auc…
Wed May 06 13:45:08 +0000 2015,#Apparel #Souvenirs #NBA #Basketball Auto Car Head Rest Covers - #MiamiHeat *See my Feedback* http://t.co/OwUCrKnQMT #eBay #Auction
Wed May 06 13:40:16 +0000 2015,L L B #DwyaneWade #NBA 2005 TOPPS TOTAL TOTAL PERFORMANCE #TP20 DWYANE WADE HEAT POP 2 PSA 10 K1577589 #MiamiHeat… http://t.co/g6G2t3j3zg
Wed May 06 13:35:20 +0000 2015,L #Cards #Card DWYANE WADE PANINI SIGNATURES Rare Card/25 PARALLEL #MiamiHeat 2012-13 Basketbal #Bargain #Deal http://t.co/3HsI0eRRRq
Wed May 06 13:34:05 +0000 2015,#MiamiHeat wine glasses. Set of 2 w/ engraved team logo. http://t.co/DHPELqm0qI  http://t.co/qEzpfT5hG0
Wed May 06 13:31:16 +0000 2015,@MiamiHeatFans5 Top of #miamiheat today! Tired of unwanted subscription emails? Try Unroll.Me: http://t.co/b5L804JFEE
Wed May 06 13:29:10 +0000 2015,#Apparel #Souvenirs NWT Mens Size Large #MiamiHeat Hardwood Classics Shirt http://t.co/rMUwEJOzWR #eBay #Auction
Wed May 06 13:29:09 +0000 2015,#Autographs #onsale Framed Dwyane Wade #MiamiHeat Autographed 8" x 10" Ball in Left Hand… http://t.co/F0lNZw1cSc #Autograph #Forsale
Wed May 06 13:24:48 +0000 2015,ASK IRA :Is NBA championship dominance a thing of the past? - http://t.co/EtzbMrT96E #MiamiHEAT
Wed May 06 13:24:09 +0000 2015,L #Apparel #Souvenirs 2012 #MiamiHeat Championship Ring Replica #eBay #Auction http://t.co/uItOx2OXDV
Wed May 06 13:24:09 +0000 2015,L #DwyaneWade #Deals DWYANE WADE RC 03-04 UD SE Die Cut Future All-Stars Rookies Maimi Heat #NBA #MiamiHeat http://t.co/zTqLiWVftN
Wed May 06 13:19:11 +0000 2015,L #DwyaneWade #NBA DWYANE WADE RC 03-04 UD SE Die Cut Future All-Stars Rookies Maimi Heat #MiamiHeat #HEATwin http://t.co/IuZs6iCm50
Wed May 06 13:19:05 +0000 2015,L L #Autographs #onsale Framed Derrick Rose Chicago Bulls Autographed 8" x 10" vs. #MiamiHeat… #Autograph #Forsale http://t.co/X0GDDeOwXv
Wed May 06 13:03:34 +0000 2015,#NBA #MiamiHeat - Miami Heat two-sided black car flag with bracket free shipping:  $12.... http://t.co/8cUTyeGweX http://t.co/k33Sm3HFUt
Wed May 06 13:03:34 +0000 2015,#NBA #MiamiHeat - ADIDAS Youth DWYANE WADE MIAMI HEAT NBA JERSEY sz SMALL 8:  $24.99End... http://t.co/kC9QW2Xffo http://t.co/k33Sm3HFUt
Wed May 06 13:03:14 +0000 2015,L #Apparel #Souvenirs #MiamiHeat two-sided black car flag with bracket free shipping #eBay #Auction http://t.co/5ivkathaFZ
Wed May 06 13:03:11 +0000 2015,L B #DwyaneWade #NBA 2014-15 Panini Stickers #164 Dwyane Wade #MiamiHeat #HEATwin http://t.co/ep8WSn5dQV
Wed May 06 12:54:52 +0000 2015,this kind of feelings, I used to feel it evrytime #MiamiHeat will lose a game.and now I felt it again.😭but fighting! #army #방탄소년단 @BTS_twt 💪
Wed May 06 12:52:17 +0000 2015,L L #Autographs #onsale Dwyane Wade #MiamiHeat Autographed 8" x 10" All Star Game #Photograph #Autograph #Forsale http://t.co/u08S5utif3
Wed May 06 12:46:42 +0000 2015,L D #DwyaneWade #NBA Dwyane Wade 2014-15 Panini Prizm Green Autograph Auto Card Miami Heat #MiamiHeat #HEATwin http://t.co/6jtijMXp5G
Wed May 06 12:32:05 +0000 2015,L #Autographs #onsale Framed Dwyane Wade #MiamiHeat Autographed 8" x 10" Dunking #Photograph #Autograph #Forsale http://t.co/w5GmYgoBX6
Wed May 06 12:31:43 +0000 2015,#Cards #Card 2005-06 #Topps Pristine Dwane Wade Game Worn Shorts No.134 , #MiamiHeat http://t.co/4FfJ3LZnCp #Bargain #Deal
Wed May 06 12:27:40 +0000 2015,#NBA #MiamiHeat - Miami Heat two-sided black car flag with bracket free shipping:  $12.... http://t.co/ulSTaa8okO http://t.co/lQmogZfBKD
Wed May 06 12:27:39 +0000 2015,#NBA #MiamiHeat - Rare Miami heat with logo Sneakers for men, by Reebok:  $31.99End Dat... http://t.co/LTr4fB7NhB http://t.co/lQmogZfBKD
Wed May 06 12:26:44 +0000 2015,L L L #DwyaneWade #Deals Dwyane Wade BGS 9.5 GEM MINT! 2003-04 Topps Pristine U RC #113 Heat #NBA #MiamiHeat http://t.co/lUxeQ9PIOf
Wed May 06 12:26:42 +0000 2015,L L #Autographs #onsale Framed #MiamiHeat Mike Miller Signed 8" x 10" #Photo - Fanatics Authentic… #Autograph… http://t.co/oalsnPTf6K
Wed May 06 12:21:08 +0000 2015,L L L #DwyaneWade #NBA Dwyane Wade BGS 9.5 GEM MINT! 2003-04 Topps Pristine U RC #113 Heat #MiamiHeat #HEATwin http://t.co/jzxWXr5xON
Wed May 06 12:16:10 +0000 2015,#Cards #Card DWYANE WADE PANINI SIGNATURES Rare Card/25 PARALLEL #MiamiHeat 2012-13 Basketbal http://t.co/DGdFXFg2ZT #Bargain #Deal
Wed May 06 12:16:10 +0000 2015,L L #Apparel #Souvenirs Hardwood Classics #NBA Team Apparel #MiamiHeat Women's Varsity T-Shirt Sz L - NWT #eBay… http://t.co/cTycdMUxSS
