Wed May 06 14:56:01 +0000 2015,Report: #NBAKings #Kings executive Vlade Divac in awe of sueprstar C-PF DeMarcus Cousins. #Celtics.
Tue May 05 14:59:15 +0000 2015,Nice, @NumbersNBA! You're top of #nbakings! Tired of your inbox being full of junk? Try Unroll.Me http://t.co/XcnfI09uSN
Tue May 05 14:05:50 +0000 2015,RT @NumbersNBA: PG David Stockton (@dstockton32) will wear number 9, last worn by Ramon Sessions yesterday. #NBAKings http://t.co/rgGAnxESkb
Tue May 05 13:31:42 +0000 2015,@CaliforniaPicz Top of #nbakings today! Tired of unwanted subscription emails? Try Unroll.Me: http://t.co/XcnfI09uSN
Tue May 05 13:15:14 +0000 2015,#NBAKings fans are really, well, purple! http://t.co/mq0MsFDAQV
Mon May 04 16:43:58 +0000 2015,@HashOffKings Top of #nbakings leaderboard! Need to clean up your inbox? Unroll.Me can help: http://t.co/XcnfI09uSN
Mon May 04 14:59:26 +0000 2015,@ARoyalPain Top of #nbakings leaderboard! Need to clean up your inbox? Unroll.Me can help: http://t.co/XcnfI09uSN
Mon May 04 13:56:23 +0000 2015,Kicking off Final Grades Week with a look at Cousins, Hollins, and Bhullar - http://t.co/CJyYCHWni2 via @TonyXypteras #Sacramento #NBAKings
Mon May 04 00:18:13 +0000 2015,RT @kc1nyk: Report: #Celtics hope to pry away #NBAKings #Kings superstar C-PF DeMarcus Cousins with a package of picks and young talent.
Sun May 03 17:12:58 +0000 2015,RT @kc1nyk: Report: #Celtics hope to pry away #NBAKings #Kings superstar C-PF DeMarcus Cousins with a package of picks and young talent.
Sun May 03 16:32:20 +0000 2015,Report: #NBAKings #Kings want to make a playoff run next season with superstar C-PF DeMarcus Cousins as the centerpiece of the franchise.
Sun May 03 16:31:42 +0000 2015,Report: #Celtics hope to pry away #NBAKings #Kings superstar C-PF DeMarcus Cousins with a package of picks and young talent.
Sun May 03 16:31:08 +0000 2015,Report: #NBAKings #Kings not interested in trading superstar C-PF DeMarcus Cousins. #Celtics.
Sun May 03 01:04:43 +0000 2015,Danny Green should become a kings next season #NBAKings
Sat May 02 05:09:11 +0000 2015,Report: #NBAKings #Kings RFA PF-SF Derrick Williams doesn't intrigue front offices as much as he did a year ago.
Sat May 02 00:18:41 +0000 2015,RT @kc1nyk: Report: #Celtics expected to try and trade for #NBAKings #Kings superstar C-PF DeMarcus Cousins this offseason.
Fri May 01 22:45:09 +0000 2015,@kc1nyk Congrats, top of #nbakings! Unroll.Me can simplify your email's inbox. http://t.co/XcnfI09uSN
Fri May 01 21:11:28 +0000 2015,RT @kc1nyk: Report: #Celtics expected to try and trade for #NBAKings #Kings superstar C-PF DeMarcus Cousins this offseason.
Fri May 01 21:09:25 +0000 2015,Report: #Celtics expected to try and trade for #NBAKings #Kings superstar C-PF DeMarcus Cousins this offseason.
Thu Apr 30 18:04:16 +0000 2015,RT @YamsNews10: Very cool @GrantNapearshow wearing same tie at @playingtowindoc  premiere that he wore that emotional night #NBAKings http:…
Thu Apr 30 10:44:29 +0000 2015,RT @SWAPmeetBILLY: @NStauskas11 #SauceCastillo #NBAKings http://t.co/KRPXSIxfnr
Thu Apr 30 06:31:54 +0000 2015,RT @News10Sean: Really enjoyed tonight's premiere of the #PlayingToWin film. Really well done by all the folks involved in the #NBAKings re…
Thu Apr 30 05:58:38 +0000 2015,RT @YamsNews10: Very cool @GrantNapearshow wearing same tie at @playingtowindoc  premiere that he wore that emotional night #NBAKings http:…
Thu Apr 30 05:54:23 +0000 2015,RT @YamsNews10: Very cool @GrantNapearshow wearing same tie at @playingtowindoc  premiere that he wore that emotional night #NBAKings http:…
Thu Apr 30 05:44:04 +0000 2015,RT @JDJohnDickinson: Epic #NBAKings Gone Fishin' (via @NBAonTNT). Zoom in on Vlade's shirt. Classic. http://t.co/6TCdSk1m2s
Thu Apr 30 05:28:03 +0000 2015,RT @News10Sean: Really enjoyed tonight's premiere of the #PlayingToWin film. Really well done by all the folks involved in the #NBAKings re…
Thu Apr 30 05:27:20 +0000 2015,Really enjoyed tonight's premiere of the #PlayingToWin film. Really well done by all the folks involved in the #NBAKings relocation saga
Thu Apr 30 05:25:17 +0000 2015,RT @JDJohnDickinson: Epic #NBAKings Gone Fishin' (via @NBAonTNT). Zoom in on Vlade's shirt. Classic. http://t.co/6TCdSk1m2s
Thu Apr 30 05:24:28 +0000 2015,Epic #NBAKings Gone Fishin' (via @NBAonTNT). Zoom in on Vlade's shirt. Classic. http://t.co/6TCdSk1m2s
Thu Apr 30 04:34:38 +0000 2015,RT @sonicsman: 2 years Ago today @NBA Relocation Committee recommended to Owners that they Reject Chris Hansen's request to Move the #NBAKi…
Thu Apr 30 04:32:20 +0000 2015,2 years Ago today @NBA Relocation Committee recommended to Owners that they Reject Chris Hansen's request to Move the #NBAKings to #Seattle.
Thu Apr 30 04:30:24 +0000 2015,RT @YamsNews10: Very cool @GrantNapearshow wearing same tie at @playingtowindoc  premiere that he wore that emotional night #NBAKings http:…
Thu Apr 30 04:29:18 +0000 2015,RT @YamsNews10: Very cool @GrantNapearshow wearing same tie at @playingtowindoc  premiere that he wore that emotional night #NBAKings http:…
Thu Apr 30 04:26:27 +0000 2015,RT @YamsNews10: Very cool @GrantNapearshow wearing same tie at @playingtowindoc  premiere that he wore that emotional night #NBAKings http:…
Thu Apr 30 04:26:02 +0000 2015,Very cool @GrantNapearshow wearing same tie at @playingtowindoc  premiere that he wore that emotional night #NBAKings http://t.co/i3BJOtucfb
Thu Apr 30 04:19:42 +0000 2015,RT @SWAPmeetBILLY: @NStauskas11 #SauceCastillo #NBAKings http://t.co/KRPXSIxfnr
Thu Apr 30 03:54:57 +0000 2015,Hard to Believe that if #NBAKings would have come to #Seattle, #SonicsArena would be under construction &amp; convo would be different.
Thu Apr 30 03:01:16 +0000 2015,RT @YamsNews10: Kings Fans @playingtowindoc is a must see... opens to public on May 9th at IMAX and Studio Movie Grill in Rocklin... #NBAKi…
Thu Apr 30 02:58:57 +0000 2015,RT @RealKingsscoop: Where will the Kings land in the draft lottery? #NBAKings #SacramentoProud #NBA #NBADraft http://t.co/j3cqEl4sVv
Thu Apr 30 02:58:29 +0000 2015,Where will the Kings land in the draft lottery? #NBAKings #SacramentoProud #NBA #NBADraft http://t.co/j3cqEl4sVv
Thu Apr 30 02:54:38 +0000 2015,RT @SWAPmeetBILLY: @NStauskas11 #SauceCastillo #NBAKings http://t.co/KRPXSIxfnr
Thu Apr 30 02:49:23 +0000 2015,RT @SWAPmeetBILLY: @NStauskas11 #SauceCastillo #NBAKings http://t.co/KRPXSIxfnr
Thu Apr 30 02:48:03 +0000 2015,RT @SWAPmeetBILLY: @NStauskas11 #SauceCastillo #NBAKings http://t.co/KRPXSIxfnr
Thu Apr 30 02:42:12 +0000 2015,Kings Fans @playingtowindoc is a must see... opens to public on May 9th at IMAX and Studio Movie Grill in Rocklin... #NBAKings
Thu Apr 30 02:39:48 +0000 2015,RT @SWAPmeetBILLY: @NStauskas11 #SauceCastillo #NBAKings http://t.co/KRPXSIxfnr
Thu Apr 30 02:39:00 +0000 2015,RT @SWAPmeetBILLY: @NStauskas11 #SauceCastillo #NBAKings http://t.co/KRPXSIxfnr
Thu Apr 30 02:15:14 +0000 2015,#NBAKings fans are really, well, purple! http://t.co/mq0MsFDAQV
Thu Apr 30 00:18:45 +0000 2015,RT @SWAPmeetBILLY: @NStauskas11 #SauceCastillo #NBAKings http://t.co/KRPXSIxfnr
Wed Apr 29 19:38:06 +0000 2015,Good luck to my friends in Sacramento and makers of #playingtowindoc, premiering tonight in SacTown. #NBAKings… http://t.co/B7UqqW1DWP
Wed Apr 29 19:11:48 +0000 2015,RT @ChrisDaniels5: Good luck to my friends in Sacramento and makers of @playingtowindoc, premiering tonight in SacTown. #NBAKings @Carmicha…
Wed Apr 29 18:41:17 +0000 2015,Kings add Chad Iske to Coaching Staff, Also, he does this screaming thing .. http://t.co/neQ0KRWrHs #Sacramento #NBAKings
Wed Apr 29 17:07:22 +0000 2015,RT @ChrisDaniels5: Good luck to my friends in Sacramento and makers of @playingtowindoc, premiering tonight in SacTown. #NBAKings @Carmicha…
Wed Apr 29 15:59:28 +0000 2015,RT @ChrisDaniels5: Good luck to my friends in Sacramento and makers of @playingtowindoc, premiering tonight in SacTown. #NBAKings @Carmicha…
Wed Apr 29 15:54:56 +0000 2015,RT @SWAPmeetBILLY: @NStauskas11 #SauceCastillo #NBAKings http://t.co/KRPXSIxfnr
Wed Apr 29 15:50:11 +0000 2015,RT @SWAPmeetBILLY: @NStauskas11 #SauceCastillo #NBAKings http://t.co/KRPXSIxfnr
Wed Apr 29 15:48:52 +0000 2015,RT @SWAPmeetBILLY: @NStauskas11 #SauceCastillo #NBAKings http://t.co/KRPXSIxfnr
Wed Apr 29 15:48:42 +0000 2015,RT @ChrisDaniels5: Good luck to my friends in Sacramento and makers of @playingtowindoc, premiering tonight in SacTown. #NBAKings @Carmicha…
Wed Apr 29 15:48:19 +0000 2015,RT @SWAPmeetBILLY: @NStauskas11 #SauceCastillo #NBAKings http://t.co/KRPXSIxfnr
Wed Apr 29 15:46:14 +0000 2015,RT @ChrisDaniels5: Good luck to my friends in Sacramento and makers of @playingtowindoc, premiering tonight in SacTown. #NBAKings @Carmicha…
Wed Apr 29 15:44:29 +0000 2015,RT @ChrisDaniels5: Good luck to my friends in Sacramento and makers of @playingtowindoc, premiering tonight in SacTown. #NBAKings @Carmicha…
Wed Apr 29 15:43:29 +0000 2015,RT @SWAPmeetBILLY: @NStauskas11 #SauceCastillo #NBAKings http://t.co/KRPXSIxfnr
Wed Apr 29 15:43:26 +0000 2015,RT @ChrisDaniels5: Good luck to my friends in Sacramento and makers of @playingtowindoc, premiering tonight in SacTown. #NBAKings @Carmicha…
Wed Apr 29 15:43:05 +0000 2015,RT @ChrisDaniels5: Good luck to my friends in Sacramento and makers of @playingtowindoc, premiering tonight in SacTown. #NBAKings @Carmicha…
Wed Apr 29 15:42:47 +0000 2015,RT @ChrisDaniels5: Good luck to my friends in Sacramento and makers of @playingtowindoc, premiering tonight in SacTown. #NBAKings @Carmicha…
Wed Apr 29 15:42:41 +0000 2015,Good luck to my friends in Sacramento and makers of @playingtowindoc, premiering tonight in SacTown. #NBAKings @CarmichaelDave @franklinpix
Wed Apr 29 15:31:47 +0000 2015,RT @SWAPmeetBILLY: @NStauskas11 #SauceCastillo #NBAKings http://t.co/KRPXSIxfnr
Wed Apr 29 15:26:26 +0000 2015,RT @SWAPmeetBILLY: @NStauskas11 #SauceCastillo #NBAKings http://t.co/KRPXSIxfnr
Wed Apr 29 15:13:37 +0000 2015,@NStauskas11 #SauceCastillo #NBAKings http://t.co/KRPXSIxfnr
Tue Apr 28 22:45:40 +0000 2015,@tlfairgo Top of #nbakings today! Tired of unwanted subscription emails? Try Unroll.Me: http://t.co/XcnfI09uSN
Tue Apr 28 19:13:28 +0000 2015,Sacramento Kings and KHTK 1140 AM Announce Extended Radio Partnership http://t.co/l6DWL5976t #NBAKings #ForeverPurple
