Wed May 06 16:28:43 +0000 2015,Not sure why the #Nets are in a rush to leave this place. http://t.co/WvheIkLled
Wed May 06 16:28:00 +0000 2015,RT @TheBKGame: Billy King had his post-season press conference this morning. Here's some updates on what he had to say: http://t.co/RAOw7rl…
Wed May 06 16:25:28 +0000 2015,Los Brooklyn Nets extenderán la Qualifying Offer a Mirza Teletovic #Baloncesto #Deportes #Basket #Noticias #Nets  … https://t.co/zQm29yADuD
Wed May 06 16:25:06 +0000 2015,Central Notes :Thompson, Griffin, Gibson http://t.co/P1avK9PTpp #Nets #NBA
Wed May 06 16:24:45 +0000 2015,RT @BrooklynFans: Final Images of the #Nets Season, Photo Essay by @LolitaLens -http://t.co/nFLnx8HgLG
Wed May 06 16:22:32 +0000 2015,Final Images of the #Nets Season, Photo Essay by @LolitaLens -http://t.co/nFLnx8HgLG
Wed May 06 16:20:30 +0000 2015,RT @HoopsRumors: GM Billy King says #Nets want Brook Lopez, Thaddeus Young back, plan to build around them: http://t.co/46D0HoRESb http://t…
Wed May 06 16:19:55 +0000 2015,#nets #brooklyn Nets Prioritizing Re-Signing Brook Lopez, Thaddeus Young In Offseason: Billy King ... http://t.co/H1k9DO9g5G #LetsGoNets
Wed May 06 16:19:31 +0000 2015,RT @HoopsRumors: GM Billy King says #Nets want Brook Lopez, Thaddeus Young back, plan to build around them: http://t.co/46D0HoRESb http://t…
Wed May 06 16:18:59 +0000 2015,RT @ChatBKNets: Nets Prioritizing Re-Signing Brook Lopez, Thaddeus Young In Offseason http://t.co/GwlO1SZuCZ @chatsports @TheJoeJohnson7 #N…
Wed May 06 16:17:17 +0000 2015,RT @MazzESPN: Billy King also wouldn't comment on a possible extension for himself. Says he's comfortable going into next year in last year…
Wed May 06 16:15:44 +0000 2015,RT @HoopsRumors: GM Billy King says #Nets want Brook Lopez, Thaddeus Young back, plan to build around them: http://t.co/46D0HoRESb http://t…
Wed May 06 16:14:41 +0000 2015,RT @DailyNBALineups: #Nets According to Nets general manager Billy King, Mason Plumlee will play in the summer league.  http://t.co/ojOABVy…
Wed May 06 16:13:11 +0000 2015,The true stars of the Brooklyn #Nets are the geniuses who run the jumbotron: https://t.co/z5GwDTlrWV. h/t @acimania. http://t.co/ttYJ5nnJ36
Wed May 06 16:11:56 +0000 2015,RT @HoopsRumors: GM Billy King says #Nets want Brook Lopez, Thaddeus Young back, plan to build around them: http://t.co/46D0HoRESb http://t…
Wed May 06 16:11:26 +0000 2015,RT @HoopsRumors: GM Billy King says #Nets want Brook Lopez, Thaddeus Young back, plan to build around them: http://t.co/46D0HoRESb http://t…
Wed May 06 16:10:22 +0000 2015,GM Billy King says #Nets want Brook Lopez, Thaddeus Young back, plan to build around them: http://t.co/46D0HoRESb http://t.co/rRUbo4zITN
Wed May 06 16:10:16 +0000 2015,#Nets Tweets: Billy King: "Next big step is to keep Brook &amp;amp; Thaddeus here…I do know… #NBA http://t.co/yiE6n7siMN http://t.co/CMq6YuAUdl
Wed May 06 16:10:14 +0000 2015,RT @MazzESPN: Billy King also wouldn't comment on a possible extension for himself. Says he's comfortable going into next year in last year…
Wed May 06 16:10:06 +0000 2015,RT @BrooklynNets: GM, Billy King speaking with the media today about all things #Nets http://t.co/5iEgXuvMJ8
Wed May 06 16:09:53 +0000 2015,Billy King also wouldn't comment on a possible extension for himself. Says he's comfortable going into next year in last year of deal #Nets
Wed May 06 16:09:05 +0000 2015,RT @TheBKGame: Billy King had his post-season press conference this morning. Here's some updates on what he had to say: http://t.co/RAOw7rl…
Wed May 06 16:08:48 +0000 2015,RT @BrooklynNets: The #Nets are hiring! We are looking for a standout Web Developer/Designer to join our #Brooklyn team. Details here: http…
Wed May 06 16:07:45 +0000 2015,@BrooklynNets C Mason Plumlee will play in the summer league #Nets
Wed May 06 16:07:17 +0000 2015,@BrooklynNets will extend a qualifying offer to Mirza Teletovic, making him a restricted free agent this summer #Nets
Wed May 06 16:07:08 +0000 2015,Bobby Marks should be GM. Been with the organization for 20 years. One of the best capologists in the game. #Nets
Wed May 06 16:06:50 +0000 2015,@BrooklynNets G Alan Anderson may need to have surgery on his ankle this summer to clean up some bone spurs #Nets
Wed May 06 16:05:53 +0000 2015,RT @TheBKGame: TBG goes roundtable to answer some of the hard-hitting #Nets questions, on players, Billy King, &amp; a bold prediction: http://…
Wed May 06 16:05:00 +0000 2015,Billy King presser: "I tried to trade everyone last season, everyone bar Lopez and Young are available now, but we need continuity" #Nets
Wed May 06 16:04:37 +0000 2015,#Nets Tweets: Billy King: "The goal is to start internally. We’ve got to make sure our… #NBA http://t.co/yiE6n7siMN http://t.co/6211bLR89d
Wed May 06 16:03:25 +0000 2015,I'm optimistic that next season will only be a little bit worse. Doesn't mean we will miss the playoffs, but will be mentally tougher #Nets
Wed May 06 16:02:06 +0000 2015,#Nets Alan Anderson may need to have surgery on his ankle this summer to clean up some bone spurs.  http://t.co/ojOABVyels
Wed May 06 16:02:06 +0000 2015,#Nets The Nets will extend a qualifying offer to Mirza Teletovic, making him a restricted free agent this summer.  http://t.co/ojOABVyels
Wed May 06 16:02:05 +0000 2015,#Nets According to Nets general manager Billy King, Mason Plumlee will play in the summer league.  http://t.co/ojOABVyels
Wed May 06 16:00:20 +0000 2015,@BrooklynNets PG @DeronWilliams Will Earn $21,042,800 Million In 2015-16 @NBA Season #Nets #NBA
Wed May 06 16:00:18 +0000 2015,@BrooklynNets SF @TheJoeJohnson Will Earn $24,894,863 Million In 2015-16 @NBA Season #Nets #NBA
Wed May 06 16:00:05 +0000 2015,2014/15 D-League Usage Report :Grizzlies http://t.co/0iO3AhVcDu #Nets #NBA
Wed May 06 15:59:56 +0000 2015,@brooklynsbeat as many people have said. #Nets games are more of a tourist attraction
Wed May 06 15:58:57 +0000 2015,RT @MazzESPN: Billy says #Nets will look at all options including trades, sounds like changes obviously coming
Wed May 06 15:58:09 +0000 2015,RT @MazzESPN: Mason Plumlee plans to play in summer league. King says new prax facility will be ready at some point next season #Nets
Wed May 06 15:57:56 +0000 2015,RT @BrooklynNets: GM, Billy King speaking with the media today about all things #Nets http://t.co/5iEgXuvMJ8
Wed May 06 15:57:11 +0000 2015,Any offer, I think Mirza will get a lot of money this offseason a 4 who hits threes is important in today's NBA. #Nets
Wed May 06 15:56:59 +0000 2015,RT @LennRobbins: King was asked what the team is looking to get out of the #NBADraft  "The best player." King says he will look to move up …
Wed May 06 15:56:30 +0000 2015,The only thing to take away from the King conference is that the #Nets will offer Mirza a qualifying offer, which means they can match...
Wed May 06 15:55:55 +0000 2015,@BrooklynNets 2015-16 Starting 5:/C @MasonPlumlee/PF@CoryJay34/SF @SKgetbuckets/SG @44Bojan/PG @JarrettJack03/Bench: @iMarkelBrown22/#Nets
Wed May 06 15:55:12 +0000 2015,#Nets Tweets: GM, Billy King speaking with the media today about all things #Nets… #NBA http://t.co/yiE6n7siMN http://t.co/63CT2ErWmB
Wed May 06 15:55:03 +0000 2015,RT @BrooklynNets: GM, Billy King speaking with the media today about all things #Nets http://t.co/5iEgXuvMJ8
Wed May 06 15:54:53 +0000 2015,RT @BrooklynNets: GM, Billy King speaking with the media today about all things #Nets http://t.co/5iEgXuvMJ8
Wed May 06 15:54:50 +0000 2015,RT @BrooklynNets: GM, Billy King speaking with the media today about all things #Nets http://t.co/5iEgXuvMJ8
Wed May 06 15:53:41 +0000 2015,RT @BrooklynNets: GM, Billy King speaking with the media today about all things #Nets http://t.co/5iEgXuvMJ8
Wed May 06 15:53:24 +0000 2015,RT @BrooklynNets: GM, Billy King speaking with the media today about all things #Nets http://t.co/5iEgXuvMJ8
Wed May 06 15:52:29 +0000 2015,#NBA Billy King dice que su intención es la de intentar retener a Thaddeus Young y Brook López este verano. #Nets
Wed May 06 15:51:17 +0000 2015,GM, Billy King speaking with the media today about all things #Nets http://t.co/5iEgXuvMJ8
Wed May 06 15:49:08 +0000 2015,@brooklynsbeat he’s splashy on the court. He plays with that edge the #Nets are lacking.
Wed May 06 15:48:26 +0000 2015,@brooklynsbeat it’s about capturing the casual NBA fan, making the #Nets relevant, getting the conversation going about this team, &amp; winning
Wed May 06 15:47:54 +0000 2015,@brooklynsbeat #Nets need someone like that to be successful and be relevant in this city. Satisfying 500 passionate Net fans isn’t the goal
Wed May 06 15:46:15 +0000 2015,@brooklynsbeat nobody in the NY market (radio/TV) talks about the #Nets. If they had a star that attracts the national media, it’d be diff.
Wed May 06 15:46:01 +0000 2015,RT @MazzESPN: King plans to give Mirza qualifying offer #Nets
Wed May 06 15:45:17 +0000 2015,Anderson is hurt.... then? So resign? #Nets https://t.co/NHUxLprfi2
Wed May 06 15:43:29 +0000 2015,Another Teletovic year is coming. #Nets https://t.co/0fRzmFK9pL
Wed May 06 15:42:42 +0000 2015,@brooklynsbeat so you’re saying you would’ve been okay with the #Nets moving to a city like Tampa? It’s all about the W’s, right?
Wed May 06 15:42:21 +0000 2015,So Deron and Joe might be gone... #Nets https://t.co/BcfbGTBiyU
Wed May 06 15:42:05 +0000 2015,RT @MazzESPN: Mason Plumlee plans to play in summer league. King says new prax facility will be ready at some point next season #Nets
Wed May 06 15:41:53 +0000 2015,RT @MazzESPN: Mason Plumlee plans to play in summer league. King says new prax facility will be ready at some point next season #Nets
Wed May 06 15:41:45 +0000 2015,RT @MazzESPN: Mason Plumlee plans to play in summer league. King says new prax facility will be ready at some point next season #Nets
Wed May 06 15:41:00 +0000 2015,Mason Plumlee plans to play in summer league. King says new prax facility will be ready at some point next season #Nets
Wed May 06 15:40:59 +0000 2015,Okay... #Nets https://t.co/F9ykoT02ZA
Wed May 06 15:40:44 +0000 2015,From media tweets, Billy King sounds delusional. And a little schizophrenic. #Nets
Wed May 06 15:40:16 +0000 2015,RT @MazzESPN: Sounds like Alan Anderson is going to need an ankle cleanout for bone spurs #Nets
Wed May 06 15:40:07 +0000 2015,@brooklynsbeat I’m sorry, but I want the #Nets on ABC on Sunday afternoons, ESPN on Friday nights and TNT on Thursdays…building relevance.
Wed May 06 15:39:47 +0000 2015,@brooklynsbeat maybe to the 500 or so passionate #Nets fans. OKC became RELEVANT, gained fans, added value, through KD and Russ.
Wed May 06 15:38:55 +0000 2015,Brook Lopez #Magic/Thaddeus Young #Lakers/Alan Anderson #Heat/Mirza Teletovic #TimberWolves/Deron Williams #Rockets/Joe Johnson #Spurs/#Nets
Wed May 06 15:37:39 +0000 2015,RT @LennRobbins: "That's probably the most excitement that I have." @bkdefend on working with Hollins throughout the offseason #Nets
Wed May 06 15:37:09 +0000 2015,#BrooklynNets #Nets #Brooklyn Nets Prioritizing Re-Signing Brook Lopez, Thaddeus Young In Offseason http://t.co/yTgd0msqka
Wed May 06 15:36:31 +0000 2015,RT @LennRobbins: No major surgeries for #Nets .@ASqared06 saw a doctor.bone spurs in his ankle might need some cleaning out. #Nets
Wed May 06 15:36:18 +0000 2015,RT @LennRobbins: No major surgeries for #Nets .@ASqared06 saw a doctor.bone spurs in his ankle might need some cleaning out. #Nets
Wed May 06 15:35:44 +0000 2015,@brooklynsbeat that’s what he’s done in the first 3 years of the #Nets in BK. Diminished and tier-2 players that don’t have charisma.
Wed May 06 15:35:41 +0000 2015,No major surgeries for #Nets .@ASqared06 saw a doctor.bone spurs in his ankle might need some cleaning out. #Nets
Wed May 06 15:35:38 +0000 2015,Sounds like Alan Anderson is going to need an ankle cleanout for bone spurs #Nets
Wed May 06 15:35:03 +0000 2015,Western Notes :Pelicans, Curry, Batum http://t.co/MKFrSUFjMb #Nets #NBA
Wed May 06 15:34:55 +0000 2015,RT @alexraskinNYC: Billy King is listing his second-round credits (Korver, green, Lou Williams) when discussing upcoming draft. #nets
Wed May 06 15:34:46 +0000 2015,King señala que Bojan, Markel y Cory pueden ser jugadores de rotación en #Nets. https://t.co/LDZ8LEUWfO
Wed May 06 15:34:37 +0000 2015,RT @rodboone: King said #Nets may try to move up in the draft.
Wed May 06 15:34:27 +0000 2015,#Nets Nets general manager Billy King was not happy with the season Brooklyn had and said that he will explore...  http://t.co/ojOABVyels
Wed May 06 15:33:09 +0000 2015,RT @rodboone: King confirms #Nets practice facility in Brooklyn won't be finished in time for start of 2015-16. Says they will be in there …
Wed May 06 15:32:56 +0000 2015,RT @alexraskinNYC: Billy King is listing his second-round credits (Korver, green, Lou Williams) when discussing upcoming draft. #nets
Wed May 06 15:32:32 +0000 2015,RT @alexraskinNYC: #nets will still fly out of Newark.
Wed May 06 15:32:31 +0000 2015,RT @alexraskinNYC: Billy King said the facility in Brooklyn will open next year but he does not know the exact timing. #nets
Wed May 06 15:32:15 +0000 2015,Billy King is listing his second-round credits (Korver, green, Lou Williams) when discussing upcoming draft. #nets
Wed May 06 15:31:55 +0000 2015,What to expect from Billy Donovan in OKC| http://t.co/bcBKLFttMB #Nets #NBA
Wed May 06 15:31:55 +0000 2015,RT @rodboone: King said "there are ways to build a roster" and it's incumbent on him and his staff to figure out how to reconstruct #Nets.
Wed May 06 15:31:54 +0000 2015,#NBA #Nets - Brooklyn Nets Deron Willams Small  T-Shirt Brand New:  $15.00End Date: Sat... http://t.co/nVKs1KefZL http://t.co/k33Sm3HFUt
Wed May 06 15:31:54 +0000 2015,#NBA #Nets - Brooklyn Nets Gray Large Mitchell &amp; Ness Hustle Play Henley Shirt:  $23.99... http://t.co/L24aQ3L2L1 http://t.co/k33Sm3HFUt
Wed May 06 15:31:54 +0000 2015,RT @LennRobbins: "There's ways to build a roster. There's ways to find guys." King on being able to continue to build the #Nets without a l…
Wed May 06 15:31:44 +0000 2015,RT @rodboone: King said "there are ways to build a roster" and it's incumbent on him and his staff to figure out how to reconstruct #Nets.
Wed May 06 15:31:34 +0000 2015,"There's ways to build a roster. There's ways to find guys." King on being able to continue to build the #Nets without a lot of high picks
Wed May 06 15:31:19 +0000 2015,King said "there are ways to build a roster" and it's incumbent on him and his staff to figure out how to reconstruct #Nets.
Wed May 06 15:31:07 +0000 2015,RT @rodboone: King confirms #Nets practice facility in Brooklyn won't be finished in time for start of 2015-16. Says they will be in there …
Wed May 06 15:30:59 +0000 2015,RT @NetsDaily: Hawks cleared a lot of cap space in dumping Joe Johnson on #Nets.  Still mediocre two years later.
Wed May 06 15:30:58 +0000 2015,RT @LennRobbins: "Their relationship grew as the season went on." - @bkdefend on the rapport between Lionel Hollins and Brook Lopez #Nets
