Wed May 06 16:25:08 +0000 2015,^ #Sepatu dan #Nuggets | just follow @sagalayaishop | PIN:283B2166 WA:081315410105 | check BIO for order http://t.co/0BRw8wim0K
Wed May 06 16:17:47 +0000 2015,Of the #Rockies, #Nuggets, #Avs and #Broncos, Walt Weiss is now the longest tenured coach. He's in his 3rd season. Roy 2nd after 2 years.
Wed May 06 16:17:46 +0000 2015,Just get rid of Ty Lawson, #Nuggets/IDGAF if we get nothing but beans for him at this point he’s becoming a less talented Carmelo Anthony
Wed May 06 16:10:06 +0000 2015,RT @CarlBlanton: @drantipas Thank you Dr. I am enjoying your book. #Nuggets #Wisdom
Wed May 06 16:09:36 +0000 2015,Free chicken nugs?! 😳 #Free #Nuggets http://t.co/kZaUGE7cCd
Wed May 06 15:57:43 +0000 2015,^ #Sepatu dan #Nuggets | just follow @sagalayaishop | PIN:283B2166 WA:081315410105 | check BIO for order http://t.co/ash5nYOAbB
Wed May 06 15:56:13 +0000 2015,#Nuggets GM Tim Connelly indicated there are no players on their roster who are untouchable in trades.
Wed May 06 15:53:30 +0000 2015,Report: Money won't be an obstacle in #Nuggets head coach search.
Wed May 06 15:52:44 +0000 2015,For all you #Nuggets fans. This is what you call "hitting the nail on the head." Great read from @CourtZierk  https://t.co/wTQPXo4z7K
Wed May 06 15:50:27 +0000 2015,http://t.co/LZZno8evth #Tapas #NachosGuacamole #PatatasBravas #Nuggets #Croquetas etc
Wed May 06 15:50:11 +0000 2015,#NBA #Nuggets - Reebok Carmelo Anthony Denver Nuggets Sewn Jersey +2 Length Sz XL Nice ... http://t.co/pHxrNCYG7n http://t.co/k33Sm3HFUt
Wed May 06 15:50:11 +0000 2015,#NBA #Nuggets - NUGGETS #2 REEBOK HARDWOOD CLASSICS ENGLISH JERSEY SIZE 2XL:  $39.99End... http://t.co/MiycNNsqik http://t.co/k33Sm3HFUt
Wed May 06 15:18:00 +0000 2015,@drantipas Thank you Dr. I am enjoying your book. #Nuggets #Wisdom
Wed May 06 15:15:56 +0000 2015,Report: Former PG and un-employed head coach Scott Brooks a candidate for #Magic head coach job. #Nuggets.
Wed May 06 15:14:52 +0000 2015,Report: Un-employed head coach Mike Malone is a candidate for #Nuggets head coach job. #Magic.
Wed May 06 15:13:56 +0000 2015,Report: #TrailBlazers #Blazers lead assistant David Vanterpool is a candidate for #Nuggets head coach job. He was a dark-horse for #Thunder.
Wed May 06 15:12:33 +0000 2015,Report: Former PG and former head coach Scott Skiles a canidate for #Nuggets head coach job. #Magic.
Wed May 06 15:11:53 +0000 2015,Report: #IowaState #ISU head coach Fred Hoiberg a candidate for #Nuggets head coach job. #Bulls.
Wed May 06 15:11:46 +0000 2015,John Carlson retiring after seven-year career - John Carlson | ARZ - http://t.co/4uYNVnvWAz #Nuggets #NBA
Wed May 06 15:11:10 +0000 2015,# #Sepatu dan #Nuggets | just follow @sagalayaishop | PIN:283B2166 WA:081315410105 | check BIO for order http://t.co/ash5nYOAbB
Wed May 06 15:09:52 +0000 2015,Doing an extensive piece on Tim Connelly, evaluating his moves as #Nuggets GM, and let me just say: It's fascinating. Makes me very curious.
Wed May 06 15:08:27 +0000 2015,# #Sepatu dan #Nuggets | just follow @sagalayaishop | PIN:283B2166 WA:081315410105 | check BIO for order http://t.co/0BRw8wim0K
Wed May 06 15:00:54 +0000 2015,* #Sepatu dan #Nuggets | just follow @sagalayaishop | PIN:283B2166 WA:081315410105 | check BIO for order http://t.co/ash5nYOAbB
Wed May 06 14:59:29 +0000 2015,@justmeyesnikis Congrats, top of #nuggets! Unroll.Me can simplify your email's inbox. http://t.co/toPWsOOyN7
Wed May 06 14:56:43 +0000 2015,Report: Un-employed head coach Mike Malone would love to coach the #Magic. #Nuggets.
Wed May 06 14:34:20 +0000 2015,* #Sepatu dan #Nuggets | just follow @sagalayaishop | PIN:283B2166 WA:081315410105 | check BIO for order http://t.co/js7cxqvAap
Wed May 06 14:27:50 +0000 2015,RT @kc1nyk: Report: #Nuggets looking for a head coach that will institute a fast-paced style.
Wed May 06 14:27:24 +0000 2015,#NBA #Nuggets - Dunk! CARMELO ANTHONY 8x10 Awesome NBA Action Photo @Pepsi Center DENVE... http://t.co/DKMbGSHF7G http://t.co/k33Sm3HFUt
Wed May 06 14:27:24 +0000 2015,#NBA #Nuggets - CARMELO ANTHONY 8x10 ACTION PHOTO (Slam Dunk) DENVER NUGGETS Awesome NB... http://t.co/tKfm98ggez http://t.co/k33Sm3HFUt
Wed May 06 14:27:24 +0000 2015,#NBA #Nuggets - NWT Ladies NBA Denver Nuggets G-III Swim Suit Bikini XL:  $10.00End Dat... http://t.co/zMfkaIyzvq http://t.co/k33Sm3HFUt
Wed May 06 14:01:42 +0000 2015,Knicks Become the First Team to Lose 50 Games This Season - http://t.co/5YWoE094wy #Nuggets #NBA
Wed May 06 13:37:01 +0000 2015,* #Sepatu dan #Nuggets | just follow @sagalayaishop | PIN:283B2166 WA:081315410105 | check BIO for order http://t.co/cOikCwSUEP
Wed May 06 13:27:08 +0000 2015,Mc Donald's sur #Yelp : J'adore le nouveau design des boîtes de Mcdo. #mcdonald #box #bigmac #nuggets http://t.co/MvXgb2EloE
Wed May 06 13:26:40 +0000 2015,NBA Playoffs odds and ends - http://t.co/s2pxQ5SALs #Nuggets #NBA
Wed May 06 13:18:51 +0000 2015,# #Sepatu dan #Nuggets | just follow @sagalayaishop | PIN:283B2166 WA:081315410105 | check BIO for order http://t.co/cOikCwSUEP
Wed May 06 13:14:44 +0000 2015,Report: #Nuggets looking for a head coach that will institute a fast-paced style.
Wed May 06 13:13:55 +0000 2015,Report: Former PG and un-employed head coach Scott Brooks a candidate for #Nuggets head coach job.
Wed May 06 13:13:22 +0000 2015,Report: #Nuggets ramping up their head coach search this week, process expected to take most of the month of May.
Wed May 06 12:16:36 +0000 2015,James Harden Scores Career-High 50 Points - http://t.co/Mdgv9r28Yg #Nuggets #NBA
Wed May 06 12:07:10 +0000 2015,#denvernuggets #Nuggets #Denver Podcast: Talking Nuggets coaching search and draft http://t.co/ILWuFsLhxl
Wed May 06 12:05:20 +0000 2015,* #Sepatu dan #Nuggets | just follow @sagalayaishop | PIN:283B2166 WA:081315410105 | check BIO for order http://t.co/3cc4SsD9Du
Wed May 06 11:40:36 +0000 2015,#NBA #Nuggets - Reebok Men's Denver Nuggets Full Zip Jacket Youth XL Reversible. Great ... http://t.co/TFa4TqGteL http://t.co/k33Sm3HFUt
Wed May 06 11:32:51 +0000 2015,* #Sepatu dan #Nuggets | just follow @sagalayaishop | PIN:283B2166 WA:081315410105 | check BIO for order http://t.co/5DFQ37GzXj
Wed May 06 11:24:40 +0000 2015,#Rheingold 🌟 /#Gold/#gold/#nuggets/#goldrush /#miners//#domain 4sale/Sende Dein Angebot an/➡️profitdomains@icloud.com http://t.co/3v9ZbZBnfU
Wed May 06 11:15:33 +0000 2015,http://t.co/EEkB0NdMH9: Denver Nuggets vs New Orleans... http://t.co/bcwJSaSCVL #denver #highlights #march #nuggets #orleans #pelicans
Wed May 06 11:09:36 +0000 2015,# #Sepatu dan #Nuggets | just follow @sagalayaishop | PIN:283B2166 WA:081315410105 | check BIO for order http://t.co/5DFQ37GzXj
Wed May 06 11:06:32 +0000 2015,Denver Nuggets should chase LaMarcus Aldridge or target D'Angelo Russell in rebuild - http://t.co/NbnYBwpj2l #Nuggets #NBA
Wed May 06 10:31:30 +0000 2015,Nuggets' Al Harrington off his game in series against Lakers - http://t.co/GantWYm6be #Nuggets #NBA
Wed May 06 10:18:32 +0000 2015,* #Sepatu dan #Nuggets | just follow @sagalayaishop | PIN:283B2166 WA:081315410105 | check BIO for order http://t.co/A5DaGsUZql
Wed May 06 10:08:00 +0000 2015,by xxbeautifulxnightmarexx Lambs Bread #bobmarley #sativa #topshelf #medical #marijuana #bud #buds #nugs #nuggets #… http://t.co/KWlscJKSWQ
Wed May 06 10:05:21 +0000 2015,* #Sepatu dan #Nuggets | just follow @sagalayaishop | PIN:283B2166 WA:081315410105 | check BIO for order http://t.co/0BRw8wim0K
Wed May 06 10:05:16 +0000 2015,NEW - A LIRE - Contrôle d'alcoolémie http://t.co/nisrSbsICE/#nuggets #alcool #société #faitsdivers http://t.co/L0lVaMpWPl
Wed May 06 10:04:48 +0000 2015,RT @justmeyesnikis: After my #event yesterday I admit I had to have #Nuggets from @McD_Canada lol I woke up wanting more lol #lovinit 😋😁 ht…
Wed May 06 10:04:24 +0000 2015,After my #event yesterday I admit I had to have #Nuggets from @McD_Canada lol I woke up wanting more lol #lovinit 😋😁 http://t.co/EgL3NtJSlj
Wed May 06 09:56:52 +0000 2015,David Johnson the favorite for red-zone work - David Johnson | ARZ - http://t.co/RZ1Ve3fwJg #Nuggets #NBA
Wed May 06 09:56:50 +0000 2015,http://t.co/hvEMr29AFD New Era 59fifty Size 7 5/8 Denver Nuggets Hat Cap 27  #Nuggets http://t.co/HTaE6iUu0O
Wed May 06 09:53:15 +0000 2015,# #Sepatu dan #Nuggets | just follow @sagalayaishop | PIN:283B2166 WA:081315410105 | check BIO for order http://t.co/3cc4SsD9Du
Wed May 06 09:46:07 +0000 2015,# #Sepatu dan #Nuggets | just follow @sagalayaishop | PIN:283B2166 WA:081315410105 | check BIO for order http://t.co/A5DaGsUZql
Wed May 06 09:45:47 +0000 2015,RT @Nuggets10_fans: Ugly Gets Uglier as Kings Hand Knicks Their Worst Setback of the Season - http://t.co/95jgwhZfWF #Nuggets #NBA
Wed May 06 09:41:20 +0000 2015,^ #Sepatu dan #Nuggets | just follow @sagalayaishop | PIN:283B2166 WA:081315410105 | check BIO for order http://t.co/A5DaGsUZql
Wed May 06 09:21:50 +0000 2015,dedman's Final 2012 NBA Mockery - http://t.co/iDglhjgAsc #Nuggets #NBA
Wed May 06 09:13:42 +0000 2015,http://t.co/EEkB0NdMH9: Slammin It Home Denver... http://t.co/R3PjDYih1u #april #denver #golden #nuggets #playoffs #slammin #warriors
Wed May 06 09:05:29 +0000 2015,http://t.co/hvEMr29AFD MCFARLANE NBA SERIES 3 JUWAN HOWARD DENVER NUGGETS WHITE VARIA #Nuggets http://t.co/Pzi9P2NsJU
Wed May 06 08:58:07 +0000 2015,^ #Sepatu dan #Nuggets | just follow @sagalayaishop | PIN:283B2166 WA:081315410105 | check BIO for order http://t.co/5DFQ37GzXj
Wed May 06 08:46:48 +0000 2015,Ugly Gets Uglier as Kings Hand Knicks Their Worst Setback of the Season - http://t.co/95jgwhZfWF #Nuggets #NBA
Wed May 06 07:36:45 +0000 2015,Dempsey :Lawson's time in Denver appears to be dwindling - http://t.co/3WFahqKs7l #Nuggets #NBA
Wed May 06 07:27:59 +0000 2015,^ #Sepatu dan #Nuggets | just follow @sagalayaishop | PIN:283B2166 WA:081315410105 | check BIO for order http://t.co/cOikCwSUEP
Wed May 06 07:24:05 +0000 2015,http://t.co/hvEMr29AFD New Adidas Yellow NBA Denver Nuggets Flat Brim Flex Fit Hat Si #Nuggets http://t.co/IQZ28tgrCy
Wed May 06 07:20:12 +0000 2015,^ #Sepatu dan #Nuggets | just follow @sagalayaishop | PIN:283B2166 WA:081315410105 | check BIO for order http://t.co/3cc4SsUL24
Wed May 06 07:15:10 +0000 2015,@CORE_Director 1Tweet4 @DenverNuggetsX2, Follow #Nuggets News, Player Tweets, UTubes, Stats &amp; More! Visit http://t.co/hvEMr29AFD RT!
Wed May 06 07:08:12 +0000 2015,#NBA #Nuggets - NBA Toddlers Denver Nuggets Carmelo Anthony # 15 Replica Jersey - Blue ... http://t.co/U0C1AsCnvT http://t.co/k33Sm3q52V
Wed May 06 07:02:13 +0000 2015,RT @NuggetsViews: #denvernuggets #Nuggets #Denver 2014/15 D-League Usage Report: Nuggets http://t.co/8hXmZ5soP9
Wed May 06 06:46:01 +0000 2015,^ #Sepatu dan #Nuggets | just follow @sagalayaishop | PIN:283B2166 WA:081315410105 | check BIO for order http://t.co/js7cxqNbyZ
Wed May 06 06:34:47 +0000 2015,What is this? tOfu nugget!!! #tofu #nuggets #chickenfree #vegan #loveonlinecommunities #kids… https://t.co/vhN9PUJ7ao
Wed May 06 06:26:41 +0000 2015,WATCH :Brian Shaw really did rap a pregame personnel report for the Nuggets - http://t.co/s5sBabhsTy #Nuggets #NBA
Wed May 06 06:10:34 +0000 2015,http://t.co/hvEMr29AFD !!OFFERS WELCOME!! Denver Nuggets Style Light Blue/Yellow Lo T #Nuggets http://t.co/3BAGZuyu8h
Wed May 06 05:42:25 +0000 2015,NBA 2015 rumors: Jeremy Lin - Mike D' Antoni reunion at Denver Nuggets? - ChristianToday http://t.co/jafoCbnIt0 #Denver #Nuggets #NBA
Wed May 06 05:28:40 +0000 2015,@Adam_Mares I love everyone except Iggy not even because he dogged the #NUGGETS, just because everyone slurped him and he's not great...
Wed May 06 05:16:36 +0000 2015,Jusuf Nurkic reflects on his rookie season with the Nuggets - http://t.co/0fLyrz8kTY #Nuggets #NBA
Wed May 06 05:16:06 +0000 2015,RT @NateTimmonsCO: Dempsey sees #Nuggets wanting to draft a guy who can be a star player. Team wanting to build through this draft, perhaps.
Wed May 06 05:08:54 +0000 2015,Work 🍴#noodle #salad #ricenoodle #thai #cafe #brisbane #manly #springrolls #nuggets #ilove… http://t.co/TlmXCtdUt0 http://t.co/eNBKBOL80w
Wed May 06 05:00:09 +0000 2015,POLL: Who do you want to see as the #Nuggets' new head coach? Vote here: http://t.co/YO3fD8Hx0k
Wed May 06 04:52:57 +0000 2015,http://t.co/hvEMr29AFD 1 New Era NBA Denver Nuggets Hardwood Classic Team Flip 9Fifty #Nuggets http://t.co/1VjxtCUUxy
Wed May 06 04:47:04 +0000 2015,#SBNation #Nuggets Dempsey: Nuggets coaching search heating up http://t.co/g3VPKdqxNC http://t.co/o1fORNIXu9
Wed May 06 04:05:35 +0000 2015,RT @Trendon15: Happy birthday @LaPhonsoEllis20 one of the great @denvernuggets of all time #Nuggets #hirescottbrooks
Wed May 06 04:01:53 +0000 2015,@mcneil_mr 1Tweet4 @DenverNuggetsX2, Follow #Nuggets News, Player Tweets, UTubes, Stats &amp; More! Visit http://t.co/hvEMr29AFD RT!
Wed May 06 03:45:42 +0000 2015,http://t.co/hvEMr29AFD Price reduced!__NIKE AIR Jordan Carmelo 1.5 Denver Nuggets Siz #Nuggets http://t.co/EbUqGgehRN
Wed May 06 03:38:17 +0000 2015,NBA AM: Nuggets And Magic Still Waiting - Basketball Insiders http://t.co/Vu5eM6A0m1 #Denver #Nuggets #NBA
Wed May 06 03:31:30 +0000 2015,See what a Denver Nuggets helmet would look like - http://t.co/Hz1KuhVMzH #Nuggets #NBA
Wed May 06 02:56:54 +0000 2015,Knicks Become the First Team to Lose 50 Games This Season - http://t.co/5YWoE094wy #Nuggets #NBA
Wed May 06 02:53:19 +0000 2015,#NBA #Nuggets - ALEX ENGLISH DENVER NUGGETS SEWN HARDWOOD CLASSIC JERSEY YOUTH BOYS MED... http://t.co/nPW9yj9XSd http://t.co/k33Sm3q52V
Wed May 06 02:47:10 +0000 2015,RT @denvernuggets: The #Nuggets family recently lost Don Gebhardt, a longtime member of the gamenight staff. He will be truly missed. http:…
Wed May 06 02:37:10 +0000 2015,http://t.co/hvEMr29AFD DENVER NUGGETS 2014-15 Panini NBA Immaculate Select Prizm 6X L #Nuggets http://t.co/WgsIQb3NI3
Wed May 06 02:35:50 +0000 2015,Zoolander, crafts, margaritas, and stuffed crust za with kat and Anthony #nuggets
Wed May 06 02:07:55 +0000 2015,happy birthday to @EthanDoggett ! #nuggets http://t.co/RR2ZjUw6oC
Wed May 06 02:05:58 +0000 2015,POLL: Who do you want to see as the #Nuggets' new head coach? Vote here: http://t.co/dtnplKIsRA
Wed May 06 01:46:50 +0000 2015,Denver Nuggets should chase LaMarcus Aldridge or target D'Angelo Russell in rebuild - http://t.co/NbnYBwpj2l #Nuggets #NBA
Wed May 06 01:37:39 +0000 2015,RT @denvernuggets: Happy Birthday to The Phonz! //#Nuggets http://t.co/I6ahPyNGeD
Wed May 06 01:30:53 +0000 2015,http://t.co/hvEMr29AFD O'Lico Sport Large Denver Nuggets #15 Jersey  #Nuggets http://t.co/xIrnCWrY2I
Wed May 06 01:27:19 +0000 2015,Happy birthday @LaPhonsoEllis20 one of the great @denvernuggets of all time #Nuggets #hirescottbrooks
