Wed May 06 15:57:56 +0000 2015,RT @ForthDistrict: NEW #ClockRadioSpeakers w/ Dre Murray//The Guys Talk #OKCThunder #CashMoneyRecords &amp; Jay-Z’s #BSides w/ @dremurray22//ht…
Wed May 06 15:45:12 +0000 2015,CHAT: Bring your questions to @BerryTramel live from @HHShootingSport. He's talking #okcthunder #sooners #okstate: http://t.co/c1UWgpmj60
Wed May 06 15:30:22 +0000 2015,.@BerryTramel is answering your questions today on the live chat at 11 a.m. Join in: http://t.co/c1UWgpmj60 #okcthunder #sooners #okstate
Wed May 06 15:15:10 +0000 2015,Bring your #okcthunder #sooners #okstate questions to  @BerryTramel on the live chat from @HHShootingSport: http://t.co/c1UWgpmj60
Wed May 06 14:43:28 +0000 2015,RT @ForthDistrict: NEW #ClockRadioSpeakers w/ Dre Murray//The Guys Talk #OKCThunder #CashMoneyRecords &amp; Jay-Z’s #BSides w/ @dremurray22//ht…
Wed May 06 14:08:08 +0000 2015,#okcthunder #ThunderUp #OKCthunder 2014-15 Thunder Player Grades: Andre Roberson Stays Funky http://t.co/3l1bxdAp7W
Wed May 06 13:39:10 +0000 2015,RT @ForthDistrict: NEW #ClockRadioSpeakers w/ Dre Murray//The Guys Talk #OKCThunder #CashMoneyRecords &amp; Jay-Z’s #BSides w/ @dremurray22//ht…
Wed May 06 13:19:47 +0000 2015,RT @ForthDistrict: NEW #ClockRadioSpeakers w/ Dre Murray//The Guys Talk #OKCThunder #CashMoneyRecords &amp; Jay-Z’s #BSides w/ @dremurray22//ht…
Wed May 06 13:15:05 +0000 2015,RT @ForthDistrict: NEW #ClockRadioSpeakers w/ Dre Murray//The Guys Talk #OKCThunder #CashMoneyRecords &amp; Jay-Z’s #BSides w/ @dremurray22//ht…
Wed May 06 13:14:46 +0000 2015,RT @ForthDistrict: NEW #ClockRadioSpeakers w/ Dre Murray//The Guys Talk #OKCThunder #CashMoneyRecords &amp; Jay-Z’s #BSides w/ @dremurray22//ht…
Wed May 06 13:14:31 +0000 2015,NEW #ClockRadioSpeakers w/ Dre Murray//The Guys Talk #OKCThunder #CashMoneyRecords &amp; Jay-Z’s #BSides w/ @dremurray22//http://t.co/6KESuEU9Rb
Wed May 06 12:08:12 +0000 2015,#okc #okcthunder #ThunderUp #nba New Oklahoma City Thunder Rumors. Wednesday, May 6 2015 http://t.co/gqLDfUgYzw
Wed May 06 04:14:08 +0000 2015,RT @THEOFFICIALKELS: Jazz's jolt sent Billy Donovan on his way to Thunder https://t.co/teHdwI1ocT via @sltrib #NBA #OKCThunder #BillyDonova…
Wed May 06 02:49:10 +0000 2015,Not much of an #OKCThunder fan but I did snatch this up for the kids! #PTO #kids #springfling… https://t.co/bGnVssFi9P
Wed May 06 02:10:10 +0000 2015,Enjoyed @KDTrey5's Restaurant with my two youngest sons...much more upscale than I expected. #OKCThunder http://t.co/2OhhA8ub1h
Wed May 06 01:37:07 +0000 2015,#okc #okcthunder #ThunderUp #nba New Oklahoma City Thunder Rumors. Tuesday, May 5 2015 http://t.co/gqLDfUgYzw
Wed May 06 01:08:08 +0000 2015,#okcthunder #ThunderUp #forum #nba Is Westbrook T'd off at Presti?? http://t.co/mvYbmGBmsl
Tue May 05 23:58:34 +0000 2015,Jazz's jolt sent Billy Donovan on his way to Thunder https://t.co/uv4Q5lCWPE via #sltrib #NBA #OKCThunder… http://t.co/snNwYyUecV
Tue May 05 23:34:50 +0000 2015,RT @THEOFFICIALKELS: Jazz's jolt sent Billy Donovan on his way to Thunder https://t.co/teHdwI1ocT via @sltrib #NBA #OKCThunder #BillyDonova…
Tue May 05 23:14:52 +0000 2015,OKC thunder letters #nba #okcthunder #okc #woodenletters #custom #handpaintkrazy https://t.co/JWOKE5CjNd
Tue May 05 22:16:58 +0000 2015,RT @THEOFFICIALKELS: Jazz's jolt sent Billy Donovan on his way to Thunder https://t.co/teHdwI1ocT via @sltrib #NBA #OKCThunder #BillyDonova…
Tue May 05 21:09:37 +0000 2015,RT @ThunderViews: #okcthunder #ThunderUp #OKCthunder Salary Cap, the CBA, and What it Will Cost to Keep Durant, Westbrook, Ibaka.. http://t…
Tue May 05 21:08:08 +0000 2015,#okcthunder #ThunderUp #OKCthunder Salary Cap, the CBA, and What it Will Cost to Keep Durant, Westbrook, Ibaka.. http://t.co/zDZTdTqE4x
Tue May 05 20:40:30 +0000 2015,RT @THEOFFICIALKELS: Jazz's jolt sent Billy Donovan on his way to Thunder https://t.co/teHdwI1ocT via @sltrib #NBA #OKCThunder #BillyDonova…
Tue May 05 20:35:39 +0000 2015,RT @THEOFFICIALKELS: Jazz's jolt sent Billy Donovan on his way to Thunder https://t.co/teHdwI1ocT via @sltrib #NBA #OKCThunder #BillyDonova…
Tue May 05 20:28:57 +0000 2015,RT @THEOFFICIALKELS: Jazz's jolt sent Billy Donovan on his way to Thunder https://t.co/teHdwI1ocT via @sltrib #NBA #OKCThunder #BillyDonova…
Tue May 05 20:26:17 +0000 2015,RT @THEOFFICIALKELS: Jazz's jolt sent Billy Donovan on his way to Thunder https://t.co/teHdwI1ocT via @sltrib #NBA #OKCThunder #BillyDonova…
Tue May 05 20:15:41 +0000 2015,Jazz's jolt sent Billy Donovan on his way to Thunder https://t.co/teHdwI1ocT via @sltrib #NBA #OKCThunder #BillyDonovan #NBANews
Tue May 05 19:09:02 +0000 2015,#okcthunder #ThunderUp #OKCthunder Sorting through the Fallacies of the Billy Donovan Hire http://t.co/VCigLjwh8V
Tue May 05 18:01:58 +0000 2015,This little cutie is turning one this month! #allisonbondsphotography #OKC #okcthunder #oklahomacity… https://t.co/560uIMScZG
Tue May 05 16:09:03 +0000 2015,#okcthunder #ThunderUp #forum #nba New Hack-A-Rule? http://t.co/1YO76JHXPC
Tue May 05 08:08:02 +0000 2015,#okcthunder #ThunderUp #OKCthunder 2014-2015 Thunder Player Grades: Kyle Singler still gets buckets http://t.co/guk8jkEq1X
Tue May 05 03:08:13 +0000 2015,#ThunderUp #OKC #OKCthunder #nba The story of how Stephen Curry's agent and dad didn't want the Warriors to dr.. http://t.co/6Q9UI1f4EG
Tue May 05 00:53:35 +0000 2015,4th place huh? That's ok. You just fed a beast. Get em @russwest44 !! #OKCThunder
Tue May 05 00:38:12 +0000 2015,New Thunder Coach Billy Donovan's Three Levels of Commitment http://t.co/KvHS0ufeY9 via @WTLC #OKCThunder #ThunderUp
Tue May 05 00:32:39 +0000 2015,MVP/#OKCThunder #NBA http://t.co/Rtbkpr41KD
Mon May 04 23:37:04 +0000 2015,#okcthunder #ThunderUp #forum #nba Erotic Monkey - online dating. http://t.co/eSGlwXTcJk
Mon May 04 23:19:19 +0000 2015,RT @mrjasoncbell: Oklahoma City Thunder: A peek inside the offensive mind of Billy Donovan http://t.co/iH5e3tU5Jl #OKCThunder #ThunderUp
Mon May 04 23:05:36 +0000 2015,Oklahoma City Thunder: A peek inside the offensive mind of Billy Donovan http://t.co/iH5e3tU5Jl #OKCThunder #ThunderUp
Mon May 04 23:00:26 +0000 2015,Wish the #OKCThunder were in the playoffs too man http://t.co/dQl3icHxkC
Mon May 04 22:55:16 +0000 2015,DAMN 🔥😱 I WAS HOPING #OKCThunder was going flow this playoff🏀 #year2015
Mon May 04 22:34:07 +0000 2015,Billy Donovan to Thunder: Takeaways from Coach's Press Conference http://t.co/AjwJMAi9bP via @bleacherreport #OKCThunder #ThunderUp
Mon May 04 22:29:00 +0000 2015,How Billy Donovan Can Maximize Kevin Durant and Russell Westbrook Next Season http://t.co/7uxAq4A1Ap via @bleacherreport #OKCThunder
Mon May 04 21:08:07 +0000 2015,#ThunderUp #OKC #OKCthunder #nba The Brooklyn Nets? Gone till 2019. (Ball Don't Lie) http://t.co/yyO7YhL5WG
Mon May 04 20:37:05 +0000 2015,#okcthunder #ThunderUp #OKCthunder Coach Billy Donovan meets the Oklahoma Standard http://t.co/WRpm2dwU7T
Mon May 04 20:12:52 +0000 2015,No more of this 2 man basketball, we need to actually run plays and get everyone involved #toomuchtalent #OKCThunder
Mon May 04 20:12:00 +0000 2015,I'm really excited to see Coach Donovan with the Thunder, he is exactly what they need #OKCThunder
Mon May 04 19:20:15 +0000 2015,KD Trey 5 II CH PACK  http://t.co/sNq6JWkC5K via @faimuxlyonx #kdnation #kevindurant #okcthunder
Mon May 04 18:37:04 +0000 2015,#okcthunder #ThunderUp #forum #nba Westbrook finishes 4th (to Curry) in MVP vote http://t.co/yAF67AsZL6
Mon May 04 18:35:04 +0000 2015,#okc #okcthunder #ThunderUp #nba New Oklahoma City Thunder Rumors. Monday, May 4 2015 http://t.co/0vu6W6g5XC http://t.co/NB7V675R9N
Mon May 04 18:08:38 +0000 2015,#okc #okcthunder #ThunderUp #nba New Oklahoma City Thunder Rumors. Monday, May 4 2015 http://t.co/gqLDfUgYzw
Mon May 04 17:37:06 +0000 2015,#ThunderUp #OKC #OKCthunder #nba Curry named NBA Most Valuable Player (AFP) http://t.co/ujglVwGNr6
Mon May 04 17:28:01 +0000 2015,Here's how Russell Westbrook finished in NBA MVP voting http://t.co/WCx68s2tYc #okcthunder #NBAMVP http://t.co/AphKju20JM
Mon May 04 17:13:00 +0000 2015,#ThunderUp #OKC #OKCthunder #nba NBA-Warriors' Curry wins NBA's Most Valuable Player award (Reuters) http://t.co/1VbAQCnYqX
Mon May 04 17:08:15 +0000 2015,#okcthunder #ThunderUp #OKCthunder Star Wars Day: May the Fourth Be With You, Thunder fans! http://t.co/GE8mK6HxSt
Mon May 04 16:37:05 +0000 2015,#okcthunder #ThunderUp #OKCthunder Celtics coach Brad Stevens on Thunder coach Billy Donovan: "Normal guy tryi.. http://t.co/PVsLUXK5L3
Mon May 04 16:18:07 +0000 2015,RT @NewsOKThunder: LIVE: We're chatting #okcthunder! Get your questions in to @anthonyVslater on Billy Donovan, NBA Playoffs and MVP:  http…
Mon May 04 16:08:15 +0000 2015,#ThunderUp #OKC #OKCthunder #nba Golden State Warriors star Stephen Curry wins NBA MVP (The Associated Press) http://t.co/XSqty1Od5E
Mon May 04 15:59:06 +0000 2015,LIVE: We're chatting #okcthunder! Get your questions in to @anthonyVslater on Billy Donovan, NBA Playoffs and MVP:  http://t.co/ih5BeMFsxK
Mon May 04 15:59:04 +0000 2015,LIVE: We're chatting #okcthunder! Get your questions in to @anthonyVslater on Billy Donovan, NBA Playoffs and MVP:  http://t.co/R6bgRdInNv
Mon May 04 15:57:04 +0000 2015,RT @NewsOKSports: Want to talk #okcthunder? Ask @anthonyVslater your Thunder questions right here -&gt;&gt;  http://t.co/ih5BeMFsxK
Mon May 04 15:45:34 +0000 2015,RT @NewsOKThunder: Want to talk #okcthunder? Ask @anthonyVslater your Thunder questions right here -&gt;&gt;  http://t.co/R6bgRdInNv
Mon May 04 15:45:09 +0000 2015,Want to talk #okcthunder? Ask @anthonyVslater your Thunder questions right here -&gt;&gt;  http://t.co/R6bgRdInNv
Mon May 04 15:45:09 +0000 2015,Want to talk #okcthunder? Ask @anthonyVslater your Thunder questions right here -&gt;&gt;  http://t.co/ih5BeMFsxK
Mon May 04 15:23:07 +0000 2015,#Nike KD VI (GS) All Star Gumbo Green Glow Black Red US Sz 5 Y  #KevinDurant http://t.co/4TOZkkHu5y #OKCThunder #Deadstock #4Sale
Mon May 04 15:17:14 +0000 2015,It sucks seeing @UFCoachBillyD on the Gators podium for the last time but I wish him nothing but the best! #okcthunder got 1 hell of a coach
Mon May 04 12:37:02 +0000 2015,#okc #okcthunder #ThunderUp #nba New Oklahoma City Thunder Rumors. Monday, May 4 2015 http://t.co/gqLDfUgYzw
Mon May 04 06:12:20 +0000 2015,How Billy Donovan Can Succeed Where Scott Brooks Didn't for OKC Thunder http://t.co/YUx7T3AbGY via @bleacherreport #OKCThunder #ThunderUp
Mon May 04 06:01:14 +0000 2015,Ethan Skolnick: Can Billy Donovan Convince Durant and Westbrook to Stay in OKC? http://t.co/E2gva3Bfbw via @bleacherreport #OKCThunder
Mon May 04 05:27:21 +0000 2015,Billy Donovan to Thunder: Latest Contract Details, Analysis and Reaction http://t.co/vLen9rqo66 via @bleacherreport #OKCThunder #ThunderUp
Mon May 04 05:14:54 +0000 2015,Kevin Durant: Latest News, Rumors and Speculation on Thunder Star's Future http://t.co/gJw006jiYc via @bleacherreport #OKCThunder #ThunderUp
Mon May 04 05:06:24 +0000 2015,Watch: BBall Breakdown breaks down Thunder coach Billy Donovan's Florida gators offense http://t.co/MzY3vCg3On via @WTLC #OKCThunder
Mon May 04 04:43:59 +0000 2015,Why Perry Jones Deserves an Increased Role for Oklahoma City Thunder Next Season http://t.co/cDiPI8SiRd via @bleacherreport #OKCThunder
Mon May 04 01:08:23 +0000 2015,#ThunderUp #OKC #OKCthunder #nba AP Source: Warriors star Stephen Curry to be named NBA MVP (The Associated Pr.. http://t.co/GoMv6est8z
Mon May 04 00:50:04 +0000 2015,Give us your thoughts on the Billy Donovan hiring. #ThunderCoach #okcthunder #billydonovan #ofsb. Best one's make… http://t.co/tD3N3XXM7P
Mon May 04 00:37:06 +0000 2015,#ThunderUp #OKC #OKCthunder #nba Report: Warriors' Stephen Curry to be named 2014-15 NBA MVP (Ball Don't Lie) http://t.co/eBvoH9nBwB
Mon May 04 00:15:33 +0000 2015,One step closer to my highly unrealistic prediction/dream come true occurring w/Donovan in charge. #okcthunder http://t.co/aqUPhJLNMn
Mon May 04 00:12:31 +0000 2015,#okcthunder #ThunderUp #forum #nba where should lemarcues aldrige play for http://t.co/9LWK9yPrwg
Mon May 04 00:08:08 +0000 2015,#okcthunder #ThunderUp #forum #nba Who should kobe bryant play for next year http://t.co/frggmxwljs
Sun May 03 23:08:09 +0000 2015,#okcthunder #ThunderUp #forum #nba What happens to san antonio spurs now?????????????? http://t.co/tssOcuDSVT
Sun May 03 22:21:49 +0000 2015,RT @cfishernews9: Give us your thoughts on the Billy Donovan hiring. #ThunderCoach #okcthunder #billydonovan #ofsb. Best one's make the Bli…
Sun May 03 22:21:49 +0000 2015,RT @cfishernews9: Give us your thoughts on the Billy Donovan hiring. #ThunderCoach #okcthunder #billydonovan #ofsb. Best one's make the Bli…
Sun May 03 22:21:49 +0000 2015,RT @cfishernews9: Give us your thoughts on the Billy Donovan hiring. #ThunderCoach #okcthunder #billydonovan #ofsb. Best one's make the Bli…
Sun May 03 22:20:05 +0000 2015,Give us your thoughts on the Billy Donovan hiring. #ThunderCoach #okcthunder #billydonovan #ofsb. Best one's make the Blitz.
Sun May 03 21:55:15 +0000 2015,I think the @okcthunder need a new/secondary logo to go along with the new era in #OKCThunder Something fresh. Other squads change up reg.
Sun May 03 20:08:04 +0000 2015,#okcthunder #ThunderUp #OKCthunder Watch: BBall Breakdown breaks down Thunder coach Billy Donovan's Florida ga.. http://t.co/1i6WQz8vsp
Sun May 03 12:37:02 +0000 2015,#okc #okcthunder #ThunderUp #nba New Oklahoma City Thunder Rumors. Sunday, May 3 2015 http://t.co/gqLDfUgYzw
Sun May 03 09:55:06 +0000 2015,RT @Lakers_FZ: The Biggest Takeaways from the #OKCThunder 2014-15 Regular Season #NBA http://t.co/sXI4EXOBJN
Sun May 03 09:48:20 +0000 2015,The Biggest Takeaways from the #OKCThunder 2014-15 Regular Season #NBA http://t.co/sXI4EXOBJN
Sun May 03 09:26:18 +0000 2015,#NBA The Biggest Takeaways from the #OKCThunder 2014-15 Regular Season http://t.co/meNsTpPTjc
Sun May 03 09:04:21 +0000 2015,#NBA The Biggest Takeaways from the #OKCThunder 2014-15 Regular Season http://t.co/oAhKrWkGsD
Sun May 03 09:04:20 +0000 2015,#NBA The Biggest Takeaways from the #OKCThunder 2014-15 Regular Season http://t.co/dRO3VV3YN4
Sun May 03 06:37:02 +0000 2015,#ThunderUp #OKC #OKCthunder #nba CP3's game-winning, series-ending shot pushes Clips past Spurs in Game 7 clas.. http://t.co/P8EuvGwTXS
Sun May 03 05:37:25 +0000 2015,#okcthunder #ThunderUp #OKCthunder The Highlights and Lowlights of Billy Donovan http://t.co/o2ILmvocKW
Sun May 03 04:53:37 +0000 2015,RT @BearlyDoug: BREAKING: Looks like this is pretty much the confirmation that Coach Billy Donovan is now heading to the #okcthunder https:…
Sun May 03 04:13:47 +0000 2015,#ThunderUp #OKC #OKCthunder #nba Hollywood royalty ready for fighters to rumble (Reuters) http://t.co/H5EHTqreVU
Sun May 03 04:09:03 +0000 2015,#ThunderUp #OKC #OKCthunder #nba Boxing-Hollywood royalty ready for fighters to rumble (Reuters) http://t.co/gadISR1Rjv
Sun May 03 04:02:48 +0000 2015,#Billydonovan now coaching #OKC AND #OKCThunder. #classoncommitments.  Welcome to #ThunderNation. #KevinDurant #pressconferenceA+
Sun May 03 03:37:09 +0000 2015,#okcthunder #ThunderUp #forum #nba NBA round 2 playoffs are set http://t.co/BJps87KadS
Sun May 03 03:34:37 +0000 2015,#NBA The Biggest Takeaways from the #OKCThunder 2014-15 Regular Season http://t.co/PFlNhkIarZ
