Wed May 06 16:28:11 +0000 2015,L L #NBA #OrlandoMagic 2011-12 PANINI GOLD STANDARD HOBBY #Basketball 1BOX BREAK #2 #Card #Cards http://t.co/7T7ZkxKyvL
Wed May 06 16:23:05 +0000 2015,L #NBA vtg #OrlandoMagic - TRACY MCGRADY #1 #Jersey - NIKE - Sewn - mens size Large #BestSeller #Deals http://t.co/cafdRmRz9l
Wed May 06 16:22:17 +0000 2015,#NBA #Magic Vintage Shaquille O'Neal #32 #OrlandoMagic #Jersey by Champion, Adult 48 http://t.co/cUUn3mcTky #Bargains #Forsale
Wed May 06 16:22:16 +0000 2015,#Basketball #Magic vtg CHAMPION ANFERNEE PENNY HARDAWAY #OrlandoMagic NBA BASKETBALL #Jersey shirt http://t.co/bIRWa35rjY #Auction #Cheap
Wed May 06 16:20:08 +0000 2015,#NBA 1994-95 SP #122 Anfernee Hardaway #OrlandoMagic S16098 http://t.co/ozjJlzUn7A #Card #Cards
Wed May 06 16:20:08 +0000 2015,#NBA Reebok Blue TRACY MCGRADY #OrlandoMagic Basketball #Jersey Youth Small 8 http://t.co/2syhmpows2 #BestSeller #Deals
Wed May 06 16:07:09 +0000 2015,L #Basketball #Magic #OrlandoMagic #1 Vintage Basketball #Jersey Mens Sz 44 LARGE Champion #Auction #Cheap http://t.co/hYPWQm65Km
Wed May 06 16:06:10 +0000 2015,#NBA #Magic NWT-Anfernee Penny Hardaway #OrlandoMagic Adidas Swingman #Jersey BLACK XXL (2XL) http://t.co/V2aQwfBouP #Bargains #Forsale
Wed May 06 16:06:09 +0000 2015,#Basketball #Magic Vintage Shaquille O'Neal #32 #OrlandoMagic #Jersey by Champion, Adult 48 http://t.co/roJJxK0Ltb #Auction #Cheap
Wed May 06 16:04:35 +0000 2015,#NBA Dwight Howard #OrlandoMagic Hardwood classic #Jersey stitched size kids large http://t.co/hgHmd05t4M #BestSeller #Deals
Wed May 06 16:04:35 +0000 2015,#NBA 1994-95 Stadium Club #355 #ShaquilleONeal #OrlandoMagic S16149 http://t.co/FyWbZuZdSl #Card #Cards
Wed May 06 15:52:24 +0000 2015,#OrlandoMagic Evaluating Willie Green's 2014-15 season http://t.co/AGW1DSAQ5G #SportsRoadhouse
Wed May 06 15:50:10 +0000 2015,L #NBA #OrlandoMagic 2011-12 PANINI GOLD STANDARD HOBBY #Basketball 1BOX BREAK #2 #Card #Cards http://t.co/q79zNH0Hdb
Wed May 06 15:50:09 +0000 2015,#NBA #Magic ©1993 #OrlandoMagic XL shirt NBA #Basketball vintage rare official O'Neal http://t.co/dMOhJxN7N0 #Bargains #Forsale
Wed May 06 15:50:08 +0000 2015,#Basketball #Magic Vintage Nike #OrlandoMagic Tracy McGrady #1 Premium #Jersey Mens X-Large Stitched http://t.co/HMuernASNS #Auction #Cheap
Wed May 06 15:49:27 +0000 2015,#NBA vtg #OrlandoMagic - TRACY MCGRADY #1 #Jersey - NIKE - Sewn - mens size Large http://t.co/FiZs5To2iu #BestSeller #Deals
Wed May 06 15:49:27 +0000 2015,#NBA 1994-95 Topps #100 #ShaquilleONeal #OrlandoMagic S16184 http://t.co/aW8bFQQpGd #Card #Cards
Wed May 06 15:46:10 +0000 2015,#OrlandoMagic Spurs' Messina says he's interested in NBA head coaching spot http://t.co/nb9YywDUte #SportsRoadhouse
Wed May 06 15:46:09 +0000 2015,#OrlandoMagic How two OSU greats put Billy Donovan's 2007 Orlando flip-flop in perspective http://t.co/CLPCLr0ILx #SportsRoadhouse
Wed May 06 15:45:07 +0000 2015,#OrlandoMagic Evaluating Willie Green's 2014-15 season http://t.co/iut0r24Qpa #SportsRoadhouse
Wed May 06 15:40:40 +0000 2015,L L #NBA vtg CHAMPION ANFERNEE PENNY HARDAWAY #OrlandoMagic NBA BASKETBALL #Jersey 52 #BestSeller #Deals http://t.co/wKH0lAfzJ4
Wed May 06 15:38:00 +0000 2015,#NBA #OrlandoMagic - Vintage Nike Orlando Magic Tracy McGrady #1 Premium Jersey Mens X-... http://t.co/vuG1G75ELX http://t.co/k33Sm3HFUt
Wed May 06 15:37:59 +0000 2015,#NBA #OrlandoMagic - Orlando Magic NBA Basketball LOGO Pennant:  $3.99End Date: Friday ... http://t.co/XjkEWXSa3P http://t.co/k33Sm3HFUt
Wed May 06 15:37:59 +0000 2015,#NBA #OrlandoMagic - NBA ORLANDO MAGIC JERSEY YOUTH Large TRACY MCGRADY # 1 White:  $24... http://t.co/fb0jvMFv0p http://t.co/k33Sm3HFUt
Wed May 06 15:37:59 +0000 2015,#NBA #OrlandoMagic - vtg CHAMPION ANFERNEE PENNY HARDAWAY ORLANDO MAGIC NBA BASKETBALL ... http://t.co/LlIHsOS2Y6 http://t.co/k33Sm3HFUt
Wed May 06 15:37:59 +0000 2015,#NBA #OrlandoMagic - Vintage Orlando Magic Starter Hooded Sweatshirt Large Shaq Penny: ... http://t.co/KPoy5T9gdi http://t.co/k33Sm3HFUt
Wed May 06 15:37:10 +0000 2015,#OrlandoMagic 2014-15 Season Review: Tobias Harris http://t.co/PupEHeGbYx
Wed May 06 15:35:08 +0000 2015,L #NBA #Magic #OrlandoMagic 3" Logo Patch #32 #Basketball #Bargains #Forsale http://t.co/tUBQLfKeCP
Wed May 06 15:34:18 +0000 2015,#NBA #Magic Vintage Nike #OrlandoMagic Tracy McGrady #1 Premium #Jersey Mens X-Large Stitched http://t.co/cPokkbH017 #Bargains #Forsale
Wed May 06 15:34:17 +0000 2015,#Basketball #Magic #OrlandoMagic #1 Vintage Basketball #Jersey Mens Sz 44 LARGE Champion http://t.co/BqeZcxw4RB #Auction #Cheap
Wed May 06 15:32:38 +0000 2015,#NBA #OrlandoMagic 2014-15 IMMACULATE CASE GRAB BAG 5X INDEX CARD BREAK http://t.co/I9ltMjjopZ #Card #Cards
Wed May 06 15:32:37 +0000 2015,#NBA vtg CHAMPION ANFERNEE PENNY HARDAWAY #OrlandoMagic NBA BASKETBALL #Jersey 52 http://t.co/WH34fIOtpN #BestSeller #Deals
Wed May 06 15:29:21 +0000 2015,#andrewwiggins #twolves #nba #nba2k15 he jump over #VictorOladipo #orlandomagic https://t.co/halziq2BUf
Wed May 06 15:29:08 +0000 2015,L L #Basketball #Magic WOW! BOYS REEBOK NBA #OrlandoMagic STEVE FRANCIS #Jersey BLUE #3 SMALL 8 CHICO #Auction… http://t.co/dh7EsO3amd
Wed May 06 15:23:42 +0000 2015,L L #NBA NBA Basketball Auto Car Head Rest Covers - #OrlandoMagic *#Jersey Version* #BestSeller #Deals http://t.co/o3QFX7sEkr
Wed May 06 15:18:16 +0000 2015,#NBA #OrlandoMagic- 2014-15 Season Review: Tobias Harris: By John DentonMay 6, 2015 http://t.co/xd6GMOhX9K http://t.co/lQmogZfBKD
Wed May 06 15:18:07 +0000 2015,L #Basketball #Magic Nike #OrlandoMagic Tracy McGrady #1 NBA Sewn #Jersey Youth XL X-Large #Auction #Cheap http://t.co/5csoA1lgjm
Wed May 06 15:17:42 +0000 2015,#NBA #Magic Vintage Champion Penny Hardaway #OrlandoMagic #Jersey Sz XL 18-20 Youth NBA http://t.co/4IowE7pGsK #Bargains #Forsale
Wed May 06 15:17:38 +0000 2015,#Basketball #Magic #OrlandoMagic Oval Logo Patch since 1989 Basketball http://t.co/OdfQxAKdqD #Auction #Cheap
Wed May 06 15:16:16 +0000 2015,#NBA #OrlandoMagic 2011-12 PANINI GOLD STANDARD HOBBY #Basketball 1BOX BREAK #2 http://t.co/jzIkRE5dgT #Card #Cards
Wed May 06 15:16:15 +0000 2015,#NBA Mens Penny Hardaway #OrlandoMagic Throwback #Jersey - White Pinstripes - Size M http://t.co/JARGEJDlDU #BestSeller #Deals
Wed May 06 15:13:07 +0000 2015,L #NBA vtg CHAMPION ANFERNEE PENNY HARDAWAY #OrlandoMagic NBA BASKETBALL #Jersey 52 #BestSeller #Deals http://t.co/qRDC85MPqC
Wed May 06 15:12:05 +0000 2015,#OrlandoMagic 2014-15 Season Review: Tobias Harris http://t.co/NefDCe2n8a #SportsRoadhouse
Wed May 06 15:03:11 +0000 2015,L #NBA 2012-13 LIMITED ANDREW NICHOLSON CLEAR CUT ON CARD RC AUTO! /399 #OrlandoMagic! #Card #Cards http://t.co/e9ZjuyoyOu
Wed May 06 15:01:17 +0000 2015,#NBA #Magic #OrlandoMagic 3" Logo Patch #32 #Basketball http://t.co/tJx3BQG476 #Bargains #Forsale
Wed May 06 15:01:16 +0000 2015,#Basketball #Magic Tracy Mcgrady #OrlandoMagic Swingman #Jersey http://t.co/ySKpVCWj2u #Auction #Cheap
Wed May 06 15:01:15 +0000 2015,#NBA MITCHELL &amp; NESS PENNY HARDAWAY 94-95 #OrlandoMagic AUTHENTIC NBA #Jersey ANFERNEE http://t.co/Ptzr3vTPpo #BestSeller #Deals
Wed May 06 15:01:15 +0000 2015,#NBA Anfernee Penny Hardaway 98-99 Skybox Premium That's Jam #OrlandoMagic http://t.co/XcQOey6vUD #Card #Cards
Wed May 06 14:58:12 +0000 2015,L #Basketball #Magic WOW! BOYS REEBOK NBA #OrlandoMagic STEVE FRANCIS #Jersey BLUE #3 SMALL 8 CHICO #Auction #Cheap http://t.co/zyZ6ux70wq
Wed May 06 14:47:45 +0000 2015,L #NBA NBA Basketball Auto Car Head Rest Covers - #OrlandoMagic *#Jersey Version* #BestSeller #Deals http://t.co/EN3srhaofs
Wed May 06 14:46:10 +0000 2015,#NBA #Magic REEBOK #OrlandoMagic Tracy McGrady men's #Jersey http://t.co/fMhwaMakXq #Bargains #Forsale
Wed May 06 14:46:10 +0000 2015,#Basketball #Magic Nike #OrlandoMagic Tracy McGrady #1 NBA Sewn #Jersey Youth XL X-Large http://t.co/VZzstmy1IZ #Auction #Cheap
Wed May 06 14:45:09 +0000 2015,#OrlandoMagic The Hero Orlando City Needs: Who Can Step In and Play Hero for the Lions? http://t.co/9Uej4P2su3 #SportsRoadhouse
Wed May 06 14:44:40 +0000 2015,#NBA NWT-Anfernee Penny Hardaway #OrlandoMagic Adidas Swingman #Jersey BLACK XXL (2XL) http://t.co/J8GhF4H8Wy #BestSeller #Deals
Wed May 06 14:44:39 +0000 2015,#NBA 1991-92 SkyBox #477 #OrlandoMagic http://t.co/PSvGB2VudI #Card #Cards
Wed May 06 14:42:08 +0000 2015,#NBA vtg CHAMPION ANFERNEE PENNY HARDAWAY #OrlandoMagic NBA BASKETBALL #Jersey 52 http://t.co/qr2jRXLBV0 #BestSeller #Deals
Wed May 06 14:31:40 +0000 2015,#Basketball #Magic Vintage #OrlandoMagic Starter Hooded Sweatshirt Large Shaq Penny http://t.co/4Kbin83xXv #Auction #Cheap
Wed May 06 14:31:36 +0000 2015,#NBA #Magic NBA #Basketball Auto Car Head Rest Covers - #OrlandoMagic *#Jersey Version* http://t.co/QKIsZ5NEMM #Bargains #Forsale
Wed May 06 14:29:08 +0000 2015,#NBA 2012-13 LIMITED ANDREW NICHOLSON CLEAR CUT ON CARD RC AUTO! /399 #OrlandoMagic! http://t.co/PFfXwnU9hO #Card #Cards
Wed May 06 14:26:37 +0000 2015,L #NBA #Magic WOW! BOYS REEBOK NBA #OrlandoMagic STEVE FRANCIS #Jersey BLUE #3 SMALL 8 CHICO #Bargains #Forsale http://t.co/4QGN4c85ba
Wed May 06 14:26:06 +0000 2015,#NBA RARE Tracy McGrady #OrlandoMagic Stitched Nike Basketball #Jersey XL TMAC Vintage http://t.co/UsIndkAG8p #BestSeller #Deals
Wed May 06 14:16:16 +0000 2015,#NBA #OrlandoMagic - NBA Basketball Auto Car Head Rest Covers - Orlando Magic *See my F... http://t.co/XauDAPGgpn http://t.co/k33Sm3HFUt
Wed May 06 14:16:16 +0000 2015,#NBA #OrlandoMagic - NBA Basketball Auto Car Head Rest Covers - Orlando Magic *Jersey V... http://t.co/10CnOp6aOn http://t.co/k33Sm3HFUt
Wed May 06 14:16:16 +0000 2015,#NBA #OrlandoMagic - Orlando Magic Hat Adidas LG/XL NBA Official:  $12.95End Date: Frid... http://t.co/yf5NYX4Owu http://t.co/k33Sm3HFUt
Wed May 06 14:16:15 +0000 2015,#NBA #OrlandoMagic - VINCE CARTER 8x10 NBA PHOTO Game Action vs Raptors Sonny Weems ORL... http://t.co/iUY2X8SIK1 http://t.co/k33Sm3HFUt
Wed May 06 14:16:15 +0000 2015,#NBA #OrlandoMagic - VINCE CARTER 8x10 Awesome NBA Action Photo ORLANDO MAGIC #15 Vinsa... http://t.co/eaPtO1uhGx http://t.co/k33Sm3HFUt
Wed May 06 14:16:13 +0000 2015,#Basketball #Magic WOW! BOYS REEBOK NBA #OrlandoMagic STEVE FRANCIS #Jersey BLUE #3 SMALL 8 CHICO http://t.co/NMEiubLPPa #Auction #Cheap
Wed May 06 14:16:13 +0000 2015,#NBA #Magic VINCE CARTER 8x10 NBA PHOTO Game Action vs Raptors Sonny Weems #OrlandoMagic #15 http://t.co/IBpFCrTBGP #Bargains #Forsale
Wed May 06 14:10:47 +0000 2015,#NBA NBA Basketball Auto Car Head Rest Covers - #OrlandoMagic *#Jersey Version* http://t.co/0oKmrtsWoo #BestSeller #Deals
Wed May 06 14:05:43 +0000 2015,L #Basketball #Magic Shaquille "Shaq" O'neal #OrlandoMagic Swingman #Jersey Vintage, Men size M, NWT #Auction #Cheap http://t.co/ssxwuNULYJ
Wed May 06 13:59:41 +0000 2015,#Basketball #Magic VINCE CARTER 8x10 NBA PHOTO Game Action vs Raptors Sonny Weems #OrlandoMagic #15 http://t.co/Om6ZZGbIWL #Auction #Cheap
Wed May 06 13:59:40 +0000 2015,#NBA #Magic VINCE CARTER 8x10 Awesome NBA Action Photo #OrlandoMagic #15 Vinsanity UNC Great http://t.co/FLvw96S9ci #Bargains #Forsale
Wed May 06 13:51:07 +0000 2015,L #Basketball #Magic Dwight Howard #OrlandoMagic #Jersey Youth Medium by Adidas EUC #Auction #Cheap http://t.co/zhuofzfxUI
Wed May 06 13:50:06 +0000 2015,2015-16 #OrlandoMagic Season Tickets on sale NOW! Jump on board this young and talented team and watch them grow! Contact me for more info.
Wed May 06 13:46:07 +0000 2015,#OrlandoMagic Josh Smith, From Deep http://t.co/CULD69K5tL #SportsRoadhouse
Wed May 06 13:43:36 +0000 2015,#Basketball #Magic NBA Tracy McGrady Authentic #OrlandoMagic #Jersey 48 Mint Reebok http://t.co/lGsJSTAEnX #Auction #Cheap
Wed May 06 13:43:35 +0000 2015,#NBA #Magic WOW! BOYS REEBOK NBA #OrlandoMagic STEVE FRANCIS #Jersey BLUE #3 SMALL 8 CHICO http://t.co/lVGx0SjFMH #Bargains #Forsale
Wed May 06 13:43:04 +0000 2015,#NBA 1992 TOPPS #Basketball #OrlandoMagic SHAQUILLE O' NEAL CARD http://t.co/L3PcDZGnFk #Card #Cards
Wed May 06 13:38:09 +0000 2015,#NBA #OrlandoMagic #1 Tracy McGrady T-Mac Blue Stars Road Away Swingman Size S #Jersey http://t.co/sSdkPuP9WV #BestSeller #Deals
Wed May 06 13:28:11 +0000 2015,#Basketball #Magic Shaquille "Shaq" O'neal #OrlandoMagic Swingman #Jersey Vintage, Men size M, NWT http://t.co/i8EKPezfyv #Auction #Cheap
Wed May 06 13:28:11 +0000 2015,#NBA #Magic Dwight Howard #OrlandoMagic #Jersey Youth Medium by Adidas EUC http://t.co/IiUkdl4wwG #Bargains #Forsale
Wed May 06 13:22:08 +0000 2015,#NBA Dwight Howard #OrlandoMagic #Jersey Youth Medium by Adidas EUC http://t.co/U05bBqiwHo #BestSeller #Deals
Wed May 06 13:11:38 +0000 2015,#Basketball #Magic Dwight Howard #OrlandoMagic #Jersey Youth Medium by Adidas EUC http://t.co/zVIUsBNSk1 #Auction #Cheap
Wed May 06 13:11:37 +0000 2015,#NBA #Magic Shaquille "Shaq" O'neal #OrlandoMagic Swingman #Jersey Vintage, Men size M, NWT http://t.co/qzCXXqjrau #Bargains #Forsale
Wed May 06 12:50:50 +0000 2015,#NBA Vintage Nike Tracy McGrady #OrlandoMagic Swingman NBA #Jersey Youth Small http://t.co/qnUH3ToHJP #BestSeller #Deals
Wed May 06 12:48:07 +0000 2015,#OrlandoMagic Evaluating Tobias Harris, Maurice Harkless, and Aaron Gordon http://t.co/XLPwThvxvh #SportsRoadhouse
Wed May 06 12:37:19 +0000 2015,#OrlandoMagic #Orlando #gomagic #Magic Evaluating Tobias Harris, Maurice Harkless, and Aaron Gordon http://t.co/qePnKnaPEN
Wed May 06 11:53:36 +0000 2015,#Basketball #Magic Tracy Mcgrady #OrlandoMagic Authentic #Jersey with 911 patch http://t.co/5XxcRJlbLy #Auction #Cheap
Wed May 06 11:53:36 +0000 2015,#NBA #Magic Tracy Mcgrady #OrlandoMagic Authentic #Jersey with 911 patch http://t.co/zUSSmgA9e5 #Bargains #Forsale
Wed May 06 11:46:36 +0000 2015,L #Basketball #Magic Vintage Mens L Nike Shaquille O'Neal Black Pinstripe #OrlandoMagic 32 - NEW #Auction #Cheap http://t.co/rbQvNTxsBR
Wed May 06 11:41:08 +0000 2015,L #NBA #Magic Vintage Mens L Nike Shaquille O'Neal Black Pinstripe #OrlandoMagic 32 - NEW #Bargains #Forsale http://t.co/Y1CmnOkR4z
Wed May 06 11:34:34 +0000 2015,#NBA 1993 - 1994 Fleer Ultra All-Rookie Team #ShaquilleONeal #OrlandoMagic #5... http://t.co/STPSmPaOuo #Card #Cards
Wed May 06 11:02:37 +0000 2015,#NBA 2014-15 Select Concourse Prizm RED #11 Nikola Vucevic #OrlandoMagic /149 http://t.co/tuWeIbEUlD #Card #Cards
Wed May 06 10:59:35 +0000 2015,L L #Basketball #Magic New Men's #OrlandoMagic Tracy McGrady Stitched Basketball #Jersey #1 Size M-L #Auction #Cheap http://t.co/5kxtjkBfxz
Wed May 06 10:55:09 +0000 2015,L #NBA #ShaquilleONeal Autographed Hat:Rookie Yr w/ #OrlandoMagic, 23kt Gold Shaq card #Card #Cards http://t.co/oargwsQoHg
Wed May 06 10:50:06 +0000 2015,#Basketball #Magic Vintage Mens L Nike Shaquille O'Neal Black Pinstripe #OrlandoMagic 32 - NEW http://t.co/ciOrnzKbtT #Auction #Cheap
Wed May 06 10:50:06 +0000 2015,#NBA #Magic Vintage Mens L Nike Shaquille O'Neal Black Pinstripe #OrlandoMagic 32 - NEW http://t.co/LvRbwwpmi9 #Bargains #Forsale
Wed May 06 10:44:09 +0000 2015,L #NBA 1994 Upper Deck Collectors Choice Anfernee Hardaway (#OrlandoMagic) #1 #Card #Cards http://t.co/VZfPcoR3Ff
Wed May 06 10:23:08 +0000 2015,L #NBA 2014 2015 Panini Select #Basketball RPA #OrlandoMagic Elfrid Payton #Card #Cards http://t.co/GTKdAQj45C
Wed May 06 10:01:10 +0000 2015,L #Basketball #Magic New Men's #OrlandoMagic Tracy McGrady Stitched Basketball #Jersey #1 Size M-L #Auction #Cheap http://t.co/2VKB4xHSxi
