Wed May 06 16:29:05 +0000 2015,L L L #Sports #Goods Indiana #Pacers Vintage Rik Smits #Adidas #NBA Hardwood Classics Swingman #Jersey XL #Forsale… http://t.co/jUmUhVElfk
Wed May 06 16:22:26 +0000 2015,#Collectible #Buzz Vintage Indiana #Pacers Advertising Chevrolet Sponsor Pin http://t.co/VQPynwgb98 #Bestseller #Buy
Wed May 06 16:22:26 +0000 2015,#Sports #Goods Bewild Brand Indiana #Pacers PG George Pre-Shrunk Mens Tee Shirt Assorted Sizes http://t.co/QoY0aD8awt #Forsale #onsale
Wed May 06 16:22:26 +0000 2015,#NBA #Basketball Vintage Indiana #Pacers Advertising Chevrolet Sponsor Pin http://t.co/Gz6pLvSlRn #eBay #Auction
Wed May 06 16:19:13 +0000 2015,#WeightLoss #Fit Lessen the Impact of Type 1 Diabetes with a Skilled Sleeve Gastrectomy and Lap… http://t.co/Utmtd5ZTqq #Pacers #Healthy
Wed May 06 16:19:12 +0000 2015,L L #Collectible #Buzz Reggie Miller Jermaine O'Neal Indiana #Pacers Russian nesting dolls #Bestseller #Buy http://t.co/GEHq7MDJpD
Wed May 06 16:18:30 +0000 2015,RT @IndyStarSports: #Pacers’ @Yg_Trece steps up for Indy family in need: (via @DanaBenbow) http://t.co/oMsFjbONvu http://t.co/82f8cnEugj
Wed May 06 16:17:28 +0000 2015,RT @IndyStarSports: #Pacers’ @Yg_Trece steps up for Indy family in need: (via @DanaBenbow) http://t.co/oMsFjbONvu http://t.co/82f8cnEugj
Wed May 06 16:16:18 +0000 2015,#Pacers #Indiana Pacers star Paul George donates $10000 to help Indiana family buy new van fo... http://t.co/XHRDIq6h3Q #pacersgamenight
Wed May 06 16:15:33 +0000 2015,RT @IndyStarSports: #Pacers’ @Yg_Trece steps up for Indy family in need: (via @DanaBenbow) http://t.co/oMsFjbONvu http://t.co/82f8cnEugj
Wed May 06 16:15:06 +0000 2015,#Pacers’ @Yg_Trece steps up for Indy family in need: (via @DanaBenbow) http://t.co/oMsFjbONvu http://t.co/82f8cnEugj
Wed May 06 16:13:37 +0000 2015,L L #NBA #Basketball INDIANA #Pacers 8x10 NBA ACTION PHOTO Reggie Miller &amp;amp;amp; Antonio Davis vs Shawn Kemp… http://t.co/BZXoc16SJ4
Wed May 06 16:10:11 +0000 2015,Player Review 2015 :Luis Scola http://t.co/uj80RGSXSk #Pacers #NBA
Wed May 06 16:08:37 +0000 2015,http://t.co/EEkB0NdMH9: NBA 2K14: Indiana Pacers Vs Golden... http://t.co/m3FF4CPoUz #gameplay #golden #indiana #pacers #warriors #xbox
Wed May 06 16:08:11 +0000 2015,RT @BeforeFamePics: If NBA teams were to design football helmets: #Pacers http://t.co/8U72NMGoy9
Wed May 06 16:08:07 +0000 2015,L L C #NBA #Basketball 3XL XXXL Mens ROY HIBBERT INDIANA #Pacers #Jersey #55 Yellow/Gold Navy-Blue #Adidas #eBay… http://t.co/tCXHRM8puU
Wed May 06 16:06:10 +0000 2015,#Collectible #Buzz #NBA Officially Licensed Indiana #Pacers Team Beach Towel 30' X 60' 2015 Design http://t.co/GgFJbPC5RZ #Bestseller #Buy
Wed May 06 16:06:09 +0000 2015,#Sports #Goods #NBA Officially Licensed Indiana #Pacers Team Beach Towel 30' X 60' 2015 Design http://t.co/fVSYWNPO7A #Forsale #onsale
Wed May 06 16:06:08 +0000 2015,#NBA #Basketball NBA Officially Licensed Indiana #Pacers Team Beach Towel 30' X 60' 2015 Design http://t.co/Zrt1Xhr4V9 #eBay #Auction
Wed May 06 16:04:31 +0000 2015,Player Review 2015 :Damjan RudeÅ¾| http://t.co/ableQvAw6J #pacers
Wed May 06 16:03:08 +0000 2015,#WeightLoss #Fit 10 Weight Loss Tips for Beginners http://t.co/fK46XQ13C0 #Pacers #Healthy
Wed May 06 16:02:07 +0000 2015,L #Sports #Goods REGGIE MILLER 8x10 Awesome #NBA Photo w/Ron Artest INDIANA #Pacers Vintage Picture #Forsale #onsale http://t.co/rSuwzKPCkb
Wed May 06 15:56:40 +0000 2015,L #NBA #Basketball AUSTIN CROSHERE 8x10 ACTION PHOTO @Conseco Fieldhouse INDIANA #Pacers #44 vintage #eBay #Auction http://t.co/NzOSYQcRBQ
Wed May 06 15:50:13 +0000 2015,#Collectible #Buzz Indiana #Pacers Shirt - size large (L) http://t.co/HHRICI2lOG #Bestseller #Buy
Wed May 06 15:50:13 +0000 2015,#Sports #Goods Vintage Indiana #Pacers Advertising Chevrolet Sponsor Pin http://t.co/ZeawMLib80 #Forsale #onsale
Wed May 06 15:50:12 +0000 2015,#NBA #Basketball Indiana #Pacers Shirt - size large (L) http://t.co/b62ajtebSP #eBay #Auction
Wed May 06 15:47:38 +0000 2015,#WeightLoss #Fit How To Adopt To A Weight Loss Plateau http://t.co/RRIx9eFc4B #Pacers #Healthy
Wed May 06 15:46:41 +0000 2015,#Pacers PG-SG C.J. Watson, upcoming UFA, said he would like to return with the Pacers next season.
Wed May 06 15:46:40 +0000 2015,L #Sports #Goods AUSTIN CROSHERE 8x10 ACTION PHOTO @Conseco Fieldhouse INDIANA #Pacers #44 vintage #Forsale #onsale http://t.co/JaqQbyhFbC
Wed May 06 15:40:39 +0000 2015,L #NBA #Basketball Reggie Miller Jermaine O'Neal Indiana #Pacers Russian nesting dolls #eBay #Auction http://t.co/UdknADzOh8
Wed May 06 15:40:10 +0000 2015,Player Review 2015 :Donald Sloan http://t.co/ldUepifhXa #Pacers #NBA
Wed May 06 15:35:08 +0000 2015,L L #Sports #Goods Indiana #Pacers Vintage Rik Smits #Adidas #NBA Hardwood Classics Swingman #Jersey XL #Forsale… http://t.co/N2YPF3NAUd
Wed May 06 15:32:46 +0000 2015,#WeightLoss #Fit 3 Easy Steps to Stop Talking Yourself Out of Reaching Your Goals http://t.co/PCkiPW45pf #Pacers #Healthy
Wed May 06 15:29:29 +0000 2015,Indiana Pacers top five stories of the week| http://t.co/I76eu8L0pZ #pacers
Wed May 06 15:29:11 +0000 2015,L C #Sports #Goods Indiana #Pacers Tradition In Blue and Gold 03-04 Central Division Champs Plaque #Forsale… http://t.co/OzgeMs4lLs
Wed May 06 15:19:38 +0000 2015,L #Collectible #Buzz Reggie Miller Jermaine O'Neal Indiana #Pacers Russian nesting dolls #Bestseller #Buy http://t.co/M5YyYCJ1Qq
Wed May 06 15:19:02 +0000 2015,RT @IndiPacers: Player Review 2015 :Rodney Stuckey http://t.co/Csc9IVQ6Bk #Pacers #NBA
Wed May 06 15:17:06 +0000 2015,#WeightLoss #Fit Best Weight Loss Patch Helps to Reduce Food Carvings http://t.co/BH8WY6po5A #Pacers #Healthy
Wed May 06 15:13:36 +0000 2015,L #NBA #Basketball INDIANA #Pacers 8x10 NBA ACTION PHOTO Reggie Miller &amp;amp; Antonio Davis vs Shawn Kemp #eBay… http://t.co/CoKKm00xYa
Wed May 06 15:10:09 +0000 2015,Player Review 2015 :Rodney Stuckey http://t.co/Csc9IVQ6Bk #Pacers #NBA
Wed May 06 15:09:44 +0000 2015,Pacers starters stay on floor through most of first half| http://t.co/x8Y296r6sV #pacers
Wed May 06 15:07:16 +0000 2015,#IndianaPacers #Pacers #forum Sources: Cavs to start Thompson in Game 2 [ESPN] http://t.co/VpW8Y15lpO
Wed May 06 15:03:11 +0000 2015,L C #NBA #Basketball 3XL XXXL Mens ROY HIBBERT INDIANA #Pacers #Jersey #55 Yellow/Gold Navy-Blue #Adidas #eBay… http://t.co/EMDI1z0gQf
Wed May 06 15:01:43 +0000 2015,#WeightLoss #Fit Aloe Vera Juice and Its Weight Loss Bene#fits http://t.co/q5SW9CldsJ #Pacers #Healthy
Wed May 06 14:58:20 +0000 2015,L L B #Collectible #Buzz Indiana #Pacers Shorts #Bestseller #Buy http://t.co/fbPBTZEpSw
Wed May 06 14:55:29 +0000 2015,#Pacers #Indiana CJ Watson: 2014-15 Season: In his eighth NBA season and second in Indiana, C... http://t.co/RlqqxQz9RW #pacersgamenight
Wed May 06 14:48:19 +0000 2015,RT @IndiPacers: C.J. Miles is Getting His Shot Release Fixed For NBA 2K16 http://t.co/a7yFj4MXQ9 #Pacers #NBA
Wed May 06 14:47:39 +0000 2015,L #Collectible #Buzz INDIANA #Pacers 8x10 #NBA ACTION PHOTO Reggie Miller &amp;amp; Antonio Davis vs Shawn… #Bestseller… http://t.co/Mj8Bprswd0
Wed May 06 14:46:12 +0000 2015,#WeightLoss #Fit Aloe Vera Juice and Its Weight Loss Bene#fits http://t.co/Mu4669R1FF #Pacers #Healthy
Wed May 06 14:45:12 +0000 2015,#Collectible #Buzz AUSTIN CROSHERE 8x10 ACTION PHOTO @Conseco Fieldhouse INDIANA #Pacers #44… http://t.co/DI5iWsUPNe #Bestseller #Buy
Wed May 06 14:45:11 +0000 2015,#Sports #Goods REGGIE MILLER 8x10 Awesome #NBA Photo w/Ron Artest INDIANA #Pacers Vintage Picture http://t.co/GjCcN0d8nP #Forsale #onsale
Wed May 06 14:45:11 +0000 2015,#NBA #Basketball AUSTIN CROSHERE 8x10 ACTION PHOTO @Conseco Fieldhouse INDIANA #Pacers #44 vintage http://t.co/dhoNUDD1oq #eBay #Auction
Wed May 06 14:43:05 +0000 2015,L C #Sports #Goods 3XL XXXL Mens ROY HIBBERT INDIANA #Pacers #Jersey #55 Yellow/Gold Navy-Blue #Adidas #Forsale… http://t.co/taY5Ttv9l7
Wed May 06 14:41:43 +0000 2015,#IndianaPacers #Pacers #Indiana Player Review 2015: C.J. Watson http://t.co/bHwHD1nAnX
Wed May 06 14:40:09 +0000 2015,C.J. Miles is Getting His Shot Release Fixed For NBA 2K16 http://t.co/a7yFj4MXQ9 #Pacers #NBA
Wed May 06 14:37:21 +0000 2015,#IndianaPacers #Pacers #Indiana You Can Never Write Off Reggie Miller http://t.co/X80W7Ky7c6
Wed May 06 14:34:42 +0000 2015,Watch Miami Heat vs Boston Celtics Live stream NB| http://t.co/CD7GPKM4t3 #pacers
Wed May 06 14:33:21 +0000 2015,#Pacers Wire: Player Review 2015: C.J. Watson http://t.co/EwAM6pne2w http://t.co/CKcmzLQ8IS
Wed May 06 14:33:20 +0000 2015,#Pacers Wire: You Can Never Write Off Reggie Miller http://t.co/qDqybQK8pH http://t.co/CKcmzLQ8IS
Wed May 06 14:32:12 +0000 2015,L L #Collectible #Buzz George McGinnis #30 STITCHED 1972-73 Indiana #Pacers #Jersey by M #Bestseller #Buy http://t.co/qz21EIE4ed
Wed May 06 14:31:13 +0000 2015,#WeightLoss #Fit On Track With Dieting And Exercising - Is It Possible? http://t.co/5BB3Hd5rUw #Pacers #Healthy
Wed May 06 14:29:37 +0000 2015,#Collectible #Buzz REGGIE MILLER 8x10 Awesome #NBA Photo w/Ron Artest INDIANA #Pacers Vintage… http://t.co/vJxIOMGEmL #Bestseller #Buy
Wed May 06 14:29:37 +0000 2015,#Sports #Goods AUSTIN CROSHERE 8x10 ACTION PHOTO @Conseco Fieldhouse INDIANA #Pacers #44 vintage http://t.co/xogdov0WfM #Forsale #onsale
Wed May 06 14:29:36 +0000 2015,#NBA #Basketball Reggie Miller Jermaine O'Neal Indiana #Pacers Russian nesting dolls http://t.co/Sb2GThUrp5 #eBay #Auction
Wed May 06 14:26:37 +0000 2015,L #Sports #Goods Indiana #Pacers Vintage Rik Smits #Adidas #NBA Hardwood Classics Swingman #Jersey XL #Forsale… http://t.co/xIHs06XY4Q
Wed May 06 14:21:07 +0000 2015,L #NBA #Basketball Indiana #Pacers Vintage Rik Smits #Adidas NBA Hardwood Classics Swingman #Jersey XL #eBay… http://t.co/m21X2n6UGC
Wed May 06 14:17:51 +0000 2015,Indiana Pacers Basketball Bracelet Basketball by TeamSportsJewelry http://t.co/mFoDYmITtQ via @Etsy/#Basketball #Indiana #Pacers #NBA
Wed May 06 14:16:31 +0000 2015,L L B #Sports #Goods Indiana #Pacers Tradition In Blue and Gold 03-04 Central Division Champs Plaque #Forsale… http://t.co/wH2hUzZpMI
Wed May 06 14:13:36 +0000 2015,#Collectible #Buzz Reggie Miller Jermaine O'Neal Indiana #Pacers Russian nesting dolls http://t.co/BYs4EiBoJ3 #Bestseller #Buy
Wed May 06 14:13:35 +0000 2015,#Sports #Goods INDIANA #Pacers 8x10 #NBA ACTION PHOTO Reggie Miller &amp; Antonio Davis vs Shawn Kemp http://t.co/ZMa5OzzbtX #Forsale #onsale
Wed May 06 14:13:34 +0000 2015,#NBA #Basketball INDIANA #Pacers 8x10 NBA ACTION PHOTO Reggie Miller &amp; Antonio Davis vs Shawn Kemp http://t.co/VRyk1wcdST #eBay #Auction
Wed May 06 14:10:08 +0000 2015,Paul George Donates $10,000 to Help 10-Year-Old Girl http://t.co/0EFnbnhEUu #Pacers #NBA
Wed May 06 14:05:37 +0000 2015,L L B #NBA #Basketball 3XL XXXL Mens ROY HIBBERT INDIANA #Pacers #Jersey #55 Yellow/Gold Navy-Blue #Adidas #eBay… http://t.co/iwX1HbAw0F
Wed May 06 14:01:26 +0000 2015,#WeightLoss #Fit "Skinny-dipping" congressman targeted in ad awash with nude puns http://t.co/ysMkkPY17z #Pacers #Healthy
Wed May 06 14:01:25 +0000 2015,L B #Collectible #Buzz Indiana #Pacers Shorts #Bestseller #Buy http://t.co/OQf6I2QTE5
Wed May 06 13:59:40 +0000 2015,Paul George heading into prime years for Pacers, time to be the man| http://t.co/QVGekMEiyb #pacers
Wed May 06 13:58:12 +0000 2015,#Collectible #Buzz INDIANA #Pacers 8x10 #NBA ACTION PHOTO Reggie Miller &amp; Antonio Davis vs Shawn… http://t.co/NWEX3k9tpd #Bestseller #Buy
Wed May 06 13:58:11 +0000 2015,#Sports #Goods Reggie Miller Jermaine O'Neal Indiana #Pacers Russian nesting dolls http://t.co/KxtS7NxuEq #Forsale #onsale
Wed May 06 13:58:11 +0000 2015,#NBA #Basketball REGGIE MILLER 8x10 Awesome NBA Photo w/Ron Artest INDIANA #Pacers Vintage Picture http://t.co/9pSzYqOAgY #eBay #Auction
Wed May 06 13:51:12 +0000 2015,L D #Sports #Goods INDIANA #Pacers #NBA LICENSED 18 INCH ADULT SANTA HAT 1 #Forsale #onsale http://t.co/EDN9zx3Dh2
Wed May 06 13:46:08 +0000 2015,#WeightLoss #Fit Best Fat Loss Product - Drop That Weight http://t.co/KgDwQvY2nT #Pacers #Healthy
Wed May 06 13:40:16 +0000 2015,L L B #Sports #Goods 3XL XXXL Mens ROY HIBBERT INDIANA #Pacers #Jersey #55 Yellow/Gold Navy-Blue #Adidas #Forsale… http://t.co/GjmWilePDn
Wed May 06 13:40:07 +0000 2015,Paul George heading into prime years for Pacers, time to be the man http://t.co/1hYJ2f2VhK #Pacers #NBA
Wed May 06 13:35:18 +0000 2015,L #Collectible #Buzz George McGinnis #30 STITCHED 1972-73 Indiana #Pacers #Jersey by M #Bestseller #Buy http://t.co/pfW2LcC8JC
Wed May 06 13:31:22 +0000 2015,@pacersway Top of #pacers today! Tired of unwanted subscription emails? Try Unroll.Me: http://t.co/76NfmmP1Ld
Wed May 06 13:30:47 +0000 2015,RT @IndyStarSports: They dared Larry Legend to play baseball. So he did. Naturally, he hit .500: http://t.co/pkk405YKgN #Pacers http://t.co…
Wed May 06 13:24:10 +0000 2015,L #Sports #Goods George McGinnis #30 STITCHED 1972-73 Indiana #Pacers #Jersey by M #Forsale #onsale http://t.co/Hsw9HbziVL
Wed May 06 13:22:14 +0000 2015,#Pacers Tweets: Coming to Indy for a “fresh start,” Rodney Stuckey had a highly… http://t.co/08usTjxSXZ #NBA http://t.co/CKcmzLQ8IS
Wed May 06 13:22:01 +0000 2015,How is #isiahthomas still getting basketball jobs? He's failed at every post player basketball job he's had #Pacers #Knicks #FIU #allbusts
Wed May 06 13:19:05 +0000 2015,L #NBA #Basketball George McGinnis #30 STITCHED 1972-73 Indiana #Pacers #Jersey by M #eBay #Auction http://t.co/WpRUMwidkx
Wed May 06 13:16:19 +0000 2015,#WeightLoss #Fit "Skinny-dipping" congressman targeted in ad awash with nude puns http://t.co/cQEowbavxU #Pacers #Healthy
Wed May 06 13:10:26 +0000 2015,#Collectible #Buzz Indiana #Pacers Vintage Rik Smits #Adidas #NBA Hardwood Classics Swingman… http://t.co/SAkRGJKM7f #Bestseller #Buy
Wed May 06 13:10:25 +0000 2015,#Sports #Goods Indiana #Pacers Vintage Rik Smits #Adidas #NBA Hardwood Classics Swingman #Jersey XL http://t.co/ZzpLRnNE3A #Forsale #onsale
Wed May 06 13:10:24 +0000 2015,#NBA #Basketball Indiana #Pacers Vintage Rik Smits #Adidas NBA Hardwood Classics Swingman #Jersey XL http://t.co/nOjsihThmt #eBay #Auction
Wed May 06 13:10:07 +0000 2015,Pacers Help Wanted :Calling All Shooters http://t.co/1XPTPHD8eG #Pacers #NBA
Wed May 06 13:09:08 +0000 2015,L B #Sports #Goods Indiana #Pacers Tradition In Blue and Gold 03-04 Central Division Champs Plaque #Forsale… http://t.co/TCO5TQIrH6
Wed May 06 12:59:08 +0000 2015,L B #NBA #Basketball Indiana #Pacers Tradition In Blue and Gold 03-04 Central Division Champs Plaque #eBay… http://t.co/MeOXuvR3RW
Wed May 06 12:53:04 +0000 2015,L C #NBA #Basketball NEW NBA OFFICIAL BRAND BASKETBALL INDIANA #Pacers TWEED BALL CAP w/ TAGS #eBay #Auction http://t.co/2yd2ZI3eu2
Wed May 06 12:49:36 +0000 2015,Billy King Could Be Close To Extension With Nets| http://t.co/swUE9YgIig #pacers
Wed May 06 12:46:37 +0000 2015,#WeightLoss #Fit ReductionGuruMD Presents Ways to Improve Your Weight Loss Results http://t.co/UXQqrfpDh3 #Pacers #Healthy
