Wed May 06 16:28:11 +0000 2015,L #Detroit #Pistons Reebok Blue Chauncey Billups Detroit Pistons Basketball Jersey Youth XL 18-20 #NBA #Great #Deals http://t.co/9zN9SMdNN6
Wed May 06 16:23:05 +0000 2015,L L L #NBA #Basketball Richard Hamilton Detroit #Pistons #Jersey by Adidas Youth M 10-12 #Sales #Discount http://t.co/dVoHoCNaPe
Wed May 06 16:23:04 +0000 2015,#Solution #Fitness The Weight Loss Lifestyle http://t.co/89mxBc6Yk2 #Pistons #Skinny
Wed May 06 16:22:21 +0000 2015,#Collectible #Buzz adidas Detroit #Pistons Royal Blue Authentic On-Court Shorts 3XL +2 http://t.co/0bSW6nqwqg #eBay #Auction
Wed May 06 16:22:20 +0000 2015,#NBA #Basketball NWT Authentic NBA Detroit #Pistons Adidas Rev 30 Official NBA Game Shorts 6XL +4L http://t.co/6LI496zXJR #Sales #Discount
Wed May 06 16:22:20 +0000 2015,#Detroit #Pistons NBA 1990 World Champions Detroit Pistons Embossed Metal License Plate http://t.co/1hYH8ihMKQ #NBA #Great #Deals
Wed May 06 16:17:47 +0000 2015,L C #Detroit #Pistons Detorit Pistons Snapback #NBA #Great #Deals http://t.co/jX7yJw7eFZ
Wed May 06 16:15:14 +0000 2015,#Pistons https://t.co/V64qZjDLHK
Wed May 06 16:11:07 +0000 2015,RT @kc1nyk: Report: #Knicks expected to be one of #Pistons star C-PF Greg Monroe's top choices in UFA. #Celtics.
Wed May 06 16:11:02 +0000 2015,#NBA #Pistons - Pistons Mailbag - May 6, 2015: It's 50 days until the draft and 56 days... http://t.co/QlQywjz9dg http://t.co/lQmogZfBKD
Wed May 06 16:08:36 +0000 2015,http://t.co/EEkB0NdMH9: The Greek Freak | Detroit... http://t.co/MmK634SBUj #bucks #december #detroit #freak #greek #milwaukee #pistons
Wed May 06 16:08:07 +0000 2015,#Solution #Fitness Gerry Dulac's NFL Forecast: Week 8 http://t.co/apoOAc0O19 #Pistons #Skinny
Wed May 06 16:05:25 +0000 2015,Pistons Mailbag - May 6, 2015 #Pistons #Detroit http://t.co/foqVAqZ7wM
Wed May 06 16:04:26 +0000 2015,NBA roundup :Spurs crush Jazz, lead series 2-0| http://t.co/beu4aqKsyC #Pistons
Wed May 06 16:03:56 +0000 2015,#NBA #Pistons - Reebok Blue Chauncey Billups Detroit Pistons Basketball Jersey Youth XL... http://t.co/Qr8exRyc7d http://t.co/k33Sm3HFUt
Wed May 06 16:02:54 +0000 2015,Report: #Knicks expected to be one of #Pistons star C-PF Greg Monroe's top choices in UFA. #Celtics.
Wed May 06 16:01:20 +0000 2015,If the #Pistons got the No. 1 pick, would you trade it? Mailbag, hot off the press ... (Is the press still hot?)… http://t.co/COXMSGXXdd
Wed May 06 16:01:07 +0000 2015,L #Collectible #Buzz Grant Hill Vintage Detroit #Pistons #33 Authentic Champion #NBA Size 48 #Jersey #eBay #Auction http://t.co/dRoecPEnps
Wed May 06 15:52:34 +0000 2015,#Solution #Fitness Best Weight Loss Patch Helps to Reduce Food Carvings http://t.co/W8navdiE44 #Pistons #Skinny
Wed May 06 15:50:08 +0000 2015,L #Detroit #Pistons BIG BEN WALLACE 8x10 ACTION PHOTO @The Palace of Auburn Hills DETROIT PISTONS… #NBA #Great… http://t.co/1NU3Bdua2N
Wed May 06 15:40:10 +0000 2015,L L B #Detroit #Pistons BOYS- DETRIOT PISTONS jersey, &amp;amp;amp;amp;amp;amp; GRANT HILL #33 , MEDIUM [ 10-12 ] #NBA… http://t.co/DIgNVzys4C
Wed May 06 15:39:02 +0000 2015,RT @Keith_Langlois: If the #Pistons got the No. 1 pick, would you trade it? Mailbag, hot off the press ... (Is the press still hot?)//https…
Wed May 06 15:37:17 +0000 2015,#Solution #Fitness Nutrition Plans For Weight Loss http://t.co/ap2GqoiKly #Pistons #Skinny
Wed May 06 15:34:24 +0000 2015,★ #Pistons | Pistons Mailbag - May 6, 2015 http://t.co/mVLJLQlqRh | #NBA #Hoops  | http://t.co/CRvRXE0Sd3
Wed May 06 15:34:16 +0000 2015,L #Collectible #Buzz #NBA #Basketball Auto Car Head Rest Covers - Detroit #Pistons *#Jersey Version* #eBay #Auction http://t.co/sH7emWOh5v
Wed May 06 15:34:15 +0000 2015,#Detroit #Pistons NBA Basketball Auto Car Head Rest Covers - Detroit Pistons *Jersey Version* http://t.co/KItgHe0e9y #NBA #Great #Deals
Wed May 06 15:32:27 +0000 2015,RT @Keith_Langlois: If the #Pistons got the No. 1 pick, would you trade it? Mailbag, hot off the press ... (Is the press still hot?)//https…
Wed May 06 15:31:34 +0000 2015,RT @Keith_Langlois: If the #Pistons got the No. 1 pick, would you trade it? Mailbag, hot off the press ... (Is the press still hot?)//https…
Wed May 06 15:26:46 +0000 2015,RT @Keith_Langlois: If the #Pistons got the No. 1 pick, would you trade it? Mailbag, hot off the press ... (Is the press still hot?)//https…
Wed May 06 15:24:08 +0000 2015,L #NBA #Basketball BIG BEN WALLACE 8x10 ACTION PHOTO @The Palace of Auburn Hills DETROIT #Pistons #3 #Sales… http://t.co/sxvjouDrFo
Wed May 06 15:23:31 +0000 2015,RT @Keith_Langlois: If the #Pistons got the No. 1 pick, would you trade it? Mailbag, hot off the press ... (Is the press still hot?)//https…
Wed May 06 15:20:32 +0000 2015,RT @Keith_Langlois: If the #Pistons got the No. 1 pick, would you trade it? Mailbag, hot off the press ... (Is the press still hot?)//https…
Wed May 06 15:19:16 +0000 2015,L #Detroit #Pistons Detroit Pistons Adidas NBA Blue #3 Stuckey Jersey T-Shirt Size Large ~EUC~ #NBA #Great #Deals http://t.co/mVVEpyai0a
Wed May 06 15:18:52 +0000 2015,RT @Keith_Langlois: If the #Pistons got the No. 1 pick, would you trade it? Mailbag, hot off the press ... (Is the press still hot?)//https…
Wed May 06 15:18:12 +0000 2015,RT @Keith_Langlois: If the #Pistons got the No. 1 pick, would you trade it? Mailbag, hot off the press ... (Is the press still hot?)//https…
Wed May 06 15:17:35 +0000 2015,#Collectible #Buzz Reebok Blue Chauncey Billups Detroit #Pistons #Basketball #Jersey Youth XL 18-20 http://t.co/Zkbe1trtCH #eBay #Auction
Wed May 06 15:17:06 +0000 2015,#NBA #Basketball Reebok Blue Chauncey Billups Detroit #Pistons Basketball #Jersey Youth XL 18-20 http://t.co/1Cwc1OAg5i #Sales #Discount
Wed May 06 15:17:05 +0000 2015,#Detroit #Pistons Reebok Blue Chauncey Billups Detroit Pistons Basketball Jersey Youth XL 18-20 http://t.co/dFG94qNWWK #NBA #Great #Deals
Wed May 06 15:15:46 +0000 2015,RT @Keith_Langlois: If the #Pistons got the No. 1 pick, would you trade it? Mailbag, hot off the press ... (Is the press still hot?)//https…
Wed May 06 15:13:43 +0000 2015,L L #NBA #Basketball Richard Hamilton Detroit #Pistons #Jersey by Adidas Youth M 10-12 #Sales #Discount http://t.co/rZNM6gvRml
Wed May 06 15:13:42 +0000 2015,If the #Pistons got the No. 1 pick, would you trade it? Mailbag, hot off the press ... (Is the press still hot?)//https://t.co/G2WxTcOtiW
Wed May 06 15:09:39 +0000 2015,New Detroit Pistons Rumors. Tuesday, May 5 2015| http://t.co/tYWh6WdL2y #Pistons
Wed May 06 15:07:19 +0000 2015,http://t.co/QgDJRG8ddN #Detroit #Pistons Grant Hill Vintage Detroit Pistons #33 Authentic Champion NBA Size 48 Jersey …
Wed May 06 15:07:13 +0000 2015,http://t.co/QgDJRG8ddN L L B #Detroit #Pistons Detorit Pistons Snapback #NBA #Great #Deals http://t.co/3f9AguCFvr
Wed May 06 15:07:05 +0000 2015,#Solution #Fitness Foods That Burn Fat and Lose Weight http://t.co/xJuqNoNeUn #Pistons #Skinny
Wed May 06 15:03:07 +0000 2015,L #NBA #Basketball NBA Basketball Auto Car Head Rest Covers - Detroit #Pistons *#Jersey Version* #Sales #Discount http://t.co/AmfIvSrdau
Wed May 06 15:01:37 +0000 2015,#Collectible #Buzz BIG BEN WALLACE 8x10 ACTION PHOTO @The Palace of Auburn Hills DETROIT #Pistons #3 http://t.co/AV441dWN6j #eBay #Auction
Wed May 06 15:01:36 +0000 2015,#Detroit #Pistons Grant Hill Vintage Detroit Pistons #33 Authentic Champion NBA Size 48 Jersey http://t.co/Bln2Z5ntQw #NBA #Great #Deals
Wed May 06 14:58:21 +0000 2015,L L B #Detroit #Pistons Detorit Pistons Snapback #NBA #Great #Deals http://t.co/yHIsp3qhXe
Wed May 06 14:52:03 +0000 2015,#Solution #Fitness Maintaining Proper Diet and Weight Loss for a 3 Month Body Transformation http://t.co/bR3H8vGl0d #Pistons #Skinny
Wed May 06 14:47:56 +0000 2015,#Pistons star C-PF Greg Monroe said neither he or his agent have a deal in place with #Knicks. #Celtics.
Wed May 06 14:46:36 +0000 2015,RT DetroitPistonsv: #Detroit #Pistons BIG BEN WALLACE 8x10 ACTION PHOTO The Palace of Auburn Hills DETROIT PISTONS… http://t.co/OYOzoLfH8R
Wed May 06 14:46:29 +0000 2015,#Pistons SF-SG Caron Butler said he wants to remain with the Pistons next season. If he's cut, he said he'd only look at true contenders.
Wed May 06 14:45:13 +0000 2015,#Collectible #Buzz Grant Hill Vintage Detroit #Pistons #33 Authentic Champion #NBA Size 48 #Jersey http://t.co/1wsDjGU7QX #eBay #Auction
Wed May 06 14:45:12 +0000 2015,#NBA #Basketball Detroit #Pistons Adidas NBA Blue #3 Stuckey #Jersey T-Shirt Size Large ~EUC~ http://t.co/HMko6yJRzW #Sales #Discount
Wed May 06 14:45:11 +0000 2015,#Detroit #Pistons BIG BEN WALLACE 8x10 ACTION PHOTO @The Palace of Auburn Hills DETROIT PISTONS… http://t.co/it48MCoEjs #NBA #Great #Deals
Wed May 06 14:43:07 +0000 2015,L B #Detroit #Pistons BOYS- DETRIOT PISTONS jersey, &amp;amp;amp;amp;amp; GRANT HILL #33 , MEDIUM [ 10-12 ] #NBA #Great… http://t.co/QZCsZuGbzl
Wed May 06 14:42:42 +0000 2015,#NBA #Pistons - Detroit Pistons Adidas NBA Blue #3 Stuckey Jersey T-Shirt Size Large ~E... http://t.co/D8Ktw7QvZN http://t.co/k33Sm3HFUt
Wed May 06 14:42:42 +0000 2015,#NBA #Pistons - NBA Basketball Auto Car Head Rest Covers - Detroit Pistons *Jersey Vers... http://t.co/z5gZMgMNOj http://t.co/k33Sm3HFUt
Wed May 06 14:42:42 +0000 2015,#NBA #Pistons - BIG BEN WALLACE 8x10 ACTION PHOTO @The Palace of Auburn Hills DETROIT P... http://t.co/ppekP4K81g http://t.co/k33Sm3HFUt
Wed May 06 14:42:41 +0000 2015,#NBA #Pistons - Detroit Piston Casual Shirt ~ Size Youth Medium:  $3.99End Date: Friday... http://t.co/BGtSUjNDuQ http://t.co/k33Sm3HFUt
Wed May 06 14:36:06 +0000 2015,#Solution #Fitness Fitness Secret Weapon: Kale http://t.co/Vl0yGBY4fG #Pistons #Skinny
Wed May 06 14:35:50 +0000 2015,Report: #Pistons head coach and president Stan Van Gundy did not sour on SG Jodie Meeks.
Wed May 06 14:35:20 +0000 2015,Report: #Knicks could be interested in #Warriors star PF-SF Draymond Green in RFA. #Pistons.
Wed May 06 14:34:37 +0000 2015,Tom and Holly Gores Partner with Magic Johnson in $1 Million Campaign for Lansing Promise| http://t.co/od76OGZ9hJ #Pistons
Wed May 06 14:32:08 +0000 2015,L L B #NBA #Basketball KELLY TRIPUCKA UNSIGNED DETROIT #Pistons 8X10 PHOTO #Sales #Discount http://t.co/uq1AZMqFzD
Wed May 06 14:31:12 +0000 2015,One league executive had said #Pistons star C-PF Greg Monroe to #Knicks in UFA is about as close to a done deal as you can get. #Celtics.
Wed May 06 14:31:12 +0000 2015,RT DetroitPistonsv: #Detroit #Pistons Detroit Pistons Adidas NBA Blue #3 Stuckey Jersey T-Shirt Size Large ~EUC~ … http://t.co/OYOzoLfH8R
Wed May 06 14:29:38 +0000 2015,#Collectible #Buzz #NBA #Basketball Auto Car Head Rest Covers - Detroit #Pistons *#Jersey Version* http://t.co/E9a05wLI9z #eBay #Auction
Wed May 06 14:29:38 +0000 2015,#NBA #Basketball BIG BEN WALLACE 8x10 ACTION PHOTO @The Palace of Auburn Hills DETROIT #Pistons #3 http://t.co/wjBxzZBkhU #Sales #Discount
Wed May 06 14:29:37 +0000 2015,#Detroit #Pistons Detroit Pistons Adidas NBA Blue #3 Stuckey Jersey T-Shirt Size Large ~EUC~ http://t.co/w0dFRPn4Ny #NBA #Great #Deals
Wed May 06 14:26:35 +0000 2015,L L #NBA #Basketball Vintage Ben Wallace #3 STITCHED 1980 Retro Detroit #Pistons #Jersey, Nike, Youth S #Sales… http://t.co/SamarV0mox
Wed May 06 14:21:06 +0000 2015,L #Collectible #Buzz Richard Hamilton Detroit #Pistons #Jersey by Adidas Youth M 10-12 #eBay #Auction http://t.co/qwYHLUz80y
Wed May 06 14:21:05 +0000 2015,#Solution #Fitness Aloe Vera Juice and Its Weight Loss Benefits http://t.co/HtZe0SBTOY #Pistons #Skinny
Wed May 06 14:16:11 +0000 2015,L #NBA #Basketball Richard Hamilton Detroit #Pistons #Jersey by Adidas Youth M 10-12 #Sales #Discount http://t.co/iTNaxQrODY
Wed May 06 14:16:03 +0000 2015,2014-15 Pistons player reviews: Quincy Miller #miller #season #pistons #game #he #games #chance #signed #time http://t.co/u8Q12Uq9gc
Wed May 06 14:15:53 +0000 2015,RT DetroitPistonsv: #Detroit #Pistons Detroit Piston Casual Shirt ~ Size Youth Medium http://t.co/CsaUFQTO1x; #NB… http://t.co/OYOzoLfH8R
Wed May 06 14:13:36 +0000 2015,#Collectible #Buzz Detroit #Pistons Adidas #NBA Blue #3 Stuckey #Jersey T-Shirt Size Large ~EUC~ http://t.co/1f2canUCBo #eBay #Auction
Wed May 06 14:13:35 +0000 2015,#NBA #Basketball NBA Basketball Auto Car Head Rest Covers - Detroit #Pistons *#Jersey Version* http://t.co/9sLMQ01Voc #Sales #Discount
Wed May 06 14:13:34 +0000 2015,#Detroit #Pistons Detroit Piston Casual Shirt ~ Size Youth Medium http://t.co/6g0fH1Xaqe #NBA #Great #Deals
Wed May 06 14:10:39 +0000 2015,L B #NBA #Basketball Detorit #Pistons Snapback #Sales #Discount http://t.co/jhphifHbMK
Wed May 06 14:05:09 +0000 2015,http://t.co/EEkB0NdMH9: Detroit Pistons vs.... http://t.co/HxDfuOmC1p #basketball #clippers #detroit #odds #pistons #prediction #preview
Wed May 06 14:00:44 +0000 2015,RT DetroitPistonsv: #Detroit #Pistons Vintage 90's Champion Detroit Pistons #33 Grant Hill NBA Jersey Adult Size 4… http://t.co/OYOzoLfH8R
Wed May 06 14:00:18 +0000 2015,【NBA】史上最強のヒール！デトロイト・"バッドボーイズ"・ピストンズ #nba #Pistons - NAVER まとめ http://t.co/b7jWYK0cqk #nbajp #懐かしいNBA
Wed May 06 13:59:39 +0000 2015,L B #Detroit #Pistons Detorit Pistons Snapback #NBA #Great #Deals http://t.co/UvVdN4CXWp
Wed May 06 13:58:19 +0000 2015,RT @DetroitPistons: Answer our @MichiganFirstCU #Pistons trivia by noon for the chance to win a basketball 🏀 signed by @AndreDrummondd! htt…
Wed May 06 13:58:08 +0000 2015,#Detroit #Pistons Vintage 90's Champion Detroit Pistons #33 Grant Hill NBA Jersey Adult Size 44 L http://t.co/bbi9Rr7lXI #NBA #Great #Deals
Wed May 06 13:54:06 +0000 2015,L L L #NBA #Basketball BOYS- DETRIOT #Pistons #Jersey, &amp;amp;amp;amp; GRANT HILL #33 , MEDIUM [ 10-12 ] #Sales… http://t.co/ZdnHVwykA2
Wed May 06 13:53:50 +0000 2015,#Detroit #Pistons 2014-15 Player Recap: Brandon Jennings: He missed three games, then strug... http://t.co/wvSktJDC0a #DetroitBasketball
Wed May 06 13:51:06 +0000 2015,#Solution #Fitness Tape Wrap Around Your Finger to Shed Weight http://t.co/bpgOMhygHn #Pistons #Skinny
Wed May 06 13:50:08 +0000 2015,RT @DetroitPistons: Answer our @MichiganFirstCU #Pistons trivia by noon for the chance to win a basketball 🏀 signed by @AndreDrummondd! htt…
Wed May 06 13:48:51 +0000 2015,RT @DetroitPistons: Answer our @MichiganFirstCU #Pistons trivia by noon for the chance to win a basketball 🏀 signed by @AndreDrummondd! htt…
Wed May 06 13:47:13 +0000 2015,RT @DetroitPistons: Answer our @MichiganFirstCU #Pistons trivia by noon for the chance to win a basketball 🏀 signed by @AndreDrummondd! htt…
Wed May 06 13:46:06 +0000 2015,RT @DetroitPistons: Answer our @MichiganFirstCU #Pistons trivia by noon for the chance to win a basketball 🏀 signed by @AndreDrummondd! htt…
Wed May 06 13:46:01 +0000 2015,RT DetroitPistonsv: L L L #Detroit #Pistons BOYS- DETRIOT PISTONS jersey, &amp;amp;amp; GRANT HILL #33 , MEDIUM [ 10-1… http://t.co/OYOzoLfH8R
Wed May 06 13:45:54 +0000 2015,RT @DetroitPistons: Answer our @MichiganFirstCU #Pistons trivia by noon for the chance to win a basketball 🏀 signed by @AndreDrummondd! htt…
Wed May 06 13:44:06 +0000 2015,L L L #Detroit #Pistons BOYS- DETRIOT PISTONS jersey, &amp;amp;amp;amp; GRANT HILL #33 , MEDIUM [ 10-12 ] #NBA #Great… http://t.co/gEGF1HI7bt
Wed May 06 13:42:06 +0000 2015,Answer our @MichiganFirstCU #Pistons trivia by noon for the chance to win a basketball 🏀 signed by @AndreDrummondd! http://t.co/AAneFJSVcy
Wed May 06 13:35:06 +0000 2015,#Solution #Fitness Maintaining Proper Diet and Weight Loss for a 3 Month Body Transformation http://t.co/V3klHIvHb0 #Pistons #Skinny
Wed May 06 13:34:06 +0000 2015,L B #NBA #Basketball KELLY TRIPUCKA UNSIGNED DETROIT #Pistons 8X10 PHOTO #Sales #Discount http://t.co/Al2yd2MOO9
