Wed May 06 16:25:20 +0000 2015,#RaptorNation Toronto Raptors's Photos: Kevin Petry Way under used than got blamed for his d... http://t.co/3TgEubdrrW #raptors #toronto
Wed May 06 16:24:44 +0000 2015,RT @_BTO: If you're near #Norwich on 16th May, @NNFest are hosting a debate about #Raptors - looks interesting! @WritersCentre http://t.co/…
Wed May 06 16:23:30 +0000 2015,RT @_BTO: If you're near #Norwich on 16th May, @NNFest are hosting a debate about #Raptors - looks interesting! @WritersCentre http://t.co/…
Wed May 06 16:19:34 +0000 2015,If you're near #Norwich on 16th May, @NNFest are hosting a debate about #Raptors - looks interesting! @WritersCentre http://t.co/RLAZzpzoqk
Wed May 06 16:19:15 +0000 2015,#ESPN #Raptors Report: Transparent voting makes the process better http://t.co/kix9Sc5xTe http://t.co/ZIEDNzMTaa
Wed May 06 16:18:31 +0000 2015,Hey #Spokane, want to test drive a new Ford while helping out a #nonprofit? #mustangs #raptors #thelistgoeson https://t.co/IFc8nAlIED
Wed May 06 16:15:08 +0000 2015,2014/15 D-League Usage Report :Grizzlies http://t.co/VJu1Y6yc5G #Raptors #NBA
Wed May 06 16:03:56 +0000 2015,RT @SmithRaps: #raptors blog: A fascinating and inexplicable hiring has Isiah in the spotlight again http://t.co/hjelMHXFVG
Wed May 06 16:03:53 +0000 2015,Toronto Raptors ponder Dwane Caseyâs fate, Jonas Valanciunasâs future :A look at the off-season| http://t.co/K3kjzCwHoe #Raptors
Wed May 06 16:01:53 +0000 2015,#raptors blog: A fascinating and inexplicable hiring has Isiah in the spotlight again http://t.co/hjelMHXFVG
Wed May 06 16:01:05 +0000 2015,What should the Raptors do with DeMar DeRozan? http://t.co/uHimnQssId #Raptors #NBA http://t.co/7URr95YFTu
Wed May 06 15:57:23 +0000 2015,New laptop background is pretty sweet jurassicworld #raptors https://t.co/qCZQfPRYP5
Wed May 06 15:55:04 +0000 2015,Western Notes :Pelicans, Curry, Batum http://t.co/QmsXCm0M5s #Raptors #NBA
Wed May 06 15:48:15 +0000 2015,RT @TRaptorsfan: Poll :What should the Raptors do with DeMar DeRozan? http://t.co/c8enVARyoy #Raptors #NBA
Wed May 06 15:39:13 +0000 2015,#Raptors Tweets: . RT @TSNDrive: @Raptors GM Masai Ujiri will be on with @TSNDaveNaylor and @dfeschuk today at… #NBA http://t.co/07uUyPGgi5
Wed May 06 15:30:18 +0000 2015,Poll :What should the Raptors do with DeMar DeRozan? http://t.co/c8enVARyoy #Raptors #NBA
Wed May 06 15:28:51 +0000 2015,dedman's Final 2012 NBA Mockery| http://t.co/RwTU0GcjFC #Raptors
Wed May 06 15:25:54 +0000 2015,RT @IamJJ3: Oh yea Next Year - Is OUR Year //NO I IN WE//#Raptors/#RTZ/#WeThe3 /#Wethenorth //save the file
Wed May 06 15:19:07 +0000 2015,RT @TRaptorsfan: Raptors Ambassador Drake set to open exclusive club at the ACC http://t.co/DKDAt4HMzm #Raptors #NBA
Wed May 06 15:10:18 +0000 2015,Raptors Ambassador Drake set to open exclusive club at the ACC http://t.co/DKDAt4HMzm #Raptors #NBA
Wed May 06 15:09:06 +0000 2015,Details murky on where Raptors-affiliated team would fit in NBA D-League| http://t.co/UoW663xmOw #Raptors
Wed May 06 15:04:53 +0000 2015,#NBA #Raptors- Rare NWT Authentic ADIDAS Toronto Raptors  PRO-CUT GAME NBA Shorts Men 3... http://t.co/blxt1Bxqoq http://t.co/k33Sm3HFUt
Wed May 06 15:04:52 +0000 2015,#NBA #Raptors- Toronto Raptors NBA Cap Hat Basketball Black Purple New Era 59FIFTY Fitt... http://t.co/Zg4qEcDAca http://t.co/k33Sm3HFUt
Wed May 06 15:04:24 +0000 2015,#RaptorNation Atlanta fans learn nothing from Raptors series, chant insults at Paul Pierce: ... http://t.co/SqcniRC6Dw #raptors #toronto
Wed May 06 15:04:12 +0000 2015,@DegreeCA @Klow7  I use mine everyday #loveit #newfave #raptors #degreecanada #trydry
Wed May 06 14:50:17 +0000 2015,Terrence Ross :When Potential Clouds Reality http://t.co/22vkMoYa28 #Raptors #NBA
Wed May 06 14:43:33 +0000 2015,LiZa on Twitter: "http://t.co/uLYIwe20GL #Raptors ☇ Bruno Caboclo, prospects big winners as… http://t.co/UE1reywLwP
Wed May 06 14:41:00 +0000 2015,Happy birthday @JValanciunas! You are like a cute little brother, I love you! Victory baby! #birthdayboy #Raptors #baller
Wed May 06 14:35:37 +0000 2015,#Raptors Tweets: Happy 23rd Birthday to @JValanciunas today! http://t.co/pjGiD9NKqL #NBA http://t.co/07uUyPXR9D
Wed May 06 14:32:55 +0000 2015,Happy birthday to the bae Jonas Valancuinas 😍😍 #raptors #23
Wed May 06 14:32:17 +0000 2015,» http://t.co/KVzZcboc9y Raptors #Raptors The Raptors collapse means it s time to blow the team up 815 http://t.co/IHQzOaHEJf
Wed May 06 14:30:22 +0000 2015,http://t.co/uLYIwe20GL #Raptors ☇ Bruno Caboclo, prospects big winners as Raptors get go-ahead to buy D Bruno Cabocl… http://t.co/3ESjFdSLEr
Wed May 06 14:30:16 +0000 2015,Poll :What should the Raptors do with Terrence Ross? http://t.co/73z5TqdB0a #Raptors #NBA
Wed May 06 14:26:55 +0000 2015,#TheSocialCTV #CBC #GMA, #UEFA #MetGala #Kimmel #JimmyFallon #Kimkardashian #StanleyCup #Raptors #Rangers #chinh482? https://t.co/j7gZ6m4mWE
Wed May 06 14:23:16 +0000 2015,RT @Brunoskull5: He's only 23 yrs old @JValanciunas #Raptors #RTZ #HappyBdayToFutureAllstar http://t.co/F5p9XLWp4w
Wed May 06 14:10:44 +0000 2015,He's only 23 yrs old @JValanciunas #Raptors #RTZ #HappyBdayToFutureAllstar http://t.co/F5p9XLWp4w
Wed May 06 14:10:16 +0000 2015,Raptors’ off-season decisions will reveal Ujiri’s vision :Arthur http://t.co/zO62kgTE9S #Raptors #NBA
Wed May 06 14:08:11 +0000 2015,http://t.co/zDBxr2iJO4 The balance of change and continuity moving forward #Raptors The balance of change and contin… http://t.co/NL8LMlVZyU
Wed May 06 14:04:13 +0000 2015,Florida Crested Caracara at Dinner Island Ranch.. http://t.co/8hbOR9qgDM #bird #birds #of #prey #crested #caracara #raptors
Wed May 06 13:59:02 +0000 2015,Toronto Raptors just the latest team to disappoint :A history of failure among Toronto sports teams| http://t.co/gz5HoWwHYY #Raptors
Wed May 06 13:57:25 +0000 2015,if the rumours abt the #Bulls wanting to fire Tom Thibodeau are true .. Masai Ujiri and the #Raptors have to throw everything they can @ him
Wed May 06 13:55:05 +0000 2015,Thompson, Griffin, Gibson http://t.co/3ZXdjk3UmY #Raptors #NBA http://t.co/NrOQbBOXGr
Wed May 06 13:50:15 +0000 2015,Lowry shouldn’t have say in future of coach :Feschuk http://t.co/RVC9DqN4J4 #Raptors #NBA
Wed May 06 13:44:16 +0000 2015,#Celtics mascot vs #Raptors mascot in a dance-off http://t.co/L2XpfTOKDJ http://t.co/ipvepaCdNy
Wed May 06 13:43:51 +0000 2015,Is Coach Thibs on his way out of #Chicago making it easier for Masai to bring him in as HIS coach for the #Raptors? #RTZ #NBA #NBAPlayoffs
Wed May 06 13:43:29 +0000 2015,#BlueJays #MapleLeafs #Raptors News is out! http://t.co/Pw5yjuCwy2 Stories via @simmonssteve @_candiceKaye_ @DaveZarum
Wed May 06 13:43:08 +0000 2015,#RaptorNation John Wall's left hand injury could cost the Wizards in series vs. Hawks: So, w... http://t.co/e9V4gwz87o #raptors #toronto
Wed May 06 13:42:28 +0000 2015,RT @BritneyWaldron: Went to @thesocial and took a photo with legendary @mopete24 ! He's soo nice! #yyz #Toronto #Raptors #sports http://t.c…
Wed May 06 13:30:14 +0000 2015,Details murky on where Raptors-affiliated team would fit in NBA D-League http://t.co/vsxsPmHzom #Raptors #NBA
Wed May 06 13:26:52 +0000 2015,RT @IamJJ3: Oh yea Next Year - Is OUR Year //NO I IN WE//#Raptors/#RTZ/#WeThe3 /#Wethenorth //save the file
Wed May 06 13:24:00 +0000 2015,Lowry shouldnât have say in future of coach :Feschuk| http://t.co/sWepFTUc3G #Raptors
Wed May 06 13:10:14 +0000 2015,Five possible homes for Raptors proposed NBA D-League team http://t.co/V1z1kkKV1j #Raptors #NBA
Wed May 06 13:08:29 +0000 2015,RT @PHOTOSintheWILD: Red Tailed Hawk at HoleyLand WMA http://t.co/tKfoeQdFiP #birds #hawks #raptors #red-tailed #hawk
Wed May 06 13:08:11 +0000 2015,#TorontoRaptors #Raptors #Toronto Trade, Keep, Release (Part 1) http://t.co/Blrn7Dcp2M
Wed May 06 13:03:06 +0000 2015,Red Tailed Hawk at HoleyLand WMA http://t.co/tKfoeQdFiP #birds #hawks #raptors #red-tailed #hawk
Wed May 06 12:50:13 +0000 2015,Central Notes :Thompson, Griffin, Gibson http://t.co/crlrpvaHzV #Raptors #NBA
Wed May 06 12:30:12 +0000 2015,2014/15 D-League Usage Report :Grizzlies http://t.co/VJu1Y6yc5G #Raptors #NBA
Wed May 06 12:22:10 +0000 2015,Osprey at HoleyLand WMA http://t.co/b2nNw4U0ZM #bird #birds #of #prey #raptors
Wed May 06 12:21:26 +0000 2015,Osprey at HoleyLand WMA http://t.co/dFaIwRvIDX #bird #birds #of #prey #raptors
Wed May 06 12:13:56 +0000 2015,Rivers :Dwight Howard Hasn't Played This Athletic Since Magic Days| http://t.co/c2WOe9bqxv #Raptors
Wed May 06 12:10:04 +0000 2015,Western Notes :Pelicans, Curry, Batum http://t.co/QmsXCm0M5s #Raptors #NBA
Wed May 06 11:45:13 +0000 2015,Poll :What should the Raptors do with DeMar DeRozan? http://t.co/c8enVARyoy #Raptors #NBA
Wed May 06 11:39:31 +0000 2015,http://t.co/EEkB0NdMH9: New... http://t.co/BTXeVJehhc #boston #celtics #highlights #knicks #october #preseason #raptors #toronto #york
Wed May 06 11:38:54 +0000 2015,Blazers To Have Substantial Cap Space If LaMarcus Aldridge Leaves| http://t.co/wZFvxDL9sf #Raptors
Wed May 06 11:37:02 +0000 2015,#TorontoRaptors #Raptors #Toronto Morning Coffee – Wed, May 6 http://t.co/dhPFxzzeNI
Wed May 06 11:25:12 +0000 2015,Raptors Ambassador Drake set to open exclusive club at the ACC http://t.co/DKDAt4HMzm #Raptors #NBA
Wed May 06 11:10:05 +0000 2015,Toronto #Raptors  Rumors: Tristan Thompson Is A Worthwhile Target @RantSports http://t.co/1vuiYDuE0a
Wed May 06 11:05:11 +0000 2015,Terrence Ross :When Potential Clouds Reality http://t.co/22vkMoYa28 #Raptors #NBA
Wed May 06 11:04:32 +0000 2015,This is my son Earls school agenda. Special day today, Happy Birthday @JValanciunas #Raptors #17 http://t.co/waqBd6DhnW
Wed May 06 11:01:35 +0000 2015,What should the Raptors do with Terrence Ross? http://t.co/xAVgAZnyko #Raptors #NBA http://t.co/o2aACSVZCH
Wed May 06 11:01:07 +0000 2015,Hawk at Dinner Island Ranch WMA http://t.co/WGQpn2BS8H #bird #photography #birding #raptors #hawk
Wed May 06 10:46:52 +0000 2015,SO to sotosworld78 of the #Reading #Raptors stylin our s_h_o_c sky blue iridium visor in his #Riddell… https://t.co/xHJgMmUMQW
Wed May 06 10:45:11 +0000 2015,Poll :What should the Raptors do with Terrence Ross? http://t.co/73z5TqdB0a #Raptors #NBA
Wed May 06 10:34:18 +0000 2015,RT @FordTrucks: Don't make any sudden movements. These #Ford #Raptors are primed for an attack. http://t.co/kOrNxtoLGq
Wed May 06 10:29:58 +0000 2015,Five possible homes for Raptors proposed NBA D-League team http://t.co/UlJoje7F0r #Raptors #NBA http://t.co/SPvdJ483IQ
Wed May 06 10:25:54 +0000 2015,Because #Raptors @ Athens International Airport https://t.co/rDBJEc2tnv
Wed May 06 10:25:10 +0000 2015,Raptors’ off-season decisions will reveal Ujiri’s vision :Arthur http://t.co/zO62kgTE9S #Raptors #NBA
Wed May 06 10:25:04 +0000 2015,@TheWorshyp 1Tweet4 @OurRaptorsX2, Follow #Raptors News, UTubes, Player Tweets, Stats and More! Visit http://t.co/2EmsA2ahiG RT!
Wed May 06 10:08:07 +0000 2015,#JurassicWorld #jurassicpark #velociraptor #deinonychus #dinosaur #raptorjesus #Raptors http://t.co/jG3h4jKlCI
Wed May 06 10:05:10 +0000 2015,Lowry shouldn’t have say in future of coach :Feschuk http://t.co/RVC9DqN4J4 #Raptors #NBA
Wed May 06 09:58:27 +0000 2015,Florida Crested Caracara at Dinner Island Ranch.. http://t.co/vRzzjsVmVl #bird #birds #of #prey #crested #caracara #raptors
Wed May 06 09:54:13 +0000 2015,Toronto Raptors GM Masai Ujiri on coach Dwane Caseyâs future, Kyle Lowryâs health and Paul Pierce| http://t.co/XZvkNATiWW #Raptors
Wed May 06 09:47:58 +0000 2015,#NBA #Raptors- New! Toronto Raptors New Era Fitted Cap 7 1/2 NBA HARDWOOD CLASSICS all ... http://t.co/Snj8OB87dr http://t.co/k33Sm3HFUt
Wed May 06 09:45:09 +0000 2015,Details murky on where Raptors-affiliated team would fit in NBA D-League http://t.co/vsxsPmHzom #Raptors #NBA
Wed May 06 09:38:27 +0000 2015,http://t.co/K4uDcjLKtS http://t.co/K4uDcjLKtS Hello World!! Pollos de búho chico #buho #aves #rapaces #pollos #crias #raptors #owl #ani…
Wed May 06 09:38:26 +0000 2015,http://t.co/K4uDcjLKtS http://t.co/K4uDcju95i Hello World!! Pollos de búho chico #buho #aves #rapaces #pollos #crias #raptors #owl #ani…
Wed May 06 09:25:09 +0000 2015,Five possible homes for Raptors proposed NBA D-League team http://t.co/V1z1kkKV1j #Raptors #NBA
Wed May 06 09:24:09 +0000 2015,http://t.co/pO072T7Ehx Hello World!! Pollos de búho chico #buho #aves #rapaces #pollos #crias #raptors #owl #animals #wild #nature... … …
Wed May 06 09:22:08 +0000 2015,http://t.co/K4uDcju95i Hello World!! Pollos de búho chico #buho #aves #rapaces #pollos #crias #raptors #owl #animals #wild #nature... …
Wed May 06 09:19:11 +0000 2015,Attendance up despite losing season| http://t.co/94WxcbclLG #Raptors
Wed May 06 09:14:02 +0000 2015,http://t.co/xHTwAkG6oT #Raptors ☇ Poll: What should the Raptors do with Terrence Ross? Poll: What should the Raptors do with Terrence Ross?
Wed May 06 09:10:19 +0000 2015,Hello World!! Pollos de búho chico #buho #aves #rapaces #pollos #crias #raptors #owl #animals #wild #nature... http://t.co/sa2Fxy9Y9L//— …
Wed May 06 09:09:18 +0000 2015,Hello World!! Pollos de búho chico #buho #aves #rapaces #pollos #crias #raptors #owl #animals #wild #nature... http://t.co/A8qIGpEmAf
Wed May 06 09:05:08 +0000 2015,Central Notes :Thompson, Griffin, Gibson http://t.co/crlrpvaHzV #Raptors #NBA
Wed May 06 08:45:07 +0000 2015,2014/15 D-League Usage Report :Grizzlies http://t.co/VJu1Y6yc5G #Raptors #NBA
Wed May 06 08:25:04 +0000 2015,Western Notes :Pelicans, Curry, Batum http://t.co/QmsXCm0M5s #Raptors #NBA
Wed May 06 08:09:07 +0000 2015,Raptors Update| http://t.co/90vAjc8wMc #Raptors
Wed May 06 08:00:19 +0000 2015,Poll :What should the Raptors do with DeMar DeRozan? http://t.co/c8enVARyoy #Raptors #NBA
Wed May 06 07:49:17 +0000 2015,The raptors are the Beyonces of the world. They can do anything. BAE. #Raptors #JurassicPark #IKid
Wed May 06 07:40:18 +0000 2015,Raptors Ambassador Drake set to open exclusive club at the ACC http://t.co/DKDAt4HMzm #Raptors #NBA
