Wed May 06 16:29:32 +0000 2015,#Cavs and #Rockets. #NBAPlayoffs
Wed May 06 16:29:13 +0000 2015,RT @HoustonRockets: We Are Red Nation! This is our house. Let’s show the world what #Rockets basketball is all about. #RedNation #Pursuit h…
Wed May 06 16:28:48 +0000 2015,And here's the info for tonight's Game 2 of the #Clippers @ #Rockets #NBAPlayoffs #ConferenceSemifinals on #TNT! http://t.co/cHs7fpOZe9
Wed May 06 16:28:29 +0000 2015,Chris Paul out but other Clippers go all in to rout Rockets i  http://t.co/cNfdCIlPHx/  #angeles #clippers #rockets
Wed May 06 16:28:20 +0000 2015,Doc Rivers enters shoot-around. #rockets #clippers #abc13 https://t.co/RJq5Oejl0N
Wed May 06 16:27:37 +0000 2015,RT @DuseReport1063: Atlantic '16 LB @chanlerferguson picked up a #Toledo offer. #Rockets @AHS_BALL
Wed May 06 16:27:18 +0000 2015,RT @HoustonRockets: We Are Red Nation! This is our house. Let’s show the world what #Rockets basketball is all about. #RedNation #Pursuit h…
Wed May 06 16:26:59 +0000 2015,Ce soir #cavs vs #Bulls /#clippers vs #Rockets
Wed May 06 16:26:11 +0000 2015,RT @HoustonRockets: We Are Red Nation! This is our house. Let’s show the world what #Rockets basketball is all about. #RedNation #Pursuit h…
Wed May 06 16:25:51 +0000 2015,RT @RandyMcIlvoy: It's  a new day #rockets fans! Must win Game 2.  What's  your take?  #NBAPlayoffs #nba @KPRC2
Wed May 06 16:25:43 +0000 2015,#houston #Rockets #rednation #texas #texans #astros #playoffs #NBAPlayoffs #triplebeamrecords4life… https://t.co/3PMAIYwOeC
Wed May 06 16:25:43 +0000 2015,RT @SleeperAthletes: #Hallandale HS (FL) 2016 DB Romelo Webster (@ThatBoy_Ro) receives offer from the #Toledo #Rockets
Wed May 06 16:25:37 +0000 2015,We're back in Houston setting up for tonight's Game 2 of the #Clippers @ #Rockets #NBAPlayoffs #ConferenceSemifinals on #TNT.
Wed May 06 16:25:31 +0000 2015,RT @HoustonRockets: We Are Red Nation! This is our house. Let’s show the world what #Rockets basketball is all about. #RedNation #Pursuit h…
Wed May 06 16:25:22 +0000 2015,L L #DwightHoward #Deals 2009-10 Absolute Hoopla #5 Dwight Howard #NBA #Rockets http://t.co/3ONo93vYqu
Wed May 06 16:25:06 +0000 2015,RT @DuseReport1063: Atlantic '16 LB @chanlerferguson picked up a #Toledo offer. #Rockets @AHS_BALL
Wed May 06 16:25:03 +0000 2015,RT @saeptavote: #NBAPlayoffs -- #Clippers or #Rockets? Vote --&gt; http://t.co/WJbYYrkLbE
Wed May 06 16:24:53 +0000 2015,Atlantic '16 LB @chanlerferguson picked up a #Toledo offer. #Rockets @AHS_BALL
Wed May 06 16:24:35 +0000 2015,Happy Birthday @TheZukeofHazard! #Rockets🚀⚾️
Wed May 06 16:24:30 +0000 2015,RT @kristieAP: Howard happy in Houston and focused on getting a ring  http://t.co/3clqftUiHq #rockets
Wed May 06 16:23:57 +0000 2015,RT @PartnerDating: Download/#WilderMind Deluxe Version $14.99/ALBUM by Mumford &amp; Sons http://t.co/SwhQVr6FqG/#iTunes #us  #Alternative #mus…
Wed May 06 16:23:54 +0000 2015,RT @PartnerDating: Download/#WilderMind Deluxe Version $14.99/ALBUM by Mumford &amp; Sons http://t.co/SwhQVr6FqG/#iTunes #us  #Alternative #mus…
Wed May 06 16:23:08 +0000 2015,#Wednesday #BBQribs for #lunch &amp; #dinner! #HappyHour 3-6pm! #Dodgers v #Brewers-5:10pm &amp; #Clippers v #Rockets-6:30pm! http://t.co/nGR8biL3L6
Wed May 06 16:22:56 +0000 2015,RT @kristieAP: Howard happy in Houston and focused on getting a ring  http://t.co/3clqftUiHq #rockets
Wed May 06 16:22:33 +0000 2015,#NBAPlayoffs para hoy: #Bulls @ #Cavaliers (1-0) y #Clippers @ #Rockets (1-0)
Wed May 06 16:22:19 +0000 2015,RT @HoustonRockets: We Are Red Nation! This is our house. Let’s show the world what #Rockets basketball is all about. #RedNation #Pursuit h…
Wed May 06 16:21:22 +0000 2015,RT @HoustonRockets: We Are Red Nation! This is our house. Let’s show the world what #Rockets basketball is all about. #RedNation #Pursuit h…
Wed May 06 16:21:21 +0000 2015,T-shirts on every seat at Toyota Center ahead of Game 2 #Clippers #Rockets http://t.co/evEQvHwob7
Wed May 06 16:21:04 +0000 2015,It's  a new day #rockets fans! Must win Game 2.  What's  your take?  #NBAPlayoffs #nba @KPRC2
Wed May 06 16:20:45 +0000 2015,TIX http://t.co/J0APjn0b85 4 TIX Houston #Rockets 5/12 Toyota Center - TX 114 http://t.co/IznhLfIym1 #Ticket #Tickets
Wed May 06 16:20:40 +0000 2015,TIX http://t.co/JaFlKEdQwa 4 TIX Houston #Rockets 5/12 Toyota Center - TX 114 http://t.co/QSzCEGNJ1E #Ticket #Tickets
Wed May 06 16:20:36 +0000 2015,TIX http://t.co/uc1QIL6tF6 4 TIX Houston #Rockets 5/12 Toyota Center - TX 114 http://t.co/TWVzlJmGph #Ticket #BasketBall
Wed May 06 16:20:10 +0000 2015,#NBAPlayoffs -- #Clippers or #Rockets? Vote --&gt; http://t.co/WJbYYrkLbE
Wed May 06 16:20:06 +0000 2015,L L #NBA #DwightHoward 2009-10 Absolute Hoopla #5 Dwight Howard #Rockets #Bargains http://t.co/Elf1dGlKYW
Wed May 06 16:19:32 +0000 2015,#DwightHoward #Deals 2008 NBA Basketball Lot of 10 Starquest Garnett Chris Paul Dwight Howard More http://t.co/yNzvcvPdNb #NBA #Rockets
Wed May 06 16:19:32 +0000 2015,#NBA #DwightHoward 2008 NBA Basketball Lot of 10 Starquest Garnett Chris Paul Dwight Howard More http://t.co/Cq5GTs3n6K #Rockets #Bargains
Wed May 06 16:19:18 +0000 2015,RT @HoustonRockets: We Are Red Nation! This is our house. Let’s show the world what #Rockets basketball is all about. #RedNation #Pursuit h…
Wed May 06 16:18:00 +0000 2015,The #Clippers steal game 1 from the #Rockets but game 2 may prove to be more important— http://t.co/R63GTsAiJV/#LA #NBA
Wed May 06 16:17:53 +0000 2015,RT @HoustonRockets: We Are Red Nation! This is our house. Let’s show the world what #Rockets basketball is all about. #RedNation #Pursuit h…
Wed May 06 16:17:46 +0000 2015,#NBA #Rockets KOBE BRYANT - #JamesHarden 13/14 Elite Series Passing the Torch #1 http://t.co/AFxPfnfxYE #Bargains #Deals
Wed May 06 16:16:01 +0000 2015,#NBA Player News: #Clippers Paul questionable for Game 2 vs. the #Rockets Read more here: http://t.co/XpxgsoZexT #CLIPPERSvsROCKETS
Wed May 06 16:15:11 +0000 2015,Dwight Howard not concerned with lack of touches in closing stretch of Game 1 loss http://t.co/6y78JqxgBB #Rockets #NBA
Wed May 06 16:13:42 +0000 2015,RT @HoustonRockets: We Are Red Nation! This is our house. Let’s show the world what #Rockets basketball is all about. #RedNation #Pursuit h…
Wed May 06 16:12:44 +0000 2015,RT @RocketsViews: #houstonrockets #rockets #houston Discussing Rockets-Clippers with Clips Nation http://t.co/P1UhtwoYdQ
Wed May 06 16:12:44 +0000 2015,@SportsMT limited turnovers, feed the ball to Dwight, Harden do what Harden does #rockets
Wed May 06 16:12:43 +0000 2015,Los Angeles Clippers vs Houston Rockets Pick - http://t.co/G5eZzGFSuU #sportsbetting #Rockets #Clippers  @JbunitedStates
Wed May 06 16:12:06 +0000 2015,#Rockets have to get this win tonight or else it's all over...
Wed May 06 16:11:43 +0000 2015,RT @HoustonRockets: We Are Red Nation! This is our house. Let’s show the world what #Rockets basketball is all about. #RedNation #Pursuit h…
Wed May 06 16:10:56 +0000 2015,Watch the #CLIPPERS and #ROCKETS battle through Game 2 of the #NBAPlayoffs! TODAY at… https://t.co/m2dCtoxAXC
Wed May 06 16:10:19 +0000 2015,Reporters waiting for Clippers at morning shootaround ahead of Game 2 at Toyota Center #Clippers #Rockets http://t.co/guyUsy3MSA
Wed May 06 16:10:18 +0000 2015,RT @HoustonRockets: We Are Red Nation! This is our house. Let’s show the world what #Rockets basketball is all about. #RedNation #Pursuit h…
Wed May 06 16:09:08 +0000 2015,TIX http://t.co/J0APjn0b85 L D 1 GA Yellow Parking for Houston #Rockets 5/28 Toyota Center - TX… http://t.co/9YLEogBre4 #Ticket #Tickets
Wed May 06 16:09:08 +0000 2015,RT @HoustonRockets: We Are Red Nation! This is our house. Let’s show the world what #Rockets basketball is all about. #RedNation #Pursuit h…
Wed May 06 16:09:07 +0000 2015,L B #DwightHoward #Deals 13-14 Panini Immaculate Dwight Howard Premium 2 Color Jumbo Patch Auto #/25 #NBA #Rockets http://t.co/22z6UulLt7
Wed May 06 16:08:36 +0000 2015,@PeteySavagee GO #Rockets! Show your team spirit with a set of our custom sports plates! Check them out here:  http://t.co/5LkOPI6Mnu
Wed May 06 16:08:03 +0000 2015,I'm gunna need some new #rockets shirts to make it through playoffs 😆🚀 Any excuse to shop 💁🏼 https://t.co/Nb2xC0RC7v
Wed May 06 16:07:39 +0000 2015,RT @HoustonRockets: We Are Red Nation! This is our house. Let’s show the world what #Rockets basketball is all about. #RedNation #Pursuit h…
Wed May 06 16:07:09 +0000 2015,L C #NBA #Rockets #JamesHarden 2013-14 Prizm "DOMINANCE" #Card #Bargains #Deals http://t.co/KGW4D6pRel
Wed May 06 16:06:16 +0000 2015,RT @HoustonRockets: We Are Red Nation! This is our house. Let’s show the world what #Rockets basketball is all about. #RedNation #Pursuit h…
Wed May 06 16:05:07 +0000 2015,TIX http://t.co/JaFlKEdQwa L B 2 - LA Clippers vs Houston #Rockets 05/08/15 (LA) Section 106 http://t.co/sCg1PWaR9m #Ticket #Tickets
Wed May 06 16:04:44 +0000 2015,RT @HoustonRockets: We Are Red Nation! This is our house. Let’s show the world what #Rockets basketball is all about. #RedNation #Pursuit h…
Wed May 06 16:04:02 +0000 2015,RT @HoustonRockets: We Are Red Nation! This is our house. Let’s show the world what #Rockets basketball is all about. #RedNation #Pursuit h…
Wed May 06 16:03:28 +0000 2015,#KHOU #rockets The Tee-Shirts are in place and are ready.Will the team be? Corey Brewer:"We'll find out at 8:30." http://t.co/hysFhR8rf2
Wed May 06 16:02:10 +0000 2015,#NBA #Rockets 2014-15 Select Premier Level SP #JamesHarden Houston Rockets #131 http://t.co/DhkBky78h6 #Bargains #Deals
Wed May 06 16:02:05 +0000 2015,#ESPN #Rockets Report: Twitter is both fun and serious http://t.co/sQKC5Bmf7z http://t.co/pPMU2tPE1e
Wed May 06 16:02:05 +0000 2015,TIX http://t.co/uc1QIL6tF6 A B 2 #Tickets 5/6 Round 2 Houston #Rockets v Clippers HG2 428 Toyota… http://t.co/qcScgeyTmD #Ticket…
Wed May 06 16:01:54 +0000 2015,RT @HoustonRockets: We Are Red Nation! This is our house. Let’s show the world what #Rockets basketball is all about. #RedNation #Pursuit h…
Wed May 06 16:01:13 +0000 2015,L B #NBA #Rockets 2009-10 #JamesHarden RC Certified Potential #Jersey #25 /599 #Thunder Rockets #Bargains #Deals http://t.co/KYj3MPDtRz
Wed May 06 16:01:08 +0000 2015,#NBA #Rockets - Vintage Yao Ming Houston Rockets NBA Basketball Jersey-Adult 3XL-Nike: ... http://t.co/40kVs1eYFG http://t.co/k33Sm3HFUt
Wed May 06 16:01:08 +0000 2015,#NBA #Rockets - Houston Rockets Steve Francis Reebok  Jersey, Mint  Size  2XL:  $33.51E... http://t.co/An2gdxgDOK http://t.co/k33Sm3HFUt
Wed May 06 16:01:05 +0000 2015,RT @HoustonRockets: We Are Red Nation! This is our house. Let’s show the world what #Rockets basketball is all about. #RedNation #Pursuit h…
Wed May 06 15:59:49 +0000 2015,RT @PartnerDating: Download/#WilderMind Deluxe Version $14.99/ALBUM by Mumford &amp; Sons http://t.co/SwhQVr6FqG/#iTunes #us  #Alternative #mus…
Wed May 06 15:59:45 +0000 2015,RT @PartnerDating: Download/#WilderMind Deluxe Version $14.99/ALBUM by Mumford &amp; Sons http://t.co/SwhQVr6FqG/#iTunes #us  #alternative #Mus…
Wed May 06 15:59:10 +0000 2015,#NBAplayoffs #Clippers vs #Rockets (-7) o/u 214 Serie 1-0 favor #Clippers
Wed May 06 15:59:00 +0000 2015,Clippers fans react to Game 1 win, look ahead to Game 2: http://t.co/F0Sr62SSr5 #LAClippers #LACvsHOU #Clippers #Rockets #NBA
Wed May 06 15:58:59 +0000 2015,RT @HoustonRockets: We Are Red Nation! This is our house. Let’s show the world what #Rockets basketball is all about. #RedNation #Pursuit h…
Wed May 06 15:58:46 +0000 2015,RT @HoustonRockets: We Are Red Nation! This is our house. Let’s show the world what #Rockets basketball is all about. #RedNation #Pursuit h…
Wed May 06 15:58:44 +0000 2015,RT @HoustonRockets: We Are Red Nation! This is our house. Let’s show the world what #Rockets basketball is all about. #RedNation #Pursuit h…
Wed May 06 15:58:40 +0000 2015,L L #DwightHoward #Deals 2008-09 Topps #DH Dwight Howard Orlando Magic 813/2499 BGS 9 w/ 10 AUTO #NBA #Rockets http://t.co/FMSGJOzXVm
Wed May 06 15:58:36 +0000 2015,RT @CreekFootball1: HUGE congrats 2 '16 DE @WoodlySully56 on picking up his 1st offer from #Toledo .. Couldn't happen to a better kid! #Roc…
Wed May 06 15:57:53 +0000 2015,RT @CappedIn_Feed: West Semis: Clippers vs Rockets Game 2 - http://t.co/v2ksTf766R #sportsbetting #Rockets #Clippers  @PopDibiase
Wed May 06 15:57:51 +0000 2015,RT @CappedIn_Feed: West Semis: Clippers vs Rockets Pick - http://t.co/v2ksTf766R #sportsbetting #Rockets #Clippers  @PopDibiase
Wed May 06 15:57:49 +0000 2015,RT @AHS_BALL: Toledo offers 2016 DB Antwaine Richardson and LB Chanler Ferguson (@chanlerferguson ) #Rockets  #Count🆙 ... http://t.co/sVBbj…
Wed May 06 15:57:38 +0000 2015,RT @br_radio: .@TermineRadio thinks the #Clippers should sit Chris Paul tonight and wouldn't play him at all against the #Rockets until the…
Wed May 06 15:57:33 +0000 2015,West Semis: Clippers vs Rockets Game 2 - http://t.co/v2ksTf766R #sportsbetting #Rockets #Clippers  @PopDibiase
Wed May 06 15:57:26 +0000 2015,#rockets #letsgo https://t.co/Yb3S9IqQZe
Wed May 06 15:57:12 +0000 2015,West Semis: Clippers vs Rockets Pick - http://t.co/v2ksTf766R #sportsbetting #Rockets #Clippers  @PopDibiase
Wed May 06 15:56:57 +0000 2015,Let's Go #Rockets #BeatLA #Game2 http://t.co/92Zu2Jezc5
Wed May 06 15:56:22 +0000 2015,RT @zebnoland8: Had a wonderful visit to Toledo! Really really liked everything about it... The coaches are the best part! #Rockets http://…
Wed May 06 15:56:15 +0000 2015,RT @HoustonRockets: We Are Red Nation! This is our house. Let’s show the world what #Rockets basketball is all about. #RedNation #Pursuit h…
Wed May 06 15:55:56 +0000 2015,RT @AstroRocket: The #Astros and #Rockets have proven to be all kinds of bi-polar the last 2 days
Wed May 06 15:55:55 +0000 2015,RT @HoustonRockets: We Are Red Nation! This is our house. Let’s show the world what #Rockets basketball is all about. #RedNation #Pursuit h…
Wed May 06 15:55:53 +0000 2015,Never seen a team -6.5 in Game 2 yet +165 to win the series. #ROCKETS
Wed May 06 15:55:31 +0000 2015,Los Angeles Clippers vs Houston Rockets Pick - http://t.co/oTrJEQ5VHd #sportsbetting #Rockets #Clippers  @CleInside
Wed May 06 15:55:10 +0000 2015,The Sports Update :Rockets vs. Clippers Game 2 http://t.co/hLJvZGoYcE #Rockets #NBA
Wed May 06 15:54:19 +0000 2015,@TheBeast980 Flaker fan are rooting for the #Rockets and being salty when we win
Wed May 06 15:54:01 +0000 2015,My office windows downtown in the heart of #clutchcity #rockets #NBA https://t.co/WWYvubr93R
Wed May 06 15:53:57 +0000 2015,RT @HoustonRockets: We Are Red Nation! This is our house. Let’s show the world what #Rockets basketball is all about. #RedNation #Pursuit h…
Wed May 06 15:53:50 +0000 2015,RT @HoustonRockets: We Are Red Nation! This is our house. Let’s show the world what #Rockets basketball is all about. #RedNation #Pursuit h…
Wed May 06 15:53:21 +0000 2015,Being a @LAClippers fan, I root for everybody the @warriors play #NBA #Playoffs #Clippers #Grizzlies #Warriors #Rockets
