Wed May 06 15:51:33 +0000 2015,@NASASolarSystem @NASASunEarth Fantastic view in different colors make it better to see #suns action.
Wed May 06 15:51:08 +0000 2015,RT NBA_Sneakers: #Suns NBA great Kevin Johnson scores points with youngsters: ... point guard for the Clevelan... … http://t.co/0z1PvJVdpf
Wed May 06 15:46:49 +0000 2015,#Suns NBA great Kevin Johnson scores points with youngsters: ... point guard for the Clevelan... http://t.co/dsGk7c2vKE #GoSuns #Phoenix
Wed May 06 15:44:15 +0000 2015,http://t.co/EEkB0NdMH9: PHOENIX SUNS - GORAN DRAGIC (23P)... http://t.co/8ztkjD0EBA #comments #dragic #gary #goran #ivnews #phoenix #suns
Wed May 06 15:35:07 +0000 2015,2014/15 D-League Usage Report :Grizzlies http://t.co/Er9jHHmHfo #Suns #NBA
Wed May 06 15:32:36 +0000 2015,Pelicans, Curry, Batum http://t.co/mBiANxuJnp #Suns #NBA http://t.co/UOQJtnLqFf
Wed May 06 15:29:08 +0000 2015,#Suns PF-SF Markieff Morris said he believes they need to add veteran leadership.
Wed May 06 15:26:11 +0000 2015,Report: #Suns would like to re-sign C-PF Brandan Wright, and that feeling is mutual.
Wed May 06 15:25:55 +0000 2015,#Suns GM Ryan McDonough said adding size, rebounding, shooting and veterans will be priorities.
Wed May 06 15:25:28 +0000 2015,#Suns GM Ryan McDonough expressed confidence that they're in a strong position to land any marquee players that become available.
Wed May 06 15:24:39 +0000 2015,#Suns GM Ryan McDonough said they'll go after a star this summer, pledged to be active on trade market.
Wed May 06 15:24:03 +0000 2015,#Suns star PG-SG Brandon Knight would like to re-sign in RFA and in a swift process. #Knicks.
Wed May 06 15:15:06 +0000 2015,Western Notes :Pelicans, Curry, Batum http://t.co/6pNf5bbTsN #Suns #NBA
Wed May 06 15:03:05 +0000 2015,ICYMIY, I took a look at the pros and cons of the #Suns starting T.J. Warren over P.J. Tucker next season: http://t.co/b77mB7x0ov
Wed May 06 14:50:06 +0000 2015,kjmaru178さん投稿// #InstaSize/#夕焼け #空 #夕空 #夕空倶楽部 #sky #suns... / https://t.co/pxEgMIoUss// #yuyake_club http://t.co/sOs59asb42
Wed May 06 14:30:18 +0000 2015,Cavaliers To Insert Tristan Thompson In Starting Lineup For Game 2 http://t.co/ZLaSN0o7bY #Suns #NBA
Wed May 06 14:10:17 +0000 2015,Russell Westbrook To Represent Thunder At Lottery http://t.co/GIr9iRTyqb #Suns #NBA
Wed May 06 13:57:41 +0000 2015,SUNS win this week &amp; set up a massive rivalry game next week vs Funk.U @DandenongBball 10pm Wed #TooHotToHandle #Suns http://t.co/Xf1BUflzJH
Wed May 06 13:50:16 +0000 2015,John Wall Out For Game 2 With Wrist Injury http://t.co/mglx6KTayF #Suns #NBA
Wed May 06 13:47:21 +0000 2015,#Suns upcoming UFA SF-SG Gerald Green said he's upset with his lack of playing time since the end of January.
Wed May 06 13:25:06 +0000 2015,RT @TrishaHendricks: 911 recording from fight allegedly involving #Phoenix #Suns #MorrisTwins: http://t.co/vSfOJiQsg6 #12News
Wed May 06 13:15:15 +0000 2015,RT @Pr1ncess_Carly: #suns out #bums out http://t.co/fibNnxp6da
Wed May 06 13:10:15 +0000 2015,Phoenix Suns 2014-15 Report Cards :The front office floundered http://t.co/DlkfUaEI25 #Suns #NBA
Wed May 06 13:05:50 +0000 2015,RT NBA_Sneakers: #Suns Phoenix Suns: Don't Hold Your Breath On LaMarcus Aldridge: The Phoenix Suns need a supe... … http://t.co/0z1PvJVdpf
Wed May 06 13:01:48 +0000 2015,#Suns Phoenix Suns: Don't Hold Your Breath On LaMarcus Aldridge: The Phoenix Suns need a supe... http://t.co/RQu0M4JZcC #GoSuns #Phoenix
Wed May 06 13:01:24 +0000 2015,At http://t.co/rM2i7rwBJg -- #yoga #meditate #mudra Here my daily routine is filled with yoga, massages and dreams😌 #yoga #kohsamui #suns…
Wed May 06 12:50:14 +0000 2015,The Madhouse - Week of 5/5/2014 http://t.co/EktjioPI1y #Suns #NBA
Wed May 06 12:50:09 +0000 2015,At http://t.co/t5IbGSsY6Z -- Kisah kita semoga seindah senja yang sedang kita nikmati, I love you 💏💑/#Senja #Suns… http://t.co/fHXLWVlPcb
Wed May 06 12:33:54 +0000 2015,Berlin by [at]novemberlingerie Sunshine Baby Super Love/Spring/Summer Collection 15/http://t.co/Pqv0wYeO1G /#suns… http://t.co/2VdMbTe8fT
Wed May 06 12:30:14 +0000 2015,Suns Player Reviews :P.J. Tucker http://t.co/X8GU0aTvOY #Suns #NBA
Wed May 06 12:10:12 +0000 2015,Eddie Johnson Makes Cut in Television Personalities Bracket http://t.co/WCJjSk2zWU #Suns #NBA
Wed May 06 12:07:40 +0000 2015,Jutri bo pa gužva, a? :) http://t.co/GfoFDTtpWf @kzs_si #priditepravočasno #LigaTelemach #helios #suns #gremopopolfinale #brezvasninas
Wed May 06 11:50:12 +0000 2015,Central Notes :Thompson, Griffin, Gibson http://t.co/hVZdYibLQF #Suns #NBA
Wed May 06 11:30:11 +0000 2015,2014/15 D-League Usage Report :Grizzlies http://t.co/Er9jHHmHfo #Suns #NBA
Wed May 06 11:10:04 +0000 2015,Western Notes :Pelicans, Curry, Batum http://t.co/6pNf5bbTsN #Suns #NBA
Wed May 06 10:53:50 +0000 2015,Mokapu Beach near sunset, at the Andaz Maui. #maui #hi #hawaii #mokapu #beach #ocean #suns… http://t.co/DIsD1jplHi http://t.co/s0UMpQ0jLg
Wed May 06 10:25:12 +0000 2015,Mike Conley Upgraded To Questionable For Game 2 http://t.co/hrHOoJejox #Suns #NBA
Wed May 06 09:45:11 +0000 2015,Billy King Could Be Close To Extension With Nets http://t.co/eLgO1kZrwI #Suns #NBA
Wed May 06 09:19:23 +0000 2015,Credit by http://t.co/7OwweEbjgA #beard #bearded #boy #instabeard #smoke #fire #burn #fun #rhein #bonn #sun #suns… http://t.co/aiZaGZb2zm
Wed May 06 08:46:30 +0000 2015,10 interesanti fakti par suņiem, kurus tu nezināji #suns #dzivnieki http://t.co/IYzsQARYWt http://t.co/7HGKaNH9cw
Wed May 06 08:25:08 +0000 2015,Eddie Johnson Makes Cut in Television Personalities Bracket http://t.co/WCJjSkkaOs #Suns #NBA
Wed May 06 08:24:54 +0000 2015,http://t.co/EEkB0NdMH9: 30 days until Suns #opening night on FOX Sports Arizona http://t.co/hQoGOOIJ2P #arizona #sports #suns
Wed May 06 08:15:54 +0000 2015,At http://t.co/AirVV1r0QC -- did i go to new york? nope, just odaiba!//#odaiba #statueofliberty #自由の女神 #お台場 #suns… http://t.co/hcoBRiwCm2
Wed May 06 08:12:30 +0000 2015,RT @IG_Yuyake_Club: risacameさん投稿// #イマソラ #空 #夕焼け #雲 #風景/#instasky #sky #suns... / https://t.co/yITUofRZY9// #yuyake_club http://t.co/xd9HUY…
Wed May 06 08:10:14 +0000 2015,risacameさん投稿// #イマソラ #空 #夕焼け #雲 #風景/#instasky #sky #suns... / https://t.co/yITUofRZY9// #yuyake_club http://t.co/xd9HUYgzRB
Wed May 06 08:01:05 +0000 2015,#Suns Eddie Johnson Makes Cut in Television Personalities Bracket Charles Barkley. Marv Albert. Skip Bayless. Eddie Johnson?  #NBA
Wed May 06 07:12:09 +0000 2015,http://t.co/EEkB0NdMH9: NBA Phoenix Suns vs Dallas Mavericks - 1st Qrt - NBA... http://t.co/Soj7CKopYe #dallas #mavericks #phoenix #suns
Wed May 06 07:07:25 +0000 2015,RT NBA_Sneakers: #Suns 1 hr: Phoenix Suns. "A lot of times you learn more from your lack of success than when ... … http://t.co/0z1PvJVdpf
Wed May 06 07:05:28 +0000 2015,#Suns 1 hr: Phoenix Suns. "A lot of times you learn more from your lack of success than when ... http://t.co/2AaPDfKGxa #GoSuns #Phoenix
Wed May 06 06:25:13 +0000 2015,http://t.co/dveizoxDox [The Arizona Republic] - Conley returns to lead Grizzlies past Wa #Suns http://t.co/zpP0mERYz2
Wed May 06 06:20:17 +0000 2015,John Wall Out For Game 2 With Wrist Injury http://t.co/mglx6KTayF #Suns #NBA
Wed May 06 05:40:15 +0000 2015,Phoenix Suns 2014-15 Report Cards :The front office floundered http://t.co/DlkfUaEI25 #Suns #NBA
Wed May 06 05:20:14 +0000 2015,The Madhouse - Week of 5/5/2014 http://t.co/EktjioPI1y #Suns #NBA
Wed May 06 05:07:56 +0000 2015,#warriors v #grizzlies=w such tight refereeing surely KJ #suns / run TMC #kings would get 250 EACH+howmany @magicjohnson @kaj33 #lakers
Wed May 06 05:04:10 +0000 2015,#suns A simple question... http://t.co/thGswcQua1 #reddit
Wed May 06 05:00:13 +0000 2015,Suns Player Reviews :P.J. Tucker http://t.co/X8GU0aTvOY #Suns #NBA
Wed May 06 04:48:05 +0000 2015,#SBNation #Suns Report Card: The front office floundered http://t.co/3Rd5yaBNNS http://t.co/YQ6eiKVsCq
Wed May 06 04:48:04 +0000 2015,#SBNation #Suns The Madhouse - Week of 5/5/2015 http://t.co/IJaGrIhOll http://t.co/YQ6eiKVsCq
Wed May 06 04:34:10 +0000 2015,http://t.co/dveizoxDox [The Arizona Republic] - Hawks shake off Wizards, even up series  #Suns http://t.co/JlWd4Xy0ho
Wed May 06 04:20:11 +0000 2015,Draft History :Rich Cho http://t.co/PMUQPXBkpb #Suns #NBA
Wed May 06 04:16:20 +0000 2015,At http://t.co/OpLkV31WMN -- Suburra. #Roma #Rome #Italia #Italy #building #architecture #monti #sky #cielo #suns… http://t.co/eyYBWlHJXx
Wed May 06 04:00:10 +0000 2015,Draft Notes :Mudiay, Towns, Mickey http://t.co/gfakSmtPGl #Suns #NBA
Wed May 06 03:53:35 +0000 2015,#centralpark #🌿#🗽#sun #sunny #sunnyday #TagsForLikes.com #sunnydays #sunlight #light #suns… http://t.co/cGPIe53Feu http://t.co/uBVMGQigFf
Wed May 06 03:40:04 +0000 2015,Central Notes :Thompson, Griffin, Gibson http://t.co/hVZdYibLQF #Suns #NBA
Wed May 06 03:33:21 +0000 2015,http://t.co/EEkB0NdMH9: Oklahoma City Thunder vs Phoenix Suns | April... http://t.co/FVMmGogVXL #april #oklahoma #phoenix #suns #thunder
Wed May 06 03:15:13 +0000 2015,Dunc'd On Basketball Podcast :May 5th http://t.co/DrPj5Nix1B #Suns #NBA
Wed May 06 03:05:52 +0000 2015,RT TrishaHendricks: 911 recording from fight allegedly involving #Phoenix #Suns #MorrisTwins: … http://t.co/0z1PvJVdpf
Wed May 06 03:04:18 +0000 2015,RT @TrishaHendricks: 911 recording from fight allegedly involving #Phoenix #Suns #MorrisTwins: http://t.co/vSfOJiQsg6 #12News
Wed May 06 03:00:47 +0000 2015,911 recording from fight allegedly involving #Phoenix #Suns #MorrisTwins: http://t.co/vSfOJiQsg6 #12News
Wed May 06 02:55:12 +0000 2015,Mike Conley Upgraded To Questionable For Game 2 http://t.co/hrHOoJejox #Suns #NBA
Wed May 06 02:35:11 +0000 2015,Billy King Could Be Close To Extension With Nets http://t.co/eLgO1kZrwI #Suns #NBA
Wed May 06 02:15:11 +0000 2015,Spurs Expect To Make Considerable Roster Changes In Offseason http://t.co/niRf43lNfY #Suns #NBA
Wed May 06 02:10:01 +0000 2015,What's SUP? #suns #up ☀️👍 I ❤️ paddle boarders 🏄 @ Aussie Beaches https://t.co/oPbG5NXIHe
Wed May 06 01:58:52 +0000 2015,#Suns Tweets: Round 2 of the Photo of the Year tournament is… http://t.co/tSkShsvHDL #NBA http://t.co/EwGtOTzjHB http://t.co/Z7siwWsJTO
Wed May 06 01:50:34 +0000 2015,RT NBA_Sneakers: #Suns Marcus and Markieff Morris update: 911 calls released in alleged assault case: He went ... … http://t.co/0z1PvJVdpf
Wed May 06 01:47:33 +0000 2015,#Suns Marcus and Markieff Morris update: 911 calls released in alleged assault case: He went ... http://t.co/qZuWTehPsp #GoSuns #Phoenix
Wed May 06 01:41:44 +0000 2015,Why is it that all the players we trade end up in the #NBAPlayoffs ? #Suns
Wed May 06 01:17:12 +0000 2015,RT @sunssource: #Suns Tweets: Coach Hornacek takes time out to talk with @SixthManSuns members in an… #NBA http://t.co/EwGtOTzjHB http://t.…
Wed May 06 01:16:15 +0000 2015,#Suns Tweets: Coach Hornacek takes time out to talk with @SixthManSuns members in an… #NBA http://t.co/EwGtOTzjHB http://t.co/pagR1THssf
Wed May 06 00:55:06 +0000 2015,nan1ocさん投稿// Today.....🌇🌃 毎日表情が違って美しい....../#after #suns... / https://t.co/jkhSNKfT8W// #yuyake_club http://t.co/rX7AZsefbc
Wed May 06 00:51:54 +0000 2015,RT @NBA_Mixes: Goran Dragic scares the #Suns with a life-like dinosaur http://t.co/3FAGtZSr3Q http://t.co/7czgb3ZBwr
Wed May 06 00:50:29 +0000 2015,IG: http://t.co/lhC0y7cMuO "When light merges with dark and they dance with beauty  #nature is #perfect.  #love #sky #storm #clouds #suns…
Wed May 06 00:45:13 +0000 2015,Goran Dragic scares the #Suns with a life-like dinosaur http://t.co/3FAGtZSr3Q http://t.co/7czgb3ZBwr
Wed May 06 00:35:16 +0000 2015,@Il_azzurriBruno they're alright. I'm a #suns fan
Wed May 06 00:35:07 +0000 2015,Western Notes :Brooks, Dumars, Bonner, Draft http://t.co/Hd7tAiPZIp #Suns #NBA
Wed May 06 00:16:38 +0000 2015,All right #Suns fans, another free agency question: How would you feel about throwing $$$ at Paul Millsap this summer?
Wed May 06 00:15:06 +0000 2015,Offseason Outlook :Portland Trail Blazers http://t.co/Tfqsn4UvJW #Suns #NBA
Tue May 05 23:55:03 +0000 2015,Eastern Notes :Williams, King, Bucks, Heat http://t.co/DHgWbB4OR3 #Suns #NBA
Tue May 05 23:49:12 +0000 2015,#BROTHERS #LOVE #SONS #SUNS https://t.co/5SV4loG6Kg
Tue May 05 23:38:59 +0000 2015,#Suns Rehab resumes, might Danny Granger's career resume with the Phoenix Suns?: Phoenix Suns... http://t.co/czwgkFjCSx #GoSuns #Phoenix
Tue May 05 22:50:15 +0000 2015,Chris Paul Sits Out Game 1 With Injured Hamstring http://t.co/Sj1wtZA5NX #Suns #NBA
Tue May 05 22:49:23 +0000 2015,Spida Everitt tells Harley Bennell to "wake up" before it's too late #afl #suns http://t.co/8uMBMBGbsg
Tue May 05 22:33:39 +0000 2015,RT @topSuns: Stephen Curry Finishes Ahead Of Harden, LeBron To Win MVP http://t.co/XmTTBMJqex #Suns #NBA
Tue May 05 22:30:14 +0000 2015,Stephen Curry Finishes Ahead Of Harden, LeBron To Win MVP http://t.co/XmTTBMJqex #Suns #NBA
Tue May 05 22:28:02 +0000 2015,Phoenix #Suns: Should T.J. Warren Start Over P.J. Tucker In 2015-16? - http://t.co/b77mB7x0ov via @ValleyoftheSuns http://t.co/vTUEsDCRz3
Tue May 05 22:21:09 +0000 2015,Beautiful Hotel On The Water In Hawaii... Mother/daughter trip after our final graduation!!! ❤ #SunS http://t.co/HQqifdGYiR
Tue May 05 22:19:28 +0000 2015,http://t.co/dveizoxDox [NBA] - Eddie Johnson Makes Cut in Television Personalities Brack #Suns http://t.co/Gpcr9NzNdA
Tue May 05 22:17:18 +0000 2015,http://t.co/EEkB0NdMH9: Oklahoma City Thunder... http://t.co/yfOyrDWIsg #highlights #jazz #october #oklahoma #phoenix #suns #thunder #utah
Tue May 05 22:11:47 +0000 2015,#Suns Wire: The Starting Five: Clippers riding wave of good… http://t.co/jkTf6CRO3E #NBA http://t.co/EwGtOTzjHB http://t.co/mimnESJa8U
Tue May 05 22:10:14 +0000 2015,Bright Side of the Sun 2015 NBA Playoff Prediction Contest :First Round Standings http://t.co/5443YHMdBj #Suns #NBA
