Wed May 06 16:23:05 +0000 2015,L L #NBA #TrailBlazers NBA #Basketball Auto Car Head Rest Covers - Portland Trail Blazers #Jersey… #Sales #Discount http://t.co/Eo4SFJQ0dk
Wed May 06 16:20:06 +0000 2015,#Healthy #WeightLoss Greatest Weight Reduction Product http://t.co/LowOuPxqka #TrailBlazers #Diet
Wed May 06 16:17:21 +0000 2015,Only @FourfrontGroup provides so much motivation &amp; opportunity for it's next generation! #trailblazers http://t.co/uE8O7EBy6a
Wed May 06 16:16:21 +0000 2015,#Sporting #Goods Portland #TrailBlazers Blazers RASHEED WALLACE 30 #Jersey #NBA Size L Reebok http://t.co/XjXcJm5cJ3 #Portland
Wed May 06 16:16:20 +0000 2015,#TrailBlazers #Buzz Portland TRAILBLAZERS Blazers RASHEED WALLACE 30 #Jersey #NBA Size L Reebok http://t.co/J5kPtumJn9 #Deals #Collectibles
Wed May 06 16:16:20 +0000 2015,#NBA #TrailBlazers Portland TRAILBLAZERS Blazers RASHEED WALLACE 30 #Jersey NBA Size L Reebok http://t.co/Mgat5txiNd #Sales #Discount
Wed May 06 16:04:34 +0000 2015,#Healthy #WeightLoss How To Adopt To A Weight Loss Plateau http://t.co/M8gT25Hl8T #TrailBlazers #Diet
Wed May 06 16:01:16 +0000 2015,L L #TrailBlazers #Buzz #NBA #Jersey Lot Of 2 Blazers Roy Dallas Dirk Vtg #Deals #Collectibles http://t.co/JZcLVF47lu
Wed May 06 16:01:14 +0000 2015,#TrailBlazers #Buzz #NBA Portland Blazer #Basketball Gray Long Sleeve Women's Shirt Size M http://t.co/VSIm2lETik #Deals #Collectibles
Wed May 06 16:01:14 +0000 2015,#NBA #TrailBlazers NBA Portland Blazer #Basketball Gray Long Sleeve Women's Shirt Size M http://t.co/7dxFAgjFoa #Sales #Discount
Wed May 06 15:50:25 +0000 2015,TrailBlazers1v: #Healthy #WeightLoss Nutrition Plans For Weight Loss http://t.co/MWjipZMazB #TrailBlazers #Diet
Wed May 06 15:50:10 +0000 2015,L L #NBA #TrailBlazers Portland Trail Blazers #Adidas Black Swingman Performance Shorts XL #Sales #Discount http://t.co/iXzTKwB4Cy
Wed May 06 15:49:07 +0000 2015,#Healthy #WeightLoss Nutrition Plans For Weight Loss http://t.co/UPQoB7e1E5 #TrailBlazers #Diet
Wed May 06 15:44:07 +0000 2015,#TrailBlazers #Buzz Portland Trail Blazers #NBA 4" x 4" Die Cut Car Decal Trail Blazers… http://t.co/T5cO0JSq5l #Deals #Collectibles
Wed May 06 15:44:05 +0000 2015,#NBA #TrailBlazers Portland Trail Blazers NBA 4" x 4" Die Cut Car Decal Trail Blazers Wincraft http://t.co/ycItkoJNmR #Sales #Discount
Wed May 06 15:40:40 +0000 2015,L D #TrailBlazers #Buzz Portland Trail Blazers #Adidas Primary Logo (Red) Men's Graphic T Shirt… #Deals… http://t.co/qAhlBm7vRx
Wed May 06 15:34:16 +0000 2015,#Healthy #WeightLoss 5 Ways to Lose Weight Most Intelligently and Effectively http://t.co/1d8MpdH8g9 #TrailBlazers #Diet
Wed May 06 15:29:09 +0000 2015,L #NBA #TrailBlazers NBA #Basketball Auto Car Head Rest Covers - Portland Trail Blazers #Jersey… #Sales #Discount http://t.co/HHIsZztbeW
Wed May 06 15:19:45 +0000 2015,L L #TrailBlazers #Buzz PORTLAND TRAILBLAZERS-HARDWOOD CLASSIC APPAREL-E-SYSTEM FABRIC-NWT-MENS 2X #Deals… http://t.co/Vr49ySEV7Y
Wed May 06 15:16:36 +0000 2015,#TrailBlazers #Cards DAMIAN LILLARD 2012-13 Panini Threads JERSEY Die-Cut Rookie SP #12 RC RARE http://t.co/pDoQLxxuzj #Onsale #Card
Wed May 06 15:13:56 +0000 2015,Report: #TrailBlazers #Blazers lead assistant David Vanterpool is a candidate for #Nuggets head coach job. He was a dark-horse for #Thunder.
Wed May 06 15:13:36 +0000 2015,L #NBA #TrailBlazers Nba #Jersey Lot Of 2 Blazers Roy Dallas Dirk Vtg #Sales #Discount http://t.co/Ex10qhb2N1
Wed May 06 15:04:09 +0000 2015,#Healthy #WeightLoss Best Weight Loss Patch Helps to Reduce Food Carvings http://t.co/yM7nRARmTx #TrailBlazers #Diet
Wed May 06 14:52:35 +0000 2015,L #TrailBlazers #Cards 2013-14 Court Kings C.J. McCollum Portland Trail Blazers Portraits Red RC 08/25 #Onsale #Card http://t.co/f3yub581UT
Wed May 06 14:49:17 +0000 2015,#Healthy #WeightLoss Juicing Recipes For Weight Loss, What Is Juicing And How Does It Help You… http://t.co/pOiWYyeuVP #TrailBlazers #Diet
Wed May 06 14:44:36 +0000 2015,#TrailBlazers #Cards 2014-15 Panini Select Concourse Prizms Red #14 Damian Lillard /149 http://t.co/iRXZT3JcqS #Onsale #Card
Wed May 06 14:43:07 +0000 2015,L #TrailBlazers #Buzz #NBA #Jersey Lot Of 2 Blazers Roy Dallas Dirk Vtg #Deals #Collectibles http://t.co/o6mArz0NJL
Wed May 06 14:40:20 +0000 2015,RT @digitaliize: Damian Lillard. /If the #TrailBlazers have a healthy season next year who knows where he can bring his team? http://t.co/N…
Wed May 06 14:39:44 +0000 2015,Damian Lillard. /If the #TrailBlazers have a healthy season next year who knows where he can bring his team? http://t.co/Nhc4uCL7qN
Wed May 06 14:37:36 +0000 2015,L #NBA #TrailBlazers Portland Trail Blazers #Adidas Black Swingman Performance Shorts XL #Sales #Discount http://t.co/ndXZ8zQoPy
Wed May 06 14:34:08 +0000 2015,#Healthy #WeightLoss Exploring Oatmeal - The Most Powerful Breakfast for Weight Loss Plans http://t.co/zFsCGtPLYi #TrailBlazers #Diet
Wed May 06 14:32:55 +0000 2015,Report: #Knicks had looked at #TrailBlazers #Blazers upcoming UFA SG Wes Matthews, but they may not be interested after his Achilles surgery
Wed May 06 14:32:38 +0000 2015,L L B #TrailBlazers #Cards 2014-15 Panini Select Premier Prizms Light Purple Die Cut 153 C.J. McCollum /99 #Onsale… http://t.co/3mHXs8ZlSn
Wed May 06 14:29:06 +0000 2015,#Trailblazers #FirstPeoples #PMagouirk #RoknRob121 #StarkeRaving #LewHastings #NativeNow #Chief_Tatanka #Blessings… http://t.co/YpGMW5A6Sz
Wed May 06 14:22:06 +0000 2015,L B #TrailBlazers #Cards 2014-15 Panini Threads Damian Lillard Blazers Floor Generals and Twosomes Insert #Onsale… http://t.co/vNbC7VIaQm
Wed May 06 14:19:08 +0000 2015,#Healthy #WeightLoss Lose Your Weight Forever! http://t.co/XF67V5YzKt #TrailBlazers #Diet
Wed May 06 14:13:53 +0000 2015,Report: #TrailBlazers #Blazers SF-SG Nicolas Batum is very happy in Portland.
Wed May 06 14:11:37 +0000 2015,L L C #TrailBlazers #Buzz Portland Trail Blazers #Adidas Primary Logo (Red) Men's Graphic T Shirt… #Deals… http://t.co/RB62goKBTz
Wed May 06 14:08:37 +0000 2015,#TrailBlazers #Buzz #NBA #Basketball Auto Car Head Rest Covers - Portland Trail Blazers… http://t.co/6HuiRYzVe4 #Deals #Collectibles
Wed May 06 14:08:36 +0000 2015,#NBA #TrailBlazers NBA #Basketball Auto Car Head Rest Covers - Portland Trail Blazers #Jersey… http://t.co/h7H8XEua4H #Sales #Discount
Wed May 06 14:05:37 +0000 2015,L #TrailBlazers #Buzz PORTLAND TRAILBLAZERS-HARDWOOD CLASSIC APPAREL-E-SYSTEM FABRIC-NWT-MENS 2X #Deals… http://t.co/NYRXLeieiH
Wed May 06 14:01:24 +0000 2015,RT @KaalGroup: #Trailblazers #FirstPeoples @PMagouirk @RoknRob121 @StarkeRaving @LewHastings @NativeNow @Chief_Tatanka #Blessings to you al…
Wed May 06 14:01:08 +0000 2015,L #NBA #TrailBlazers PORTLAND TRAILBLAZERS-HARDWOOD CLASSIC APPAREL-E-SYSTEM FABRIC-NWT-MENS 2X #Sales #Discount http://t.co/Ssz9P02cKE
Wed May 06 13:58:03 +0000 2015,#Trailblazers #FairSociety #divakarssathya #Samsoprano30 #GraceGrace90 #HolateUK #ian_beckett - guys you are… http://t.co/geygcMTNmc
Wed May 06 13:52:37 +0000 2015,#NBA #TrailBlazers Nba #Jersey Lot Of 2 Blazers Roy Dallas Dirk Vtg http://t.co/U3LmhUSOju #Sales #Discount
Wed May 06 13:51:08 +0000 2015,L L L #TrailBlazers #Cards Scottie Pippen E-X 00-01 2000-01 Essential Credentials Now 002/201 73 #Onsale #Card http://t.co/ymBYSzXJRW
Wed May 06 13:41:05 +0000 2015,#TrailBlazers #Cards 2013-14 Court Kings C.J. McCollum Portland Trail Blazers Portraits Red RC 08/25 http://t.co/kW4APjmrm1 #Onsale #Card
Wed May 06 13:40:27 +0000 2015,L B #TrailBlazers #Cards Raymond Felton BGS 9.5 GEM MINT 2005-2006 Topps Chrome RC #176 #Onsale #Card http://t.co/S54LBJHwrE
Wed May 06 13:37:15 +0000 2015,#TrailBlazers #Buzz #NBA #Jersey Lot Of 2 Blazers Roy Dallas Dirk Vtg http://t.co/jxE3JnrF4A #Deals #Collectibles
Wed May 06 13:37:14 +0000 2015,#NBA #TrailBlazers Portland Trail Blazers #Adidas Black Swingman Performance Shorts XL http://t.co/QgjLCRwHgp #Sales #Discount
Wed May 06 13:35:12 +0000 2015,L B #TrailBlazers #Cards 2014-15 Panini Select Premier Prizms Light Purple Die Cut 153 C.J. McCollum /99 #Onsale… http://t.co/diyNcSRTVp
Wed May 06 13:34:03 +0000 2015,#Healthy #WeightLoss ReductionGuruMD Presents Ways to Improve Your Weight Loss Results http://t.co/7MmEdCZglz #TrailBlazers #Diet
Wed May 06 13:27:41 +0000 2015,RT @KaalGroup: #Trailblazers #FairSociety @divakarssathya @Samsoprano30 @GraceGrace90 @HolateUK @ian_beckett - guys you are marvellous peop…
Wed May 06 13:19:06 +0000 2015,L L L #TrailBlazers #Cards 2014-15 Panini Threads Damian Lillard Blazers Floor Generals and Twosomes Insert #Onsale… http://t.co/WFRzY87xJa
Wed May 06 13:17:35 +0000 2015,#Healthy #WeightLoss Best Weight Loss Patch Helps to Reduce Food Carvings http://t.co/oeZSnstGpf #TrailBlazers #Diet
Wed May 06 13:08:35 +0000 2015,L C #TrailBlazers #Buzz Portland Trail Blazers #Adidas Primary Logo (Red) Men's Graphic T Shirt… #Deals… http://t.co/c6AKVWqS3h
Wed May 06 12:51:15 +0000 2015,#Healthy #WeightLoss How To Adopt To A Weight Loss Plateau http://t.co/rysSuKagsV #TrailBlazers #Diet … http://t.co/oRWJP3atPD
Wed May 06 12:50:38 +0000 2015,#Sporting #Goods PORTLAND #TrailBlazers-HARDWOOD CLASSIC APPAREL-E-SYSTEM FABRIC-NWT-MENS 2X http://t.co/fYYdgSglLI #Portland
Wed May 06 12:50:38 +0000 2015,#TrailBlazers #Buzz PORTLAND TRAILBLAZERS-HARDWOOD CLASSIC APPAREL-E-SYSTEM FABRIC-NWT-MENS 2X http://t.co/bjWv5ELo6f #Deals #Collectibles
Wed May 06 12:50:37 +0000 2015,#NBA #TrailBlazers PORTLAND TRAILBLAZERS-HARDWOOD CLASSIC APPAREL-E-SYSTEM FABRIC-NWT-MENS 2X http://t.co/6HRSi77nMV #Sales #Discount
Wed May 06 12:48:09 +0000 2015,#Healthy #WeightLoss How To Adopt To A Weight Loss Plateau http://t.co/yKGIzXRhBc #TrailBlazers #Diet
Wed May 06 12:32:07 +0000 2015,L L #TrailBlazers #Cards Scottie Pippen E-X 00-01 2000-01 Essential Credentials Now 002/201 73 #Onsale #Card http://t.co/6ZYvojQWW2
Wed May 06 12:26:37 +0000 2015,L #TrailBlazers #Cards 2014-15 Panini Select Prizms Purple and White #6 LaMarcus Aldridge CON #Onsale #Card http://t.co/yPCL7EePfW
Wed May 06 12:21:08 +0000 2015,L L L #TrailBlazers #Cards Raymond Felton BGS 9.5 GEM MINT 2005-2006 Topps Chrome RC #176 #Onsale #Card http://t.co/rTPBbJsfXo
Wed May 06 12:20:23 +0000 2015,#Healthy #WeightLoss Apparent Benefits Of Garcinia Cambogia http://t.co/nttR11nqKY #TrailBlazers #Diet … http://t.co/vQPuGFclTC
Wed May 06 12:19:10 +0000 2015,#Healthy #WeightLoss Apparent Benefits Of Garcinia Cambogia http://t.co/Cs95pZrF6r #TrailBlazers #Diet
Wed May 06 12:10:12 +0000 2015,L L #NBA #Basketball 2014-15 Panini Gold Standard Basketball 5bx break PORTLAND #TrailBlazers #Cards #Card http://t.co/kjTs4EUZ10
Wed May 06 12:04:39 +0000 2015,L L L #TrailBlazers #Cards 2014-15 Panini Select Premier Prizms Light Purple Die Cut 153 C.J. McCollum /99 #Onsale… http://t.co/P2HA5bdQi6
Wed May 06 12:03:12 +0000 2015,#Healthy #WeightLoss Looking For Diet Tips To Help You Build Muscle? Try These Tips! http://t.co/iXPEWg0aGq #TrailBlazers #Diet
Wed May 06 11:52:35 +0000 2015,L L #TrailBlazers #Cards 2014-15 Panini Threads Damian Lillard Blazers Floor Generals and Twosomes Insert #Onsale… http://t.co/nyM0TWA4Q6
Wed May 06 11:48:19 +0000 2015,#Healthy #WeightLoss Tribex: Male Enhancer or Muscle Builder? http://t.co/ORXWcIfvlt #TrailBlazers #Diet … http://t.co/ZcDqvdCGAB
Wed May 06 11:47:38 +0000 2015,#Healthy #WeightLoss Tribex: Male Enhancer or Muscle Builder? http://t.co/M1Kz4zo347 #TrailBlazers #Diet
Wed May 06 11:46:36 +0000 2015,L L B #TrailBlazers #Buzz Portland Trail Blazers #Adidas Primary Logo (Red) Men's Graphic T Shirt… #Deals… http://t.co/X5SjOUZzx5
Wed May 06 11:37:03 +0000 2015,#portland #trailblazers #RipCity #nba New Portland Trail Blazers Rumors. Wednesday, May 6 2015 http://t.co/n2RB9A90KW
Wed May 06 11:33:12 +0000 2015,#Healthy #WeightLoss Meizitang Slimming Probiotic Supplement http://t.co/eyyKFbXu79 #TrailBlazers #Diet
Wed May 06 11:31:06 +0000 2015,L #NBA #TrailBlazers We Are Rip City - Portland Trail Blazers Printed Tee-Shirt by #Adidas - Adult M #Sales… http://t.co/nASICx1ec3
Wed May 06 11:17:12 +0000 2015,#Healthy #WeightLoss #WeightLoss #Fit Top 5 Ways To Maintain Your Body Weight! http://t.co/TOAYcIwfXY #TrailBlazers #Diet
Wed May 06 11:14:17 +0000 2015,Damian Lillard responds to #Twitter troll in hilarious fashion #DamianLillard #EasternConference #TrailBlazers http://t.co/uxJII7A8B6
Wed May 06 11:05:05 +0000 2015,L #TrailBlazers #Cards Scottie Pippen E-X 00-01 2000-01 Essential Credentials Now 002/201 73 #Onsale #Card http://t.co/biBvVG386K
Wed May 06 11:01:36 +0000 2015,#TrailBlazers #Cards 2014-15 Panini Select Prizms Purple and White #6 LaMarcus Aldridge CON http://t.co/LrNC154Iqo #Onsale #Card
Wed May 06 10:59:35 +0000 2015,L L #TrailBlazers #Cards Raymond Felton BGS 9.5 GEM MINT 2005-2006 Topps Chrome RC #176 #Onsale #Card http://t.co/neKh4QlELv
Wed May 06 10:47:06 +0000 2015,#Healthy #WeightLoss Rapid Weight Loss: The Pros And Cons http://t.co/DgpKYxXGZ3 #TrailBlazers #Diet
Wed May 06 10:45:09 +0000 2015,RT @KaalGroup: #Trailblazers #FairSociety @divakarssathya @Samsoprano30 @GraceGrace90 @HolateUK @ian_beckett - guys you are marvellous peop…
Wed May 06 10:44:30 +0000 2015,#Trailblazers #FairSociety @divakarssathya @Samsoprano30 @GraceGrace90 @HolateUK @ian_beckett - guys you are marvellous people 🙏🏼💐💜😀
Wed May 06 10:44:07 +0000 2015,L #NBA #Basketball 2014-15 Panini Gold Standard Basketball 5bx break PORTLAND #TrailBlazers #Cards #Card http://t.co/2r4oKE5SsB
Wed May 06 10:41:36 +0000 2015,RT @KaalGroup: #Trailblazers #FirstPeoples @PMagouirk @RoknRob121 @StarkeRaving @LewHastings @NativeNow @Chief_Tatanka #Blessings to you al…
Wed May 06 10:41:23 +0000 2015,#Trailblazers #FirstPeoples @PMagouirk @RoknRob121 @StarkeRaving @LewHastings @NativeNow @Chief_Tatanka #Blessings to you all 🐾🙏🏼🌲💐
Wed May 06 10:36:10 +0000 2015,L L #TrailBlazers #Cards 2014-15 Panini Select Premier Prizms Light Purple Die Cut 153 C.J. McCollum /99 #Onsale… http://t.co/FSTF4heeem
Wed May 06 10:31:39 +0000 2015,#Healthy #WeightLoss #WeightLoss #Fit 5 Easy to Follow Rules on Rapid Weight Loss. Tips to Help You Lose Those Vital… #TrailBlazers #Diet
Wed May 06 10:30:06 +0000 2015,L L D #NBA #Basketball LAMARCUS ALDRIDGE 2006 SP SIGNATURE AUTO #Autograph PORTLAND #TrailBlazers #Cards #Card http://t.co/ks2VFleBbM
Wed May 06 10:17:36 +0000 2015,L #TrailBlazers #Cards 2014-15 Panini Threads Damian Lillard Blazers Floor Generals and Twosomes Insert #Onsale… http://t.co/EhvMH1p75F
Wed May 06 10:11:36 +0000 2015,L B #TrailBlazers #Buzz Portland Trail Blazers #Adidas Primary Logo (Red) Men's Graphic T Shirt… #Deals… http://t.co/NpJl3yd2cV
Wed May 06 10:01:09 +0000 2015,#Healthy #WeightLoss The Higher This System Will Do the Job to Help You You Lose Weight http://t.co/kTn7Bi3Pu4 #TrailBlazers #Diet
Wed May 06 09:55:34 +0000 2015,L #TrailBlazers #Cards 2003 Topps Chrome #133 Travis Outlaw RC ID:138327 #Onsale #Card http://t.co/BH81xkcZGv
Wed May 06 09:52:08 +0000 2015,#NBA #TrailBlazers We Are Rip City - Portland Trail Blazers Printed Tee-Shirt by #Adidas - Adult M http://t.co/YH4TFwFuQi #Sales #Discount
Wed May 06 09:44:36 +0000 2015,#Healthy #WeightLoss Best Fat Loss Product - Drop That Weight http://t.co/e41Aa3SCzT #TrailBlazers #Diet
Wed May 06 09:41:35 +0000 2015,#TrailBlazers #Cards Scottie Pippen E-X 00-01 2000-01 Essential Credentials Now 002/201 73 http://t.co/ijCdebkCgM #Onsale #Card
Wed May 06 09:40:35 +0000 2015,L #TrailBlazers #Cards Raymond Felton BGS 9.5 GEM MINT 2005-2006 Topps Chrome RC #176 #Onsale #Card http://t.co/GXDBezHPnH
Wed May 06 09:29:05 +0000 2015,#Healthy #WeightLoss Top Ten 10 Minute Solution #Fitness DVDs http://t.co/KPhTWxzocU #TrailBlazers #Diet
Wed May 06 09:25:09 +0000 2015,#NBA #Basketball 2014-15 Panini Gold Standard Basketball 5bx break PORTLAND #TrailBlazers http://t.co/mqq0IyPTRB #Cards #Card
