Wed May 06 16:07:13 +0000 2015,Blue Jays, Bills, Timberwolves and Oilers Are Parched in the Postseason| http://t.co/xYwQXe19Vn #NBA #TWolves
Wed May 06 15:54:31 +0000 2015,Report: If #TWolves #Timberwolves get #1, they would only seriously consider #NBADraft C-PF Karl-Anthony Towns and C Jahlil Okafor.
Wed May 06 15:37:10 +0000 2015,#Timberwolves #TWolves #Wolves NBA Playoffs: Hawks and Grizzlies Tie up Series with Game 2 Victories http://t.co/990wdSZEa6
Wed May 06 15:32:11 +0000 2015,Top 10 Tweets of the Week | April 29 - May 5| http://t.co/EadUjSVDbu #NBA #TWolves
Wed May 06 15:29:21 +0000 2015,#andrewwiggins #twolves #nba #nba2k15 he jump over #VictorOladipo #orlandomagic https://t.co/halziq2BUf
Wed May 06 15:28:06 +0000 2015,#cwgieselman enjoy #Foodie of the game as well with #TargetCtrEats #Twolves http://t.co/zy6O4yQmV7
Wed May 06 14:53:02 +0000 2015,RT @MinnesotaMunn: @cwgieselman enjoy #Foodie of the game as well with @TargetCtrEats #Twolves
Wed May 06 14:52:43 +0000 2015,RT @MinnesotaMunn: @cwgieselman enjoy #Foodie of the game as well with @TargetCtrEats #Twolves
Wed May 06 14:37:24 +0000 2015,Winning NBA Rookie of the Year Is Perfect Launching Pad for Andrew Wiggins| http://t.co/RGOxZ2JAZM #NBA #TWolves
Wed May 06 14:20:32 +0000 2015,Do the Timberwolves prefer Jahlil Okafor over Karl-Anthony Towns?: Ever since the season has ended fo... http://t.co/f6chrrKyeJ #TWolves
Wed May 06 14:02:22 +0000 2015,Wolves Big Board, 2012| http://t.co/WbEI0btHeZ #NBA #TWolves
Wed May 06 13:58:43 +0000 2015,RT @DWolfsonKSTP: Tyus Jones on a possible reunion w/ Okafor w/ the #Twolves: "If that were to happen, &amp; in Minnesota, that would just be t…
Wed May 06 13:58:41 +0000 2015,RT @Anti_Homer: @PAOnTheMic Need some positivity in #Loserville. #MNTwins #Twolves #mnwild killin the vibe. Please bring @neg_dave to make …
Wed May 06 13:56:37 +0000 2015,@PAOnTheMic Need some positivity in #Loserville. #MNTwins #Twolves #mnwild killin the vibe. Please bring @neg_dave to make us laugh #Faith
Wed May 06 13:44:57 +0000 2015,Report: #TWolves #Timberwolves biggest question mark going into summer is if president Flip S will remain head coach or return as just prez.
Wed May 06 13:44:06 +0000 2015,Report: #TWolves #Timberwolves aren't expecting significant trade return for either SG-SF Kevin Martin or SF-SG Chase Budinger.
Wed May 06 13:43:35 +0000 2015,Report: #TWolves #Timberwolves head coach, president and part-owner Flip Saunders likes SG-SF Kevin Martin and won't give him up easily.
Wed May 06 13:43:04 +0000 2015,Report: It will be easier for #TWolves #Timberwolves to find trade partners for SG-SF Kevin Martin and SF-SG Chase Budinger in offseason.
Wed May 06 13:27:20 +0000 2015,Playoffs Nightly Recap | May 5| http://t.co/RKrNwR26mo #NBA #TWolves
Wed May 06 09:52:29 +0000 2015,Is this the world's greatest fan?! #NBA #Twolves #KG https://t.co/N5Klfh2zFX http://t.co/cBtzlO1Uaz
Wed May 06 09:22:31 +0000 2015,Andrew Wiggins Wins 2014-15 NBA Rookie of the Year Award| http://t.co/UdZXvYRgUK #NBA #TWolves
Wed May 06 08:12:27 +0000 2015,Plan LeB :Cavaliers star LeBron James says he may change his mindset for Game 2 against Bulls| http://t.co/EoHna0xEhI #NBA #TWolves
Wed May 06 07:37:25 +0000 2015,NBA Playoffs :Rockets Blow Lead, Lose to Clippers at Home| http://t.co/7yJ6MYpvmX #NBA #TWolves
Wed May 06 07:02:23 +0000 2015,Thunder&amp;#8217;s Playoff Streak Ends at 5 Years| http://t.co/qHXJPOMtuv #NBA #TWolves
Wed May 06 06:14:26 +0000 2015,http://t.co/y2mpdiy2PY [Star Tribune] - Mike Conley scores 22 in comeback, leads Grizzlie #NBA #TWolves http://t.co/dYfnv1JqyZ
Wed May 06 05:57:10 +0000 2015,RT @DWolfsonKSTP: ICYMI late last night: Flip won't get to see Nemanja Bjelica play on his European voyage. Hear groin injury. Out 2 weeks.…
Wed May 06 05:04:33 +0000 2015,Seasons without a pro championship: #Vikings (54), NStars/ #mnwild (40), #twolves (26), #mntwins (23), #loslynx… http://t.co/mfmin8xXxU
Wed May 06 04:33:16 +0000 2015,http://t.co/qbG97MyA7H With injured Wall out, top seed Hawks hand Wizards 1st playoff los #NBA #TWolves http://t.co/xcXASvh1KA
Wed May 06 04:19:50 +0000 2015,RT @dbrauer: Seasons without a pro championship: #Vikings (54), NStars/ #mnwild (40), #twolves (26), #mntwins (23), #loslynx (1). #realminn…
Wed May 06 04:14:00 +0000 2015,RT @tatts_sports: Is this the world's greatest fan?! #NBA #Twolves #KG/https://t.co/wmyLvw1pSE
Wed May 06 04:01:28 +0000 2015,#Timberwolves #TWolves With injured Wall out, top seed Hawks hand Wizards 1st playoff loss, 106-90, even serie.. http://t.co/WDQUv0DZyT
Wed May 06 04:00:57 +0000 2015,RT @tatts_sports: Is this the world's greatest fan?! #NBA #Twolves #KG/https://t.co/wmyLvw1pSE
Wed May 06 04:00:42 +0000 2015,RT @tatts_sports: Is this the world's greatest fan?! #NBA #Twolves #KG/https://t.co/wmyLvw1pSE
Wed May 06 03:56:33 +0000 2015,#Timberwolves #TWolves TIPOFF: Clippers' Doc Rivers says Chris Paul '50-50' for Game 2; Rose raring to go for .. http://t.co/QW5PPS9fgS
Wed May 06 03:51:32 +0000 2015,#Timberwolves #TWolves Plan LeB: Cavaliers star LeBron James says he may change his mindset for Game 2 against.. http://t.co/jREeiO6NU6
Wed May 06 03:46:31 +0000 2015,#Timberwolves #TWolves Isiah Thomas to run WNBA's Liberty, working again for Garden Chairman James Dolan http://t.co/BHEICPPz7l
Wed May 06 03:41:27 +0000 2015,#Timberwolves #TWolves No CP3, No Problem: Griffin's triple-double leads Clippers over Rockets 117-101 in Game 1 http://t.co/uZUTAk7sgn
Wed May 06 03:37:16 +0000 2015,RT @dbrauer: Seasons without a pro championship: #Vikings (54), NStars/ #mnwild (40), #twolves (26), #mntwins (23), #loslynx (1). #realminn…
Wed May 06 03:37:07 +0000 2015,#Timberwolves #TWolves Rand: Curry's MVP selection forces Wolves to revisit '09 draft http://t.co/Pj4Xa2Qzh6
Wed May 06 03:37:02 +0000 2015,http://t.co/y2mpdiy2PY [Pioneer Press] - With injured Wall out, top seed Hawks hand Wizar #NBA #TWolves http://t.co/07F0ofqmhN
Wed May 06 03:32:10 +0000 2015,Prize Rose :Bulls guard Derrick Rose scores 25, leads Chicago to 99-92 win over Cavs in opener| http://t.co/KFC1i3EwSx #NBA #TWolves
Wed May 06 03:29:50 +0000 2015,Too bad he's not talking about Minnesota sports teams.. #mnwild, #Vikings, #mntwins, #Twolves-&gt; http://t.co/vYnd7301kI via @youtube
Wed May 06 03:25:16 +0000 2015,RT @dbrauer: Seasons without a pro championship: #Vikings (54), NStars/ #mnwild (40), #twolves (26), #mntwins (23), #loslynx (1). #realminn…
Wed May 06 03:19:23 +0000 2015,RT @dbrauer: Seasons without a pro championship: #Vikings (54), NStars/ #mnwild (40), #twolves (26), #mntwins (23), #loslynx (1). #realminn…
Wed May 06 03:11:35 +0000 2015,RT @dbrauer: Seasons without a pro championship: #Vikings (54), NStars/ #mnwild (40), #twolves (26), #mntwins (23), #loslynx (1). #realminn…
Wed May 06 03:07:32 +0000 2015,RT @dbrauer: Seasons without a pro championship: #Vikings (54), NStars/ #mnwild (40), #twolves (26), #mntwins (23), #loslynx (1). #realminn…
Wed May 06 03:05:47 +0000 2015,RT @dbrauer: Seasons without a pro championship: #Vikings (54), NStars/ #mnwild (40), #twolves (26), #mntwins (23), #loslynx (1). #realminn…
Wed May 06 03:03:29 +0000 2015,RT @dbrauer: Seasons without a pro championship: #Vikings (54), NStars/ #mnwild (40), #twolves (26), #mntwins (23), #loslynx (1). #realminn…
Wed May 06 02:58:12 +0000 2015,Had a chance to workout my first NBA player ever today. Adreian Payne put in work! #Twolves http://t.co/dkW6GVRXnf http://t.co/RigtPKN6Cy
Wed May 06 02:57:34 +0000 2015,Wolves Big Board, 2012| http://t.co/WbEI0btHeZ #NBA #TWolves
Wed May 06 02:57:16 +0000 2015,Seasons without a pro championship: #Vikings (54), NStars/ #mnwild (40), #twolves (26), #mntwins (23), #loslynx (1). #realminnesota
Wed May 06 02:53:44 +0000 2015,http://t.co/LpVHdHWD04 2004 Minnesota Timberwolves Kevin Garnett Sports Illustrated ma #TWolves http://t.co/oMvtxKw0WN
Wed May 06 02:42:04 +0000 2015,RT @schilling_cody: Had a chance to workout my first NBA player ever today. Adreian Payne put in work! #Twolves http://t.co/wTgsHzoGGk
Wed May 06 02:40:30 +0000 2015,RT @schilling_cody: Had a chance to workout my first NBA player ever today. Adreian Payne put in work! #Twolves http://t.co/wTgsHzoGGk
Wed May 06 02:22:32 +0000 2015,By :Marty Susman| http://t.co/s85hI3s2ta #NBA #TWolves
Wed May 06 02:17:45 +0000 2015,#Timberwolves #TWolves #Wolves Winning NBA Rookie of the Year Is Perfect Launching Pad for Andrew Wiggins http://t.co/Q4PhvRFkvY
Wed May 06 02:09:23 +0000 2015,RT @schilling_cody: Had a chance to workout my first NBA player ever today. Adreian Payne put in work! #Twolves http://t.co/wTgsHzoGGk
Wed May 06 02:04:08 +0000 2015,RT @schilling_cody: Had a chance to workout my first NBA player ever today. Adreian Payne put in work! #Twolves http://t.co/wTgsHzoGGk
Wed May 06 02:02:52 +0000 2015,RT @schilling_cody: Had a chance to workout my first NBA player ever today. Adreian Payne put in work! #Twolves http://t.co/wTgsHzoGGk
Wed May 06 02:00:49 +0000 2015,RT @schilling_cody: Had a chance to workout my first NBA player ever today. Adreian Payne put in work! #Twolves http://t.co/wTgsHzoGGk
Wed May 06 01:58:43 +0000 2015,RT @schilling_cody: Had a chance to workout my first NBA player ever today. Adreian Payne put in work! #Twolves http://t.co/wTgsHzoGGk
Wed May 06 01:57:14 +0000 2015,Had a chance to workout my first NBA player ever today. Adreian Payne put in work! #Twolves http://t.co/wTgsHzoGGk
Wed May 06 01:47:29 +0000 2015,Blue Jays, Bills, Timberwolves and Oilers Are Parched in the Postseason| http://t.co/xYwQXe19Vn #NBA #TWolves
Wed May 06 01:39:01 +0000 2015,Minnesota Timberwolves Keys to Success in 2015-16: Three-point shooting: It’s interesting writing abo... http://t.co/lpmNBWXlyx #TWolves
Wed May 06 00:52:21 +0000 2015,http://t.co/y2mpdiy2PY [SB Nation: Canis Hoopus] - NBA Playoffs: Wizards at Hawks, Grizzl #NBA #TWolves http://t.co/3UsGFyOie4
Tue May 05 23:38:45 +0000 2015,RT @WolvesViews: #Timberwolves #TWolves #Wolves NBA Playoffs: Wizards at Hawks, Grizzlies at Warriors http://t.co/vwI2S9vxKM
Tue May 05 23:37:23 +0000 2015,#Timberwolves #TWolves #Wolves NBA Playoffs: Wizards at Hawks, Grizzlies at Warriors http://t.co/vwI2S9vxKM
Tue May 05 23:27:21 +0000 2015,Playoffs Nightly Recap | May 5| http://t.co/RKrNwR26mo #NBA #TWolves
Tue May 05 23:06:48 +0000 2015,Can the #twolves please put together an offer sheet to overpay Danny Green? Rubio passing to Wiggins and Green would look quite nice...
Tue May 05 23:03:44 +0000 2015,RT @CarlosGphoto: The expressions of KG. Kevin Garnett during his 1st game back with the Minnesota Timberwolves #Twolves @StribSports http:…
Tue May 05 23:01:00 +0000 2015,RT @AaronGroshong: Wiggins on Minnesota: 'I Hope I'm Here Forever' http://t.co/SsujuJpZaJ-- #NBA #Twolves #KU
Tue May 05 22:52:19 +0000 2015,Plan LeB :Cavaliers star LeBron James says he may "change my mindset" in Game 2 against Bulls| http://t.co/EoHna0xEhI #NBA #TWolves
Tue May 05 22:24:27 +0000 2015,#wiggins #minnesota #twolves #louwill #Raptors #stephcurry #scurry #goldenstate #gsw #drake https://t.co/9rjRudpv8z
Tue May 05 22:17:17 +0000 2015,Winning NBA Rookie of the Year Is Perfect Launching Pad for Andrew Wiggins| http://t.co/RGOxZ2JAZM #NBA #TWolves
Tue May 05 22:14:15 +0000 2015,http://t.co/y2mpdiy2PY [NBA] - Top 10 Tweets of the Week | April 29 - May 5  #NBA #TWolves http://t.co/NsxAAWJgsD
Tue May 05 22:05:10 +0000 2015,http://t.co/vzOUYGKlWD Top 10 Tweets of the Week | April 29 - May 5  #TWolves http://t.co/Edyz9lEFQD
Tue May 05 21:56:36 +0000 2015,RT @Twolves_PR: New skyway wall honoring @22wiggins outside of the #Twolves admin offices courtesy of @adidasHoops http://t.co/wPvB0UMSU3
Tue May 05 21:25:58 +0000 2015,RT @LOYALtoaTEE: He knows. #Drake #OVO//#DubNation #Raptors #WeTheNorth #AndrewWiggins #TWolves http://t.co/qcUNWVyzxR
Tue May 05 21:21:55 +0000 2015,Wiggins on Minnesota: 'I Hope I'm Here Forever' http://t.co/SsujuJpZaJ-- #NBA #Twolves #KU
Tue May 05 21:20:44 +0000 2015,RT @Twolves_PR: New skyway wall honoring @22wiggins outside of the #Twolves admin offices courtesy of @adidasHoops http://t.co/wPvB0UMSU3
Tue May 05 21:07:56 +0000 2015,De las pocas alegrías este año en #Twolves el rookie del año para @22wiggins a ver si las lesiones perdonan el año que viene #nbapls
Tue May 05 20:48:48 +0000 2015,RT @DWolfsonKSTP: Before heading to the Combine late next week in Chicago, Jahlil Okafor is training in Santa Barbara at Peak Performance P…
Tue May 05 20:41:38 +0000 2015,RT @WolvesLynxAcad: Check out our 2015 Summer Camp Schedule! #LosLynx #Twolves http://t.co/PLlVvGOzfV
Tue May 05 20:40:34 +0000 2015,RT @TWolves_news: Thunder&amp;#8217;s Playoff Streak Ends at 5 Years| http://t.co/qHXJPOMtuv #NBA #TWolves
Tue May 05 20:32:11 +0000 2015,Thunder&amp;#8217;s Playoff Streak Ends at 5 Years| http://t.co/qHXJPOMtuv #NBA #TWolves
Tue May 05 20:32:04 +0000 2015,RT @Twolves_PR: New skyway wall honoring @22wiggins outside of the #Twolves admin offices courtesy of @adidasHoops http://t.co/wPvB0UMSU3
Tue May 05 20:11:02 +0000 2015,RT @Twolves_PR: New skyway wall honoring @22wiggins outside of the #Twolves admin offices courtesy of @adidasHoops http://t.co/wPvB0UMSU3
Tue May 05 20:09:05 +0000 2015,RT @Twolves_PR: New skyway wall honoring @22wiggins outside of the #Twolves admin offices courtesy of @adidasHoops http://t.co/wPvB0UMSU3
Tue May 05 20:08:05 +0000 2015,RT @LOYALtoaTEE: He knows. #Drake #OVO//#DubNation #Raptors #WeTheNorth #AndrewWiggins #TWolves http://t.co/qcUNWVyzxR
Tue May 05 20:04:19 +0000 2015,New skyway wall honoring #22wiggins outside of the #Twolves admin offices courtesy of #adidasHoops… http://t.co/QOOq7CanMY
Tue May 05 19:58:26 +0000 2015,RT @LOYALtoaTEE: He knows. #Drake #OVO//#DubNation #Raptors #WeTheNorth #AndrewWiggins #TWolves http://t.co/qcUNWVyzxR
Tue May 05 19:57:40 +0000 2015,RT @LOYALtoaTEE: He knows. #Drake #OVO//#DubNation #Raptors #WeTheNorth #AndrewWiggins #TWolves http://t.co/qcUNWVyzxR
Tue May 05 19:56:36 +0000 2015,RT @Twolves_PR: New skyway wall honoring @22wiggins outside of the #Twolves admin offices courtesy of @adidasHoops http://t.co/wPvB0UMSU3
Tue May 05 19:53:01 +0000 2015,RT @Twolves_PR: New skyway wall honoring @22wiggins outside of the #Twolves admin offices courtesy of @adidasHoops http://t.co/wPvB0UMSU3
Tue May 05 19:51:13 +0000 2015,RT @DWolfsonKSTP: Before heading to the Combine late next week in Chicago, Jahlil Okafor is training in Santa Barbara at Peak Performance P…
Tue May 05 19:51:08 +0000 2015,RT @Twolves_PR: New skyway wall honoring @22wiggins outside of the #Twolves admin offices courtesy of @adidasHoops http://t.co/wPvB0UMSU3
Tue May 05 19:46:20 +0000 2015,RT @DWolfsonKSTP: Before heading to the Combine late next week in Chicago, Jahlil Okafor is training in Santa Barbara at Peak Performance P…
Tue May 05 19:45:56 +0000 2015,RT @Twolves_PR: New skyway wall honoring @22wiggins outside of the #Twolves admin offices courtesy of @adidasHoops http://t.co/wPvB0UMSU3
Tue May 05 19:45:10 +0000 2015,RT @Twolves_PR: New skyway wall honoring @22wiggins outside of the #Twolves admin offices courtesy of @adidasHoops http://t.co/wPvB0UMSU3
Tue May 05 19:42:24 +0000 2015,RT @Twolves_PR: New skyway wall honoring @22wiggins outside of the #Twolves admin offices courtesy of @adidasHoops http://t.co/wPvB0UMSU3
