Wed May 06 16:08:18 +0000 2015,#UtahJazz #jazznation #gojazz #utah New Utah Jazz Rumors. Wednesday, May 6 2015 http://t.co/T77zlkzQwA
Wed May 06 16:07:28 +0000 2015,Pacers Win Tiebreaker For 11th Lottery Position| http://t.co/ffLPASYUTE #NBA #UtahJazz
Wed May 06 15:50:13 +0000 2015,2014/15 D-League Usage Report :Grizzlies http://t.co/UEYxyEUkD6 #UtahJazz #NBA
Wed May 06 15:43:48 +0000 2015,RT @SLCBlues: Comienzan los workouts de cara al Draft http://t.co/IxRmxFoN0d aquí os lo contamos todo #JazzNation #UtahJazz http://t.co/HCd…
Wed May 06 15:35:25 +0000 2015,RT @dianaallen: Complete awesomeness! #UtahJazz https://t.co/7LfkedXz0i
Wed May 06 15:32:26 +0000 2015,Rod Hundley, an Outsize Personality on and Off the Court, Dies at 80| http://t.co/dKcvvnn5pY #NBA #UtahJazz
Wed May 06 15:32:04 +0000 2015,Una delle combo più devastanti della storia. #UtahJazz #StocktonToMalone/John Stockton (all-time leader in... http://t.co/amiYklse8E
Wed May 06 15:30:14 +0000 2015,Complete awesomeness! #UtahJazz https://t.co/7LfkedXz0i
Wed May 06 15:30:11 +0000 2015,Western Notes :Pelicans, Curry, Batum http://t.co/vet2ahUpX1 #UtahJazz #NBA
Wed May 06 15:14:42 +0000 2015,Comienzan los workouts de cara al Draft http://t.co/IxRmxFoN0d aquí os lo contamos todo #JazzNation #UtahJazz http://t.co/HCdC1JzQ2e
Wed May 06 15:07:31 +0000 2015,Report: There's mutual interest between #UtahJazz #Jazz and rookie SF-SG Joe Ingles in re-signing.
Wed May 06 15:07:15 +0000 2015,#UtahJazz #gojazz Utah Jazz: Trey Burke heads into important offseason http://t.co/RwYn58lUp6
Wed May 06 15:04:21 +0000 2015,#UtahJazz News Conley comes back, leads Grizzlies past Warriors 97-90: Mike Conley returned just eight days af... http://t.co/A7Zg9Fi3NY
Wed May 06 15:03:26 +0000 2015,#UtahJazz: #TreyBurke heads into important offseason | #TheSaltLakeTribune http://t.co/WDhcbDo3lR #eyebalz #buzz
Wed May 06 14:45:13 +0000 2015,NBA Playoffs 2015 :East and West leaders looking to win big in Game 2 http://t.co/nDFQHWLeP9 #UtahJazz #NBA
Wed May 06 14:37:39 +0000 2015,Nets Fall to the Jazz; Tony Parker Lifts the Spurs| http://t.co/wKhYy9g6J4 #NBA #UtahJazz
Wed May 06 14:25:13 +0000 2015,NBA Draft 2015 :Utah Jazz GM Dennis Lindsey finds a way to find hidden gems http://t.co/d9E2Gvujo4 #UtahJazz #NBA
Wed May 06 14:18:38 +0000 2015,#NBA #UtahJazz - NWT ADIDAS JEFF HORNACEK #14 UTAH JAZZ SOUL SWINGMAN SEWN JERSEY SIZE ... http://t.co/wbGSKQU4mj http://t.co/lQmogZfBKD
Wed May 06 14:18:38 +0000 2015,#NBA #UtahJazz - NWT ADIDAS JEFF HORNACEK #14 UTAH JAZZ SOUL SWINGMAN SEWN JERSEY SIZE ... http://t.co/eQsYSndiKa http://t.co/k33Sm3HFUt
Wed May 06 14:18:38 +0000 2015,#NBA #UtahJazz - TWO UTAH JAZZ NEOPRENE POCKET CAN KADDYS FROM KOLDER:  $8.99End Date: ... http://t.co/OUoT7egQak http://t.co/lQmogZfBKD
Wed May 06 14:18:38 +0000 2015,#NBA #UtahJazz - TWO UTAH JAZZ NEOPRENE POCKET CAN KADDYS FROM KOLDER:  $8.99End Date: ... http://t.co/D0yFV3Xf34 http://t.co/k33Sm3HFUt
Wed May 06 14:18:38 +0000 2015,#NBA #UtahJazz - UTAH JAZZ FLEXFIT FITTED S/M HAT DARK BLUE EMBROIDERED LOGO GOOD CONDI... http://t.co/evH5FC5pn5 http://t.co/k33Sm3HFUt
Wed May 06 14:18:38 +0000 2015,#NBA #UtahJazz - Utah Jazz Women's Shirt Size Small Gray And Navy Blue With Rhinestones... http://t.co/skGbKQthk9 http://t.co/k33Sm3HFUt
Wed May 06 14:18:37 +0000 2015,#NBA #UtahJazz - Deron Williams #8 D-Will Utah Jazz Basketball T-Shirt, Adult 2XL, 2X, ... http://t.co/k7rfeQ7veL http://t.co/k33Sm3HFUt
Wed May 06 14:12:45 +0000 2015,#UtahJazz #jazznation #gojazz #forum SLC Dunk - Utah Jazz Pre-Draft Workouts Begin: The Downbeat #1619 http://t.co/cNrgf6l4L9
Wed May 06 14:08:07 +0000 2015,#UtahJazz #jazznation #gojazz #forum Locked on Jazz - TIP OFF - May 6th - Grizzlies, Mike Conley to Trey Burke http://t.co/weDqbhKb8W
Wed May 06 14:05:12 +0000 2015,Golden State Warriors star Stephen Curry wins NBA MVP http://t.co/5IkA3i4l7M #UtahJazz #NBA
Wed May 06 14:02:37 +0000 2015,Northwest Notes :Donovan, Blazers, Pleiss| http://t.co/QldDXBo6lS #NBA #UtahJazz
Wed May 06 13:47:07 +0000 2015,#NBA #UtahJazz - UTAH JAZZ FLEXFIT FITTED S/M HAT DARK BLUE EMBROIDERED LOGO GOOD CONDI... http://t.co/6OwlvkxLxl http://t.co/lQmogZfBKD
Wed May 06 13:47:06 +0000 2015,#NBA #UtahJazz - Utah Jazz Women's Shirt Size Small Gray And Navy Blue With Rhinestones... http://t.co/S32etTqrG0 http://t.co/lQmogZfBKD
Wed May 06 13:47:06 +0000 2015,#NBA #UtahJazz - Deron Williams #8 D-Will Utah Jazz Basketball T-Shirt, Adult 2XL, 2X, ... http://t.co/dttDkxeLBS http://t.co/lQmogZfBKD
Wed May 06 13:08:10 +0000 2015,#UtahJazz #jazznation #gojazz #utah Utah Jazz Pre-Draft Workouts Begin: The Downbeat #1619 http://t.co/KqOhbi92Fr
Wed May 06 13:05:11 +0000 2015,Jazz need to find a back-up big man http://t.co/aQel8bwY9h #UtahJazz #NBA
Wed May 06 12:55:22 +0000 2015,#NBA #UtahJazz - Utah Jazz Men's T-Shirt, Gray, Size Small:  $0.99End Date: Friday Jun-... http://t.co/Am3cp5T8oz http://t.co/lQmogZfBKD
Wed May 06 12:55:22 +0000 2015,#NBA #UtahJazz - Utah Jazz Men's T-Shirt, Gray, Size Small:  $0.99End Date: Friday Jun-... http://t.co/By3OwxFTs1 http://t.co/k33Sm3HFUt
Wed May 06 12:45:10 +0000 2015,Draft Notes :Mudiay, Towns, Mickey http://t.co/rMLw6GkKag #UtahJazz #NBA
Wed May 06 12:25:09 +0000 2015,Central Notes :Thompson, Griffin, Gibson http://t.co/rWo1XcfS9h #UtahJazz #NBA
Wed May 06 11:33:15 +0000 2015,#NBA #UtahJazz - Utah Jazz zip-up hoodie NEW LARGE L NBA store authentic sweatshirt RET... http://t.co/8kycawOEuX http://t.co/k33Sm3HFUt
Wed May 06 11:05:52 +0000 2015,#NBA #UtahJazz - Utah Jazz zip-up hoodie NEW LARGE L NBA store authentic sweatshirt RET... http://t.co/ZPgWAdoQKE http://t.co/lQmogZfBKD
Wed May 06 10:40:15 +0000 2015,Golden State Warriors star Stephen Curry wins NBA MVP http://t.co/5IkA3ilVZk #UtahJazz #NBA
Wed May 06 10:32:25 +0000 2015,Rodney Hood Named NBAâs Western Conference Rookie of the Month for April| http://t.co/SQCYvIBTqc #NBA #UtahJazz
Wed May 06 09:22:45 +0000 2015,Cavaliers Make 19 3-Pointers to Overwhelm Hawks; Grizzlies Continue Fast Start| http://t.co/iV5bgy40bO #NBA #UtahJazz
Wed May 06 08:40:04 +0000 2015,2014/15 D-League Usage Report :Grizzlies http://t.co/UEYxyEUkD6 #UtahJazz #NBA
Wed May 06 08:20:04 +0000 2015,Western Notes :Pelicans, Curry, Batum http://t.co/vet2ahUpX1 #UtahJazz #NBA
Wed May 06 08:12:41 +0000 2015,And-Ones :Bhamara, Jazz, Brooks| http://t.co/NVtq9nQnui #NBA #UtahJazz
Wed May 06 08:06:58 +0000 2015,#NBA #UtahJazz - Karl·Malone No.32 Utah Jazz purple jersey Men's Size S M L XL XXL:  $4... http://t.co/rEWT9vtgCv http://t.co/k33Sm3q52V
Wed May 06 08:06:57 +0000 2015,#NBA #UtahJazz - John Houston Stockton No.12 Utah Jazz purple jersey Men's Size S M L X... http://t.co/IMLqNgKeOS http://t.co/k33Sm3q52V
Wed May 06 07:37:39 +0000 2015,The RoundupâJazz 91, Rockets 117| http://t.co/PA2COp5wJz #NBA #UtahJazz
Wed May 06 07:36:59 +0000 2015,#NBA #UtahJazz - Karl·Malone No.32 Utah Jazz purple jersey Men's Size S M L XL XXL:  $4... http://t.co/NEBsZeWCpe http://t.co/lQmogZxd9d
Wed May 06 07:36:59 +0000 2015,#NBA #UtahJazz - John Houston Stockton No.12 Utah Jazz purple jersey Men's Size S M L X... http://t.co/HjHwMz3JP3 http://t.co/lQmogZxd9d
Wed May 06 07:36:35 +0000 2015,#UtahJazz #jazznation #gojazz #utah Positional Risers: SG (Rotoworld) http://t.co/mba0Tz6XWT
Wed May 06 07:02:37 +0000 2015,And-Ones :Martin, Fontecchio, Jazz| http://t.co/CHBjfjVoqo #NBA #UtahJazz
Wed May 06 07:02:07 +0000 2015,#NBA #UtahJazz - NBA UTAH JAZZ, ADIDAS, L, CAP, TEAM SECOND CLR, LARGE/XLGR.:  $14.00En... http://t.co/xlprff8l3r http://t.co/k33Sm3q52V
Wed May 06 07:02:06 +0000 2015,#NBA #UtahJazz - Adidas Navy Blue Utah Jazz Long Sleeved Polo Golf Shirt NBA Medium:  $... http://t.co/OqqkkzpSfp http://t.co/k33Sm3q52V
Wed May 06 06:46:19 +0000 2015,I'm all in on this one. #UtahJazz #HouseOfBlues #NBA #JazzNation
Wed May 06 06:32:22 +0000 2015,#NBA #UtahJazz - NBA UTAH JAZZ, ADIDAS, L, CAP, TEAM SECOND CLR, LARGE/XLGR.:  $14.00En... http://t.co/cllFMQiJCe http://t.co/lQmogZxd9d
Wed May 06 06:32:22 +0000 2015,#NBA #UtahJazz - Adidas Navy Blue Utah Jazz Long Sleeved Polo Golf Shirt NBA Medium:  $... http://t.co/yxT6gWBmBM http://t.co/lQmogZxd9d
Wed May 06 05:55:09 +0000 2015,Magic Notes :Gordon, Dedmon, Donovan http://t.co/Ojb5Fc33j3 #UtahJazz #NBA
Wed May 06 05:52:33 +0000 2015,Jazz Rookie Bryce Cotton Selected to All-NBA D-League Second Team| http://t.co/j3WC9zpI97 #NBA #UtahJazz
Wed May 06 05:35:09 +0000 2015,Draft History :Rich Cho http://t.co/RoozY74LOO #UtahJazz #NBA
Wed May 06 05:15:08 +0000 2015,Draft Notes :Mudiay, Towns, Mickey http://t.co/rMLw6GkKag #UtahJazz #NBA
Wed May 06 04:55:04 +0000 2015,Central Notes :Thompson, Griffin, Gibson http://t.co/rWo1XcfS9h #UtahJazz #NBA
Wed May 06 04:48:05 +0000 2015,#SBNation #UtahJazz Downbeat #1618: Lindsey finds gems, and more! http://t.co/iUZbKnWIcM http://t.co/a5mtzFWf8B
Wed May 06 04:42:29 +0000 2015,Pacers Win Tiebreaker For 11th Lottery Position| http://t.co/ffLPASYUTE #NBA #UtahJazz
Wed May 06 04:24:00 +0000 2015,#NBA #UtahJazz - New w/o tags NBA White adidas Utah Jazz OSFA Hat Cap:  $10.95End Date:... http://t.co/vvxRtujDUa http://t.co/lQmogZxd9d
Wed May 06 04:23:59 +0000 2015,#NBA #UtahJazz - New w/o tags NBA Blue Purple Reebok Utah Jazz Tactel OSFA Hat Cap:  $1... http://t.co/6lwoonPkrj http://t.co/lQmogZxd9d
Wed May 06 04:23:59 +0000 2015,#NBA #UtahJazz - New w/o tags NBA White adidas Utah Jazz Small-Medium Hat Cap:  $10.95E... http://t.co/RMRvVHJGV5 http://t.co/lQmogZxd9d
Wed May 06 04:23:58 +0000 2015,#NBA #UtahJazz - Utah jazz jersey Malone:  $40.00End Date: Tuesday May-12-2015 20:40:42... http://t.co/ofCELRVOvM http://t.co/lQmogZxd9d
Wed May 06 04:23:58 +0000 2015,#NBA #UtahJazz - Utah jazz jersey Stockton:  $40.00End Date: Tuesday May-12-2015 20:39:... http://t.co/pXmaWczB2G http://t.co/lQmogZxd9d
Wed May 06 04:08:06 +0000 2015,#UtahJazz #jazznation #gojazz #forum Salt City Hoops - Has the Door Closed on Jeremy Evans in Utah? http://t.co/xLz3fWplSe
Wed May 06 03:20:11 +0000 2015,#NBA #UtahJazz - Karl Malone Utah Jazz Adidas HWC Jersey:  $70.00End Date: Thursday Jun... http://t.co/UzFEw1YXaw http://t.co/lQmogZxd9d
Wed May 06 03:09:00 +0000 2015,@RozJoe Joe, I'm watching the game, not time for life history 😜 #UtahJazz for LIFE!
Wed May 06 03:07:11 +0000 2015,#UtahJazz #jazznation #gojazz #utah Has the Door Closed on Jeremy Evans in Utah? http://t.co/Zla6SQnjFt
Wed May 06 02:57:49 +0000 2015,Rod Hundley, an Outsize Personality on and Off the Court, Dies at 80| http://t.co/dKcvvnn5pY #NBA #UtahJazz
Wed May 06 02:51:34 +0000 2015,#KyleKorver is my favorite player since he played for the #UtahJazz. #Korver #3PointMachine
Wed May 06 02:50:13 +0000 2015,Jazz need to find a back-up big man http://t.co/aQel8bwY9h #UtahJazz #NBA
Wed May 06 02:22:47 +0000 2015,Cavaliers Win Fourth Straight; Pistons Hold Off the Magic| http://t.co/gV9M7IbukN #NBA #UtahJazz
Wed May 06 02:08:10 +0000 2015,#UtahJazz #jazznation #gojazz #forum I've been wrong about labeling Police officers as pigs http://t.co/C18C6jYsVU
Wed May 06 01:47:45 +0000 2015,Northwest Notes :Brooks, Jazz, Wolves| http://t.co/Yx75j30i3P #NBA #UtahJazz
Wed May 06 01:44:29 +0000 2015,#NBA #UtahJazz - Mehmet Okur 2004 Detroit Pistons Burger King Mini Bobblehead, Utah Jaz... http://t.co/2Ad2pA2qcr http://t.co/lQmogZxd9d
Wed May 06 01:14:02 +0000 2015,#NBA #UtahJazz - NBA Utah Jazz Brand New Aminco Lanyard Key Chain Ring ID Ticket Holder... http://t.co/eZPCafUuQ5 http://t.co/lQmogZxd9d
Wed May 06 01:12:46 +0000 2015,#UtahJazz #jazznation #gojazz #forum Following Potential Draftees - 2019 (not kidding) http://t.co/9lklbO2FOP
Wed May 06 01:12:43 +0000 2015,2015-16 National Anthem Auditions| http://t.co/E7E2gWLvhB #NBA #UtahJazz
Wed May 06 01:08:07 +0000 2015,#UtahJazz #jazznation #gojazz #forum SLC Dunk - NBA Draft 2015: Utah Jazz GM Dennis Lindsey finds a way to fin.. http://t.co/kHWnVbZKh7
Wed May 06 01:08:06 +0000 2015,#ESPN #UtahJazz On this day, Utah dominates in postseason win http://t.co/JrX4dsoJBu http://t.co/a5mtzFWf8B
Wed May 06 01:08:05 +0000 2015,#ESPN #UtahJazz Offseason Target: Danny Green http://t.co/iz0feIAFZP http://t.co/a5mtzFWf8B
Wed May 06 01:05:12 +0000 2015,Utah Jazz Summer Vacations - The Downbeat #1617 http://t.co/Da0HqxSlJJ #UtahJazz #NBA
Wed May 06 00:25:11 +0000 2015,5-year-old rings bell, celebrates end of cancer treatments http://t.co/3TZO3SSAJw #UtahJazz #NBA
Wed May 06 00:08:19 +0000 2015,#UtahJazz #jazznation #gojazz #forum Debt http://t.co/i8wywGTwY2
Wed May 06 00:05:10 +0000 2015,Chris Paul returns from injury, lifts Clippers past Spurs, 111-109 in Game 7 http://t.co/mKoNJtHWkq #UtahJazz #NBA
Wed May 06 00:02:39 +0000 2015,And-Ones :Bhamara, Jazz, Brooks| http://t.co/NVtq9nQnui #NBA #UtahJazz
Tue May 05 23:52:32 +0000 2015,RT @hn_bradkieffer: With @markeaton7ft4, He has an amazing story: From 21-year-old car mechanic to 12-year #NBA career with the #UtahJazz h…
Tue May 05 23:45:10 +0000 2015,Golden State Warriors star Stephen Curry wins NBA MVP http://t.co/5IkA3i4l7M #UtahJazz #NBA
Tue May 05 23:36:17 +0000 2015,#UtahJazz #jazznation #gojazz #utah NBA Draft 2015: Utah Jazz GM Dennis Lindsey finds a way to find hidden gems http://t.co/NVdGTWRDd3
Tue May 05 23:35:51 +0000 2015,#NBA #UtahJazz - Adidas Boys Andrei Kirilenko Utah Jazz NBA Basketball Jersey Blue Sz Y... http://t.co/AzdY7DA1R8 http://t.co/k33Sm3q52V
Tue May 05 23:35:51 +0000 2015,#NBA #UtahJazz - ADIDAS NBA UTAH JAZZ MEN GORDON HAYWARD MULTI COLOR TECHSHIFT JERSEY S... http://t.co/BmnxYwmNC0 http://t.co/k33Sm3q52V
Tue May 05 23:35:50 +0000 2015,#NBA #UtahJazz - NBA Chicago Bulls Utah Jazz 1997 Finals National Basketball Vintage T ... http://t.co/bYH8exhIgm http://t.co/k33Sm3q52V
Tue May 05 23:35:50 +0000 2015,#NBA #UtahJazz - NBA Utah Jazz National Basketball Association Fan Gray Adidas T Shirt ... http://t.co/FJ3M8Jy3PZ http://t.co/k33Sm3q52V
Tue May 05 23:35:50 +0000 2015,#NBA #UtahJazz - Adidas Boys Andrei Kirilenko Utah Jazz NBA Basketball Jersey Blue Sz Y... http://t.co/VjCgHPkwuK http://t.co/lQmogZxd9d
Tue May 05 23:35:49 +0000 2015,#NBA #UtahJazz - John Stockton Stitched Throwback White Utah Jazz Jersey #12 Sz. M:  $4... http://t.co/FgjtOT4XRP http://t.co/k33Sm3q52V
