Wed May 06 16:27:44 +0000 2015,RT @NBAMemes: John Wall vs. Mike Conley!//#Wizards​ #Grizzlies http://t.co/aU78QEROLg
Wed May 06 16:25:15 +0000 2015,RT @JoeFloccari: #WashingtonWizards don't play like #Wizards... They play like #Muggles #TrueToAtlanta #HAWKSvWIZARDS #HarryPotter @ATLHawk…
Wed May 06 16:25:07 +0000 2015,Central Notes :Thompson, Griffin, Gibson http://t.co/uKtILMAPqa #Wizards #NBA
Wed May 06 16:24:21 +0000 2015,RT @Hooligan_nba: Korver enchufando un triple en la cara de Beal #Hawks #Wizards #PlayOffs http://t.co/LCFFUiuxQa
Wed May 06 16:20:54 +0000 2015,Top 5 NBA Plays: May 5th...WATCH NOW: http://t.co/p656RdGCmK #ESPN #NBA #SPORTSCENTER #CAVS #WARRIORS #HAWKS #WIZARDS http://t.co/sgCqoxj5Ds
Wed May 06 16:20:29 +0000 2015,Top 5 NBA Plays: May 5th...WATCH NOW: http://t.co/p656RdGCmK #ESPN #NBA #SPORTSCENTER #CAVS #WARRIORS #HAWKS #WIZARDS
Wed May 06 16:19:11 +0000 2015,RT @NBAMemes: John Wall vs. Mike Conley!//#Wizards​ #Grizzlies http://t.co/aU78QEROLg
Wed May 06 16:18:02 +0000 2015,GAME 5 #HAWKS VS #WIZARDS NEXT #WEDNESDAY!!!!!! 2 MIDDLE #SIDELINES ON SALE FOR ONLY $75… https://t.co/eUw8ZixCYj
Wed May 06 16:12:27 +0000 2015,RT @Gazzetta_it: #Nba, #Wizards, no Wall no party: #Atlanta vince 106-90 e fa 1-1 http://t.co/YSDPA25n8w #basket
Wed May 06 16:12:19 +0000 2015,RT @FanDuel: Everybody has their fears. One of Al Horford’s is missed free-throws. https://t.co/Ib17YrbIUH//#ATLHawks #Wizards//https://t.c…
Wed May 06 16:12:17 +0000 2015,RT @Gazzetta_it: VIDEO #NBA Top5: #RamonSessions, il buca-difesa #Wizards http://t.co/WH5EyymEDe   #NBA
Wed May 06 16:08:51 +0000 2015,RT @otgbasketball: Are the Wizards a Contender? - By @marquelaries http://t.co/47L89g0LWK #NBA #Wizards http://t.co/tp36dY9QDl
Wed May 06 16:08:09 +0000 2015,RT @WashWizards: #Wizards Inactives presented by @MedStarHealth: //John Wall/DeJuan Blair //#WizHawks
Wed May 06 16:07:05 +0000 2015,Sigh, #SoWizards @BulletsForever RT "@jorgeccastillo W/o John Wall, #Wizards’ hands are tied. From @MrMichaelLee: http://t.co/U4zX6A1jNz"
Wed May 06 16:06:42 +0000 2015,RT @FanDuel: Everybody has their fears. One of Al Horford’s is missed free-throws. https://t.co/Ib17YrbIUH//#ATLHawks #Wizards//https://t.c…
Wed May 06 16:06:30 +0000 2015,RT @WashWizards: #WizHawks Recap: #Wizards miss Wall as Hawks even series http://t.co/S0m0ocHEuY http://t.co/qK9RtpJYRb
Wed May 06 16:06:15 +0000 2015,RT @BBallSociety_: LAST NIGHT: #Hawks grabbed a 106-90 G2 win over the Wall-less #Wizards behind DeMarre Carroll’s 22 pts &amp; 6 rebs. http://…
Wed May 06 16:05:47 +0000 2015,RT @WashWizards: #WizHawks Recap: #Wizards miss Wall as Hawks even series http://t.co/S0m0ocHEuY http://t.co/qK9RtpJYRb
Wed May 06 16:04:25 +0000 2015,How the Hawks Can Fly Past the Wizards-  http://t.co/0oE7G3BXG5  #NBA #NBAPlayoffs #Hawks #Wizards http://t.co/DYwb9meaul
Wed May 06 16:02:35 +0000 2015,Are the Wizards a Contender? - By @marquelaries http://t.co/47L89g0LWK #NBA #Wizards http://t.co/tp36dY9QDl
Wed May 06 16:01:59 +0000 2015,RT @topWWizards: 2014/15 D-League Usage Report :Grizzlies http://t.co/uduffyfc6T #Wizards #NBA
Wed May 06 16:01:10 +0000 2015,#Wizards: A Missed Opportunity In Game 2 And What Lies Ahead In Game 3 http://t.co/RYvpklQsYo
Wed May 06 16:00:06 +0000 2015,2014/15 D-League Usage Report :Grizzlies http://t.co/uduffyfc6T #Wizards #NBA
Wed May 06 15:59:48 +0000 2015,#NBA #Wizards - NBA WASHINGTON WIZARDS WOOMER JERSEY SIZE MENS MEDIUM:  $12.99End Date:... http://t.co/y4AXWzIb83 http://t.co/k33Sm3HFUt
Wed May 06 15:59:07 +0000 2015,RT @WashWizards: Final from Atlanta, //#Wizards 90 - #Hawks 106//Sessions 21p/Beal 20p/Pierce 15p/Porter 15p/Gortat 10p-9r//#WizHawks http:…
Wed May 06 15:58:48 +0000 2015,RT @FanDuel: Everybody has their fears. One of Al Horford’s is missed free-throws. https://t.co/Ib17YrbIUH//#ATLHawks #Wizards//https://t.c…
Wed May 06 15:58:36 +0000 2015,#Wizards not satisfied with competitive loss without #JohnWall http://t.co/7RVrJPfIae #NBAPlayoffs
Wed May 06 15:58:25 +0000 2015,RT @WashWizards: #WizHawks Recap: #Wizards miss Wall as Hawks even series http://t.co/S0m0ocHEuY http://t.co/qK9RtpJYRb
Wed May 06 15:57:30 +0000 2015,RT @FanDuel: Everybody has their fears. One of Al Horford’s is missed free-throws. https://t.co/Ib17YrbIUH//#ATLHawks #Wizards//https://t.c…
Wed May 06 15:56:06 +0000 2015,RT @brandoncparker: Playing without injured All-Star John Wall, the #Wizards lost Game 2 to Hawks. Here's how it happened: http://t.co/wnFx…
Wed May 06 15:55:10 +0000 2015,RT @FanDuel: Everybody has their fears. One of Al Horford’s is missed free-throws. https://t.co/Ib17YrbIUH//#ATLHawks #Wizards//https://t.c…
Wed May 06 15:53:06 +0000 2015,RT @MrMichaelLee: If John Wall doesn't play, it's something serious. If he doesn't come back soon, it's a serious problem for #wizards: htt…
Wed May 06 15:50:13 +0000 2015,RT @FanDuel: Everybody has their fears. One of Al Horford’s is missed free-throws. https://t.co/Ib17YrbIUH//#ATLHawks #Wizards//https://t.c…
Wed May 06 15:47:56 +0000 2015,RT @brandoncparker: Playing without injured All-Star John Wall, the #Wizards lost Game 2 to Hawks. Here's how it happened: http://t.co/wnFx…
Wed May 06 15:47:41 +0000 2015,RT @jorgeccastillo: The #Wizards weren't satisfied with a competitive loss without John Wall: http://t.co/dXOqq798ux
Wed May 06 15:46:05 +0000 2015,RT @Jsilbe3: John Wall's absence in Game 2 of the #Wizards' conference semifinal round loss was too much for the team to  overcome http://t…
Wed May 06 15:46:02 +0000 2015,Waiting on inevitable "@JohnWall is out for the remainder of playoffs" tweet from @jorgeccastillo @daldridgetnt @MrMichaelLee #Wizards #sigh
Wed May 06 15:45:49 +0000 2015,John Wall's absence in Game 2 of the #Wizards' conference semifinal round loss was too much for the team to  overcome http://t.co/TezT6ErZN6
Wed May 06 15:45:38 +0000 2015,RT @adammcginnis: John Wall's wrist in pre-game #Wizards http://t.co/Ll9kDu3MRb
Wed May 06 15:45:24 +0000 2015,Without John Wall, the #Wizards’ hands are tied. From @MrMichaelLee: http://t.co/41EkpGtPW6
Wed May 06 15:43:05 +0000 2015,RT @wizardswire: #Wizards Tweets: #WizWednesday will be at @IntlSpyMuseum today from 12-2pm! The @WizardGirlsNBA and… #NBA http://t.co/ztpV…
Wed May 06 15:41:11 +0000 2015,The #Wizards weren't satisfied with a competitive loss without John Wall: http://t.co/dXOqq798ux
Wed May 06 15:41:11 +0000 2015,RT @mistanoplay: Yes after re watching game 1 the #Wizards only won the game cause we missed shots....they didnt STOP us from scoring We di…
Wed May 06 15:40:53 +0000 2015,RT @mistanoplay: Yes after re watching game 1 the #Wizards only won the game cause we missed shots....they didnt STOP us from scoring We di…
Wed May 06 15:39:06 +0000 2015,RT @LifestyleOnline: Enjoy being #Wizards on Wedsツ@Bluenscottish @Ranal55 @WiseInsGroup @wadestanford @DickTaylor @10MillionMiler @pattykog…
Wed May 06 15:38:17 +0000 2015,RT @FanDuel: Everybody has their fears. One of Al Horford’s is missed free-throws. https://t.co/Ib17YrbIUH//#ATLHawks #Wizards//https://t.c…
Wed May 06 15:37:54 +0000 2015,RT @FanDuel: Everybody has their fears. One of Al Horford’s is missed free-throws. https://t.co/Ib17YrbIUH//#ATLHawks #Wizards//https://t.c…
Wed May 06 15:37:48 +0000 2015,RT @Hooligan_nba: Paul Pierce #Wizards #PlayOffs http://t.co/G3w7NAI699
Wed May 06 15:37:28 +0000 2015,#Wizards on Wedsツ@withwish_taka @alphabetsuccess @EasyWorldNews @ramlightgarden @Chartercatamara @PhuketDailyNews http://t.co/a5N4zI139c
Wed May 06 15:37:12 +0000 2015,#Wizards #Washington #WashingtonWizards Wizards vs. Hawks Game 2: The BF Community Roll Call http://t.co/QxniSorClC
Wed May 06 15:37:11 +0000 2015,#Wizards #Washington Wizards' Paul Pierce levels Hawks' Jeff Teague with hard foul in Game 2 (VIDEO) http://t.co/kz3CS7AdMy
Wed May 06 15:36:50 +0000 2015,RT @LifestyleOnline: Enjoy being #Wizards on Wedsツ@Bluenscottish @Ranal55 @WiseInsGroup @wadestanford @DickTaylor @10MillionMiler @pattykog…
Wed May 06 15:35:48 +0000 2015,Here is what @TedLeonsis looks like if he goes bald for Finals. #Wizards #Capitals http://t.co/dWwHySBWTY
Wed May 06 15:35:07 +0000 2015,RT @mistanoplay: Yes after re watching game 1 the #Wizards only won the game cause we missed shots....they didnt STOP us from scoring We di…
Wed May 06 15:35:03 +0000 2015,Western Notes :Pelicans, Curry, Batum http://t.co/XQiwTlmzMt #Wizards #NBA
Wed May 06 15:34:28 +0000 2015,RT @NHLexpertpicks: #Caps and #Wizards owner Ted Leonsis says he will shave his head bald if both teams make it to the finals. http://t.co/…
Wed May 06 15:34:11 +0000 2015,#Wizards Tweets: #WizWednesday will be at @IntlSpyMuseum today from 12-2pm! The @WizardGirlsNBA and… #NBA http://t.co/ztpVn6h90l
Wed May 06 15:33:46 +0000 2015,RT @Wizards__Nation: The Washington Wizards' backcourt has had no problem without John Wall. #Wizards http://t.co/iDPnnOKJjW
Wed May 06 15:33:31 +0000 2015,RT @FanDuel: Everybody has their fears. One of Al Horford’s is missed free-throws. https://t.co/Ib17YrbIUH//#ATLHawks #Wizards//https://t.c…
Wed May 06 15:33:16 +0000 2015,RT @FanDuel: Everybody has their fears. One of Al Horford’s is missed free-throws. https://t.co/Ib17YrbIUH//#ATLHawks #Wizards//https://t.c…
Wed May 06 15:32:34 +0000 2015,Enjoy being #Wizards on Wedsツ @Easy_Branches @RebelMouse http://t.co/Ij6CEoUpbg
Wed May 06 15:32:32 +0000 2015,RT @Hooligan_nba: John Wall desprendiendo clase dentro y fuera de la cancha #Wizards #PlayOffs http://t.co/cZomztedxk
Wed May 06 15:32:22 +0000 2015,RT @sexyselfieshot: John Wall vs. Mike Conley! #Wizards​ #Grizzlies - http://t.co/81ppsjlx99 http://t.co/FmtAC1rBj3
Wed May 06 15:31:56 +0000 2015,Enjoy being #Wizards on Wedsツ @JABoothView @ClareEvans @nikkijfox http://t.co/QxINke79NW
Wed May 06 15:31:12 +0000 2015,RT @NHLexpertpicks: #Caps and #Wizards owner Ted Leonsis says he will shave his head bald if both teams make it to the finals. http://t.co/…
Wed May 06 15:30:48 +0000 2015,RT @BBallHaikuADay: #Wizards hit the Wall/Mike Conley knows how to ball/Series tied one-all//#Grizzlies http://t.co/0S8BuLYKnm
Wed May 06 15:30:47 +0000 2015,RT @FanDuel: Everybody has their fears. One of Al Horford’s is missed free-throws. https://t.co/Ib17YrbIUH//#ATLHawks #Wizards//https://t.c…
Wed May 06 15:30:35 +0000 2015,Enjoy being #Wizards on Wedsツ@Bluenscottish @Ranal55 @WiseInsGroup @wadestanford @DickTaylor @10MillionMiler @pattykogutek @colinscrumley
Wed May 06 15:30:19 +0000 2015,Everybody has their fears. One of Al Horford’s is missed free-throws. https://t.co/Ib17YrbIUH//#ATLHawks #Wizards//https://t.co/lHPD3hFIpm
Wed May 06 15:29:32 +0000 2015,RT @WashWizards: #WizHawks Recap: #Wizards miss Wall as Hawks even series http://t.co/S0m0ocHEuY http://t.co/qK9RtpJYRb
Wed May 06 15:29:24 +0000 2015,RT @MrMichaelLee: If John Wall doesn't play, it's something serious. If he doesn't come back soon, it's a serious problem for #wizards: htt…
Wed May 06 15:29:15 +0000 2015,#Wizards need Ramon #Sessions 2 do more than score in John Wall’s absence #Atlanta #Beal #Sessions #Wizards http://www.washingtonpis...
Wed May 06 15:29:13 +0000 2015,John Wall desprendiendo clase dentro y fuera de la cancha #Wizards #PlayOffs http://t.co/cZomztedxk
Wed May 06 15:29:11 +0000 2015,Wrist 2 keep Wall out? #DavidAldridge #JohnWall #RamonSessions #WASHINGTON #Wizards http://t.co/vMtLd6WatB
Wed May 06 15:29:10 +0000 2015,Wrist 2 keep Wall out? #ball #DavidAldridge #RamonSessions #reporters #Wizards http://t.co/jdUImLrYWQ
Wed May 06 15:28:50 +0000 2015,#Wizards hit the Wall/Mike Conley knows how to ball/Series tied one-all//#Grizzlies http://t.co/0S8BuLYKnm
Wed May 06 15:28:23 +0000 2015,Despite several guys stepping up for the #Wizards last night in Game 2, one fact remains: NO John Wall, MO' PROBLEMS. http://t.co/2K6qXrcpPv
Wed May 06 15:28:16 +0000 2015,RT @Hooligan_nba: Korver enchufando un triple en la cara de Beal #Hawks #Wizards #PlayOffs http://t.co/LCFFUiuxQa
Wed May 06 15:27:18 +0000 2015,RT @NHLexpertpicks: #Caps and #Wizards owner Ted Leonsis says he will shave his head bald if both teams make it to the finals. http://t.co/…
Wed May 06 15:25:57 +0000 2015,Paul Pierce #Wizards #PlayOffs http://t.co/G3w7NAI699
Wed May 06 15:25:40 +0000 2015,RT @MonumentalNtwrk: It’s #WizWednesday! Meet @WizGameEnt at noon @IntlSpyMuseum for some awesome #Wizards gear! See you there! #dcRising h…
Wed May 06 15:25:12 +0000 2015,RT @Hooligan_nba: Korver enchufando un triple en la cara de Beal #Hawks #Wizards #PlayOffs http://t.co/LCFFUiuxQa
Wed May 06 15:24:31 +0000 2015,Korver enchufando un triple en la cara de Beal #Hawks #Wizards #PlayOffs http://t.co/LCFFUiuxQa
Wed May 06 15:22:17 +0000 2015,Ramon Sessions vs. Jeff Teague #Wizards #Hawks #PlayOffs http://t.co/Hov4eEvPy4
Wed May 06 15:22:01 +0000 2015,The #Hawks beat the #Wizards 106-90; DeMarre Carroll had 22 points and 6 rebounds for Atlanta in the win over WSH. #NBAPlayoffs 🏀
Wed May 06 15:21:05 +0000 2015,Nene Hilario vs. DeMarre Carroll #Wizards #Hawks #PlayOffs http://t.co/6RTVTiLU52
Wed May 06 15:20:28 +0000 2015,John Wall vs. Mike Conley! #Wizards​ #Grizzlies - http://t.co/81ppsjlx99 http://t.co/FmtAC1rBj3
Wed May 06 15:20:26 +0000 2015,John Wall vs. Mike Conley! #Wizards​ #Grizzlies - http://t.co/EFAGqX0LRL http://t.co/nlNtGVejmO
Wed May 06 15:20:24 +0000 2015,John Wall vs. Mike Conley! #Wizards​ #Grizzlies - http://t.co/EMltpzKuno http://t.co/JYKrdHuU6F
Wed May 06 15:20:22 +0000 2015,John Wall vs. Mike Conley! #Wizards​ #Grizzlies - http://t.co/ZMm6gHQUI7 http://t.co/XQaMFDLvlL
Wed May 06 15:20:21 +0000 2015,John Wall vs. Mike Conley! #Wizards​ #Grizzlies - http://t.co/iURcWatNt2 http://t.co/DfjuIwz0pC
Wed May 06 15:20:11 +0000 2015,Looks like the wicked witch is on her bike in the clouds lol #Oz #Wizards #Warlocks… https://t.co/QUs9YZLctj
Wed May 06 15:20:07 +0000 2015,RT @Broom_Kevin: @noodles1067 Yep, Nenê is having a really effective game for the #Hawks. #Wizards
Wed May 06 15:17:42 +0000 2015,RT @OwnersBoxNBA: #NBA #Wizards/John Wall (wrist) is questionable for Saturday's game vs Atlanta./@John_Wall
Wed May 06 15:15:49 +0000 2015,RT @NHLexpertpicks: #Caps and #Wizards owner Ted Leonsis says he will shave his head bald if both teams make it to the finals. http://t.co/…
Wed May 06 15:15:09 +0000 2015,RT @NHLexpertpicks: #Caps and #Wizards owner Ted Leonsis says he will shave his head bald if both teams make it to the finals. http://t.co/…
Wed May 06 15:11:49 +0000 2015,RT @NBAMemes: John Wall vs. Mike Conley!//#Wizards​ #Grizzlies http://t.co/aU78QEROLg
Wed May 06 15:09:58 +0000 2015,#NBA Resultados de ayer #Semifinales:/#Wizards 90 #Hawks 106/#Grizzlies 97 #Warriors 90
Wed May 06 15:09:45 +0000 2015,Resultados #NBAPlayoffs /#Grizzlies 97 -90 #Warrios /#Hawks 106-90 #Wizards
Wed May 06 15:09:17 +0000 2015,¿Dos años más de Pierce en #Wizards? http://t.co/Fn4utv63SK/Le queda uno, pero puede renunciar. Knock, knock ¿Boston? http://t.co/GRuEAJFWTQ
